stage,canonical_account_id,amount_type,component,our_observation_id,our_amount,other_amount,other_pdf_page,result
Enacted,ACC-HHS-ACF-CCDBG,budget authority,,OBS-LHHS-2853,5826000000,5826000000,257,agree
Enacted,ACC-HHS-ACF-CFSP,budget authority,,OBS-LHHS-2854,12876652000,12876652000,257,agree
Enacted,ACC-HHS-ACF-CHILD-SUPPORT,budget authority,,OBS-LHHS-2855,4290000000,4290000000,256,agree
Enacted,ACC-HHS-ACF-FOSTER-CARE,budget authority,,OBS-LHHS-2856,8744000000,8744000000,258,agree
Enacted,ACC-HHS-ACF-HEAD-START,budget authority,,OBS-LHHS-2857,10613095000,10613095000,257,agree
Enacted,ACC-HHS-ACF-LIHEAP,budget authority,,OBS-LHHS-2858,3740304000,3740304000,256,agree
Enacted,ACC-HHS-ACF-PSSF,budget authority,,OBS-LHHS-2859,437515000,437515000,257,agree
Enacted,ACC-HHS-ACF-REFUGEE,budget authority,,OBS-LHHS-2860,1908201000,1908201000,256,agree
Enacted,ACC-HHS-ACF-SSBG,budget authority,,OBS-LHHS-2861,1700000000,1700000000,257,agree
Enacted,ACC-HHS-ACF-TOTAL,budget authority,,OBS-LHHS-2862,39522672000,39522672000,258,agree
Enacted,ACC-HHS-ACF-TOTAL,budget authority,program_level,OBS-LHHS-2863,39522672000,,,not printed
Enacted,ACC-HHS-ACL-TOTAL,budget authority,,OBS-LHHS-2864,2223115000,2223115000,260,agree
Enacted,ACC-HHS-ACL-TOTAL,budget authority,program_level,OBS-LHHS-2865,2250815000,,,not printed
Enacted,ACC-HHS-AHRQ-TOTAL,budget authority,,OBS-LHHS-2866,338000000,338000000,254,agree
Enacted,ACC-HHS-AHRQ-TOTAL,budget authority,program_level,OBS-LHHS-2867,338000000,338000000,254,agree
Enacted,ACC-HHS-CDC-BIRTH-DEFECTS,budget authority,,OBS-LHHS-2868,160810000,160810000,247,agree
Enacted,ACC-HHS-CDC-BUILDINGS-FACILITIES,budget authority,,OBS-LHHS-2869,25000000,25000000,248,agree
Enacted,ACC-HHS-CDC-CHRONIC-DISEASE,budget authority,,OBS-LHHS-2870,984964000,984964000,247,agree
Enacted,ACC-HHS-CDC-EEOICP,budget authority,,OBS-LHHS-2871,55358000,55358000,248,agree
Enacted,ACC-HHS-CDC-EMERGING-ZOONOTIC,budget authority,,OBS-LHHS-2872,570372000,570372000,247,agree
Enacted,ACC-HHS-CDC-ENVIRONMENTAL-HEALTH,budget authority,,OBS-LHHS-2873,196850000,196850000,247,agree
Enacted,ACC-HHS-CDC-GLOBAL-HEALTH,budget authority,,OBS-LHHS-2874,570843000,570843000,248,agree
Enacted,ACC-HHS-CDC-HIV-HEPATITIS-STD-TB,budget authority,,OBS-LHHS-2875,1273556000,1273556000,247,agree
Enacted,ACC-HHS-CDC-IMMUNIZATION,budget authority,,OBS-LHHS-2876,433105000,433105000,247,agree
Enacted,ACC-HHS-CDC-INJURY-PREVENTION,budget authority,,OBS-LHHS-2877,677379000,677379000,248,agree
Enacted,ACC-HHS-CDC-NIOSH,budget authority,,OBS-LHHS-2878,342800000,342800000,248,agree
Enacted,ACC-HHS-CDC-PREPAREDNESS,budget authority,,OBS-LHHS-2879,850200000,850200000,248,agree
Enacted,ACC-HHS-CDC-PROGRAM-SUPPORT,budget authority,,OBS-LHHS-2880,198570000,198570000,248,agree
Enacted,ACC-HHS-CDC-SCIENTIFIC-SERVICES,budget authority,,OBS-LHHS-2881,555497000,555497000,247,agree
Enacted,ACC-HHS-CDC-TOTAL,budget authority,,OBS-LHHS-2882,6895304000,6895304000,248,agree
Enacted,ACC-HHS-CDC-TOTAL,budget authority,program_level,OBS-LHHS-2883,7974554000,,,not printed
Enacted,ACC-HHS-CMS-HCFAC,budget authority,,OBS-LHHS-2884,786000000,786000000,255,agree
Enacted,ACC-HHS-CMS-MEDICAID,advance,,OBS-LHHS-2886,139903075000,139903075000,254,agree
Enacted,ACC-HHS-CMS-MEDICAID,budget authority,,OBS-LHHS-2885,273188478000,,,derived
Enacted,ACC-HHS-CMS-MEDICAID,budget authority,appropriated_in_this_bill,OBS-LHHS-2888,413091553000,413091553000,254,agree
Enacted,ACC-HHS-CMS-MEDICAID,budget authority,program_level_available_this_fiscal_year,OBS-LHHS-2889,411120275000,,,not printed
Enacted,ACC-HHS-CMS-MEDICAID,prior_year_advance,,OBS-LHHS-2887,-137931797000,-137931797000,254,agree
Enacted,ACC-HHS-CMS-PROGRAM-MANAGEMENT,budget authority,,OBS-LHHS-2890,3669744000,3669744000,255,agree
Enacted,ACC-HHS-CMS-TOTAL,budget authority,,OBS-LHHS-2891,828343397000,828343397000,255,agree
Enacted,ACC-HHS-CMS-TRUST-FUND-PAYMENTS,budget authority,,OBS-LHHS-2892,410796100000,410796100000,255,agree
Enacted,ACC-HHS-HRSA-FAMILY-PLANNING,budget authority,,OBS-LHHS-2893,286479000,286479000,246,agree
Enacted,ACC-HHS-HRSA-HEALTH-CENTERS,budget authority,,OBS-LHHS-2894,1625522000,1625522000,243,agree
Enacted,ACC-HHS-HRSA-HEALTH-SYSTEMS,budget authority,,OBS-LHHS-2895,123593000,123593000,245,agree
Enacted,ACC-HHS-HRSA-HEALTH-WORKFORCE,budget authority,,OBS-LHHS-2896,1194506000,1194506000,244,agree
Enacted,ACC-HHS-HRSA-MCH,budget authority,,OBS-LHHS-2897,943784000,943784000,245,agree
Enacted,ACC-HHS-HRSA-PRIMARY-CARE,budget authority,,OBS-LHHS-2898,1626522000,1626522000,243,agree
Enacted,ACC-HHS-HRSA-PROGRAM-SUPPORT,budget authority,,OBS-LHHS-2899,155300000,155300000,246,agree
Enacted,ACC-HHS-HRSA-RURAL-HEALTH,budget authority,,OBS-LHHS-2900,318294000,318294000,246,agree
Enacted,ACC-HHS-HRSA-RYAN-WHITE,budget authority,,OBS-LHHS-2901,2388781000,2388781000,245,agree
Enacted,ACC-HHS-HRSA-TOTAL,budget authority,,OBS-LHHS-2902,7333059000,7333059000,246,agree
Enacted,ACC-HHS-HRSA-VICTF,budget authority,,OBS-LHHS-2903,295800000,295800000,246,agree
Enacted,ACC-HHS-NIH-BUILDINGS-FACILITIES,budget authority,,OBS-LHHS-2904,200000000,200000000,251,agree
Enacted,ACC-HHS-NIH-CURES,budget authority,,OBS-LHHS-2905,492000000,492000000,263,agree
Enacted,ACC-HHS-NIH-FIC,budget authority,,OBS-LHHS-2906,80760000,80827000,251,differ
Enacted,ACC-HHS-NIH-NCATS,budget authority,,OBS-LHHS-2907,832888000,832888000,251,agree
Enacted,ACC-HHS-NIH-NCCIH,budget authority,,OBS-LHHS-2908,151740000,151877000,251,differ
Enacted,ACC-HHS-NIH-NCI,budget authority,,OBS-LHHS-2909,6245442000,6245438000,249,differ
Enacted,ACC-HHS-NIH-NEI,budget authority,,OBS-LHHS-2910,824090000,823325000,249,differ
Enacted,ACC-HHS-NIH-NHGRI,budget authority,,OBS-LHHS-2911,606349000,604118000,251,differ
Enacted,ACC-HHS-NIH-NHLBI,budget authority,,OBS-LHHS-2912,3624258000,3625258000,249,differ
Enacted,ACC-HHS-NIH-NIA,budget authority,,OBS-LHHS-2913,3543673000,3545869000,250,differ
Enacted,ACC-HHS-NIH-NIAAA,budget authority,,OBS-LHHS-2914,545373000,546696000,250,differ
Enacted,ACC-HHS-NIH-NIAID,budget authority,,OBS-LHHS-2915,5885470000,5876195000,249,differ
Enacted,ACC-HHS-NIH-NIAMS,budget authority,,OBS-LHHS-2916,624889000,624889000,250,agree
Enacted,ACC-HHS-NIH-NIBIB,budget authority,,OBS-LHHS-2917,403638000,404638000,251,differ
Enacted,ACC-HHS-NIH-NICHD,budget authority,,OBS-LHHS-2918,1556879000,1556909000,249,differ
Enacted,ACC-HHS-NIH-NIDA,budget authority,,OBS-LHHS-2919,1462016000,1457724000,250,differ
Enacted,ACC-HHS-NIH-NIDCD,budget authority,,OBS-LHHS-2920,490692000,490692000,250,agree
Enacted,ACC-HHS-NIH-NIDCR,budget authority,,OBS-LHHS-2921,477429000,477679000,249,differ
Enacted,ACC-HHS-NIH-NIDDK,budget authority,,OBS-LHHS-2922,2114314000,2115146000,249,differ
Enacted,ACC-HHS-NIH-NIEHS,budget authority,,OBS-LHHS-2923,802598000,802598000,250,agree
Enacted,ACC-HHS-NIH-NIGMS,budget authority,,OBS-LHHS-2924,1706397000,1706397000,249,agree
Enacted,ACC-HHS-NIH-NIMH,budget authority,,OBS-LHHS-2925,1968374000,1972966000,250,differ
Enacted,ACC-HHS-NIH-NIMHD,budget authority,,OBS-LHHS-2926,335812000,335812000,251,agree
Enacted,ACC-HHS-NIH-NINDS,budget authority,,OBS-LHHS-2927,2374687000,2376577000,249,differ
Enacted,ACC-HHS-NIH-NINR,budget authority,,OBS-LHHS-2928,169113000,172363000,250,differ
Enacted,ACC-HHS-NIH-NLM,budget authority,,OBS-LHHS-2929,456911000,456911000,251,agree
Enacted,ACC-HHS-NIH-OD,budget authority,,OBS-LHHS-2930,2252387000,2252387000,251,agree
Enacted,ACC-HHS-NIH-OD,budget authority,kids_first,OBS-LHHS-2931,12600000,12600000,251,agree
Enacted,ACC-HHS-NIH-TOTAL,budget authority,,OBS-LHHS-2932,40228179000,40228179000,251,agree
Enacted,ACC-HHS-NIH-TOTAL,budget authority,program_level,OBS-LHHS-2933,41459000000,,,not printed
Enacted,ACC-HHS-OS-COMMISSIONED-OFFICERS,budget authority,,OBS-LHHS-2934,623591000,623591000,261,agree
Enacted,ACC-HHS-OS-GDM,budget authority,,OBS-LHHS-2935,479629000,479629000,260,agree
Enacted,ACC-HHS-OS-OCR,budget authority,,OBS-LHHS-2936,38798000,38798000,261,agree
Enacted,ACC-HHS-OS-OIG,budget authority,,OBS-LHHS-2937,80000000,80000000,261,agree
Enacted,ACC-HHS-OS-OMHA,budget authority,,OBS-LHHS-2938,191881000,191881000,261,agree
Enacted,ACC-HHS-OS-ONC,budget authority,,OBS-LHHS-2939,60367000,60367000,261,agree
Enacted,ACC-HHS-OS-PHSSEF,budget authority,,OBS-LHHS-2940,2737458000,2737458000,262,agree
Enacted,ACC-HHS-OS-TOTAL,budget authority,,OBS-LHHS-2941,4211724000,4211724000,262,agree
Enacted,ACC-HHS-OS-TOTAL,budget authority,program_level,OBS-LHHS-2942,4276552000,4276552000,262,agree
Enacted,ACC-HHS-SAMHSA-MENTAL-HEALTH,budget authority,,OBS-LHHS-2943,1644974000,1642974000,252,differ
Enacted,ACC-HHS-SAMHSA-PREVENTION,budget authority,,OBS-LHHS-2944,206469000,206469000,253,agree
Enacted,ACC-HHS-SAMHSA-PROGRAM-SUPPORT,budget authority,,OBS-LHHS-2945,128830000,128830000,253,agree
Enacted,ACC-HHS-SAMHSA-TOTAL,budget authority,,OBS-LHHS-2946,5736829000,5736829000,253,agree
Enacted,ACC-HHS-SAMHSA-TOTAL,budget authority,program_level,OBS-LHHS-2947,5882496000,5882496000,253,agree
Enacted,ACC-HHS-SAMHSA-TREATMENT,budget authority,,OBS-LHHS-2948,3756556000,3758556000,253,differ
Enacted,ACC-HHS-TITLE-II-TOTAL,budget authority,,OBS-LHHS-2949,934832279000,934832279000,263,agree
