stage,canonical_account_id,amount_type,component,result,amount,pdf_page,printed
House Reported,ACC-HHS-ACF-CCDBG,budget authority,,found,5926000000,416,Payments to States for the Child Care and Development Block Grant
House Reported,ACC-HHS-ACF-CFSP,budget authority,,found,13098181000,417,"Total, Children and Families Services Programs"
House Reported,ACC-HHS-ACF-CHILD-SUPPORT,budget authority,,found,4439000000,415,"Total, Family Support Payments, available in this bill"
House Reported,ACC-HHS-ACF-FOSTER-CARE,budget authority,,found,10011537000,418,"Total, Payments to States, available in this bill"
House Reported,ACC-HHS-ACF-HEAD-START,budget authority,,found,10763095000,416,Head Start
House Reported,ACC-HHS-ACF-LIHEAP,budget authority,,found,3765304000,415,Formula Grants
House Reported,ACC-HHS-ACF-PSSF,budget authority,,found,404765000,418,"Total, Promoting Safe and Stable Families"
House Reported,ACC-HHS-ACF-REFUGEE,budget authority,,found,1911201000,416,"Total, Refugee and Entrant Assistance"
House Reported,ACC-HHS-ACF-SSBG,budget authority,,found,1700000000,416,Social Services Block Grant (Title XX)
House Reported,ACC-HHS-ACF-SSBG,budget authority,chamber_proposal,not printed,,,
House Reported,ACC-HHS-ACF-TOTAL,budget authority,,found,41255988000,418,"Total, Administration for Children and Familiies"
House Reported,ACC-HHS-ACF-TOTAL,budget authority,discretionary,not printed,,,
House Reported,ACC-HHS-ACF-TOTAL,budget authority,excluding_emergencies,not printed,,,
House Reported,ACC-HHS-ACF-TOTAL,budget authority,program_level,found,41255988000,418,"Total, ACF Program Level"
House Reported,ACC-HHS-ACL-TOTAL,budget authority,,found,2279505000,421,"Total, Administration for Community Living"
House Reported,ACC-HHS-ACL-TOTAL,budget authority,program_level,found,2307205000,421,"Total, ACL program level"
House Reported,ACC-HHS-AHA-TOTAL,budget authority,,not printed,,,
House Reported,ACC-HHS-AHA-TOTAL,budget authority,program_level,not printed,,,
House Reported,ACC-HHS-AHRQ-TOTAL,budget authority,,found,143091000,412,Federal funds 3/
House Reported,ACC-HHS-AHRQ-TOTAL,budget authority,program_level,found,343000000,412,"Total, AHRQ Program Level 3/"
House Reported,ACC-HHS-ASPR-OPER,budget authority,,not printed,,,
House Reported,ACC-HHS-ASPR-RDP,budget authority,,not printed,,,
House Reported,ACC-HHS-ASPR-TOTAL,budget authority,,not printed,,,
House Reported,ACC-HHS-CDC-BIRTH-DEFECTS,budget authority,,found,162810000,399,"Birth Defects, Developmental Disabilities, Disabilities and Health"
House Reported,ACC-HHS-CDC-BUILDINGS-FACILITIES,budget authority,,found,30000000,400,Buildings and Facilities
House Reported,ACC-HHS-CDC-CHRONIC-DISEASE,budget authority,,found,1049564000,399,Chronic Disease Prevention and Health Promotion
House Reported,ACC-HHS-CDC-EEOICP,budget authority,,found,55358000,400,Energy Employees Occupational Illness Compensation Program
House Reported,ACC-HHS-CDC-EMERGING-ZOONOTIC,budget authority,,found,593972000,399,Emerging and Zoonotic Infectious Diseases
House Reported,ACC-HHS-CDC-ENVIRONMENTAL-HEALTH,budget authority,,found,219850000,400,Environmental Health
House Reported,ACC-HHS-CDC-GLOBAL-HEALTH,budget authority,,found,572843000,400,Global Health
House Reported,ACC-HHS-CDC-HIV-HEPATITIS-STD-TB,budget authority,,found,1287556000,398,"HIV/AIDS, Viral Hepatitis, Sexually Transmitted Diseases, and Tuberculosis Prevention"
House Reported,ACC-HHS-CDC-IMMUNIZATION,budget authority,,found,469705000,398,Immunization and Respiratory Diseases
House Reported,ACC-HHS-CDC-INJURY-PREVENTION,budget authority,,found,694879000,400,Injury Prevention and Control
House Reported,ACC-HHS-CDC-NIOSH,budget authority,,found,344700000,400,National Institute for Occupational Safety and Health.
House Reported,ACC-HHS-CDC-PREPAREDNESS,budget authority,,found,852200000,400,Public Health Preparedness and Response
House Reported,ACC-HHS-CDC-PROGRAM-SUPPORT,budget authority,,not printed,,,
House Reported,ACC-HHS-CDC-SCIENTIFIC-SERVICES,budget authority,,found,593497000,399,Public Health Scientific Services
House Reported,ACC-HHS-CDC-TOTAL,budget authority,,found,7125504000,401,"Total, Centers for Disease Control and Prevention"
House Reported,ACC-HHS-CDC-TOTAL,budget authority,program_level,found,7981654000,401,"Total, Centers for Disease Control Program Level"
House Reported,ACC-HHS-CMS-HCFAC,budget authority,,found,807000000,414,"Total, Health Care Fraud and Abuse Control (Trust funds)"
House Reported,ACC-HHS-CMS-MEDICAID,advance,,found,148732315000,412,"New advance, 1st quarter, FY 2022"
House Reported,ACC-HHS-CMS-MEDICAID,budget authority,,not printed,,,
House Reported,ACC-HHS-CMS-MEDICAID,budget authority,appropriated_in_this_bill,found,462636414000,412,"Total, Grants to States for Medicaid, appropriated in this bill"
House Reported,ACC-HHS-CMS-MEDICAID,budget authority,program_level_available_this_fiscal_year,found,453807174000,412,"Total, Medicaid Program Level, available this fiscal year"
House Reported,ACC-HHS-CMS-MEDICAID,prior_year_advance,,found,-139903075000,412,Less appropriations provided in prior years.
House Reported,ACC-HHS-CMS-PROGRAM-MANAGEMENT,budget authority,,found,3984744000,413,"Total, Program management"
House Reported,ACC-HHS-CMS-TOTAL,budget authority,,found,906942158000,414,"Total, Centers for Medicare and Medicaid Services"
House Reported,ACC-HHS-CMS-TRUST-FUND-PAYMENTS,budget authority,,found,439514000000,413,"Total, Payments to Trust Funds"
House Reported,ACC-HHS-GP-ADOPTION-INCENTIVES-RESCISSION,rescission,,not printed,,,
House Reported,ACC-HHS-GP-MEDICARE-LIMITATION,budget authority,,not printed,,,
House Reported,ACC-HHS-GP-MEDICARE-OPERATIONS,budget authority,,not printed,,,
House Reported,ACC-HHS-GP-NEF-RESCISSION,rescission,,not printed,,,
House Reported,ACC-HHS-GP-NEF-RESCISSION,rescission,emergency,not printed,,,
House Reported,ACC-HHS-HRSA-CCPF,budget authority,,not printed,,,
House Reported,ACC-HHS-HRSA-FAMILY-PLANNING,budget authority,,found,286479000,397,Family Planning
House Reported,ACC-HHS-HRSA-HEALTH-CENTERS,budget authority,,found,1650522000,393,Community Health Centers
House Reported,ACC-HHS-HRSA-HEALTH-SYSTEMS,budget authority,,found,131093000,396,"Subtotal, Health Care Systems Bureau, appropriation"
House Reported,ACC-HHS-HRSA-HEALTH-WORKFORCE,budget authority,,found,1242505000,395,"Total, Health Workforce"
House Reported,ACC-HHS-HRSA-MCH,budget authority,,found,980784000,395,"Total, Maternal and Child Health"
House Reported,ACC-HHS-HRSA-PRIMARY-CARE,budget authority,,found,1651522000,393,"Total, Primary Health Care"
House Reported,ACC-HHS-HRSA-PROGRAM-SUPPORT,budget authority,,found,155300000,397,Program Management
House Reported,ACC-HHS-HRSA-PROGRAM-SUPPORT,budget authority,congressionally_directed_spending,not printed,,,
House Reported,ACC-HHS-HRSA-RURAL-HEALTH,budget authority,,found,334294000,397,"Total, Rural Health"
House Reported,ACC-HHS-HRSA-RYAN-WHITE,budget authority,,found,2413781000,396,"Total, Ryan White HIV/AIDS program"
House Reported,ACC-HHS-HRSA-TOTAL,budget authority,,found,7471558000,398,"Total, Health Resources and Services Administration"
House Reported,ACC-HHS-HRSA-VICTF,budget authority,,found,275800000,398,"Total, Vaccine Injury Compensation Trust Fund"
House Reported,ACC-HHS-NIH-ARPA-H,budget authority,,not printed,,,
House Reported,ACC-HHS-NIH-BEHAVIORAL-HEALTH,budget authority,,not printed,,,
House Reported,ACC-HHS-NIH-BODY-SYSTEMS,budget authority,,not printed,,,
House Reported,ACC-HHS-NIH-BUILDINGS-FACILITIES,budget authority,,found,200000000,408,Buildings and Facilities
House Reported,ACC-HHS-NIH-CHILD-WOMEN-SENSORY,budget authority,,not printed,,,
House Reported,ACC-HHS-NIH-CURES,budget authority,,found,404000000,426,CURES Act2/
House Reported,ACC-HHS-NIH-FIC,budget authority,,found,86455000,407,John E. Fogarty International Center (FIC)
House Reported,ACC-HHS-NIH-NCATS,budget authority,,found,840051000,407,National Center for Advancing Translational Sciences (NCATS)
House Reported,ACC-HHS-NIH-NCCIH,budget authority,,found,153045000,406,National Center for Complementary and Integrative Health (NCCIH)
House Reported,ACC-HHS-NIH-NCI,budget authority,,found,6299155000,402,National Cancer Institute (NCI)
House Reported,ACC-HHS-NIH-NEI,budget authority,,found,831177000,404,National Eye Institute (NEI)
House Reported,ACC-HHS-NIH-NEUROSCIENCE,budget authority,,not printed,,,
House Reported,ACC-HHS-NIH-NHGRI,budget authority,,found,611564000,406,National Human Genome Research Institute (NHGRI)
House Reported,ACC-HHS-NIH-NHLBI,budget authority,,found,3655428000,402,"National Heart, Lung, and Blood Institute (NHLBI)"
House Reported,ACC-HHS-NIH-NIA,budget authority,,found,3609150000,404,National Institute on Aging (NIA)
House Reported,ACC-HHS-NIH-NIAAA,budget authority,,found,550063000,405,National Institute on Alcohol Abuse and Alcoholism (NIAAA)
House Reported,ACC-HHS-NIH-NIAID,budget authority,,found,6013087000,403,National Institute of Allergy and Infectious Diseases (NIAID)
House Reported,ACC-HHS-NIH-NIAMS,budget authority,,found,630263000,405,National Institute of Arthritis and Musculoskeletal and Skin Diseases (NIAMS)
House Reported,ACC-HHS-NIH-NIBIB,budget authority,,found,407109000,406,National Institute of Biomedical Imaging and Bioengineering (NIBIB)
House Reported,ACC-HHS-NIH-NICHD,budget authority,,found,1570269000,404,National Institute of Child Health and Human Development (NICHD)
House Reported,ACC-HHS-NIH-NIDA,budget authority,,found,1474590000,405,National Institute on Drug Abuse (NIDA)
House Reported,ACC-HHS-NIH-NIDCD,budget authority,,found,494912000,405,National Institute on Deafness and Other Communication Disorders (NIDCD)
House Reported,ACC-HHS-NIH-NIDCR,budget authority,,found,481535000,402,National Institute of Dental and Craniofacial Research (NIDCR)
House Reported,ACC-HHS-NIH-NIDDK,budget authority,,found,2132498000,403,National Institute of Diabetes and Digestive and Kidney Diseases (NIDDK)
House Reported,ACC-HHS-NIH-NIEHS,budget authority,,found,809501000,404,National Institute of Environmental Health Sciences (NIEHS)
House Reported,ACC-HHS-NIH-NIGMS,budget authority,,found,1631166000,404,National Institute of General Medical Sciences (NIGMS)
House Reported,ACC-HHS-NIH-NIMH,budget authority,,found,2005303000,406,National Institute of Mental Health (NIMH)
House Reported,ACC-HHS-NIH-NIMHD,budget authority,,found,343700000,406,National Institute on Minority Health and Health Disparities (NIMHD)
House Reported,ACC-HHS-NIH-NINDS,budget authority,,found,2415110000,403,National Institute of Neurological Disorders and Stroke (NINDS)
House Reported,ACC-HHS-NIH-NINR,budget authority,,found,170567000,405,National Institute of Nursing Research (NINR)
House Reported,ACC-HHS-NIH-NLM,budget authority,,found,460841000,407,National Library of Medicine (NLM)
House Reported,ACC-HHS-NIH-OD,budget authority,,found,2324548000,407,Office of the Director
House Reported,ACC-HHS-NIH-OD,budget authority,kids_first,found,12600000,407,Gabriella Miller Kids First Research Act (Common Fund add)
House Reported,ACC-HHS-NIH-SUBSTANCE-USE,budget authority,,not printed,,,
House Reported,ACC-HHS-NIH-TOTAL,budget authority,,found,40617687000,408,"Total, National Institutes of Health (NIH)"
House Reported,ACC-HHS-NIH-TOTAL,budget authority,program_level,found,41959000000,408,"Total, NIH Program Level"
House Reported,ACC-HHS-NIH-TOTAL,budget authority,program_level_excluding_arpa_h,not printed,,,
House Reported,ACC-HHS-NIH-TOTAL,budget authority,program_level_with_cures_and_phs_evaluation_act_funding,not printed,,,
House Reported,ACC-HHS-OS-COMMISSIONED-OFFICERS,budget authority,,found,653023000,423,"Total, Benefits for Commissioned Officers"
House Reported,ACC-HHS-OS-GDM,budget authority,,found,457959000,422,"Total, General Departmental Management"
House Reported,ACC-HHS-OS-OCR,budget authority,,found,38798000,423,Federal Funds
House Reported,ACC-HHS-OS-OIG,budget authority,,found,80000000,423,Inspector General Federal Funds
House Reported,ACC-HHS-OS-OMHA,budget authority,,found,191881000,422,Medicare Hearings and Appeals
House Reported,ACC-HHS-OS-ONC,budget authority,,found,60367000,422,Office of the National Coordinator for Health Information Technology
House Reported,ACC-HHS-OS-PHSSEF,budget authority,,found,2827458000,426,"Total, PHSSEF"
House Reported,ACC-HHS-OS-TOTAL,budget authority,,found,4309486000,426,"Total, Office of the Secretary"
House Reported,ACC-HHS-OS-TOTAL,budget authority,program_level,found,4374314000,426,"Total, Office of the Secretary Program Level"
House Reported,ACC-HHS-SAMHSA-MENTAL-HEALTH,budget authority,,found,1727974000,409,"Subtotal, Mental Health"
House Reported,ACC-HHS-SAMHSA-PREVENTION,budget authority,,found,209469000,410,Programs of Regional and National Significance
House Reported,ACC-HHS-SAMHSA-PROGRAM-SUPPORT,budget authority,,found,128830000,411,Health Surveillance and Program Support
House Reported,ACC-HHS-SAMHSA-TOTAL,budget authority,,found,5832829000,411,"Total, SAMHSA"
House Reported,ACC-HHS-SAMHSA-TOTAL,budget authority,program_level,found,5978496000,411,"Total, SAMHSA Program Level"
House Reported,ACC-HHS-SAMHSA-TREATMENT,budget authority,,found,3766556000,410,"Subtotal, Substance Abuse Treatment"
House Reported,ACC-HHS-TITLE-II-TOTAL,budget authority,,found,1015977806000,426,"Total, Title II, Department of Health and Human Services"
House Reported,ACC-HHS-TITLE-II-TOTAL,budget authority,discretionary,not printed,,,
House Reported,ACC-HHS-CMS-MEDICAID,budget authority,,derived,313904099000,412,"derived, not a printed line: 'Total, Grants to States for Medicaid, appropriated in this bill' 462,636,414 (p.412) - 'New advance, 1st quarter, FY 2022' 148,732,315 (p.412) = 313,904,099 (thousands); the FY2024-FY2027 tables print the headline as exactly this difference"
House Reported,ACC-HHS-CDC-PROGRAM-SUPPORT,budget authority,,derived,198570000,401,"derived, not a printed line: the sum of the lines printed under 'CDC-Wide Activities and Program Support': 'Office of the Director' 113,570 (p.401) + 'Infectious Diseases Rapid Response Reserve Fund' 85,000 (p.401) = 198,570 (thousands); the later tables print 'CDC-Wide Activities' subtotals as exactly this sum (a Prevention and Public Health Fund transfer is a memo, not in it)"
House Reported,ACC-HHS-NIH-OD,budget authority,,derived,2337148000,407,"derived, not a printed line: 'Office of the Director' 2,324,548 (p.407) + 'Gabriella Miller Kids First Research Act (Common Fund add)' 12,600 (p.407) = 2,337,148 (thousands); the FY2023-FY2026 tables print 'Subtotal, Office of the Director' as the lines under the heading"
President's Budget,ACC-HHS-ACF-CCDBG,budget authority,,found,5826000000,416,Payments to States for the Child Care and Development Block Grant
President's Budget,ACC-HHS-ACF-CFSP,budget authority,,found,11856130000,417,"Total, Children and Families Services Programs"
President's Budget,ACC-HHS-ACF-CHILD-SUPPORT,budget authority,,found,4439000000,415,"Total, Family Support Payments, available in this bill"
President's Budget,ACC-HHS-ACF-FOSTER-CARE,budget authority,,found,10011537000,418,"Total, Payments to States, available in this bill"
President's Budget,ACC-HHS-ACF-HEAD-START,budget authority,,found,10613095000,416,Head Start
President's Budget,ACC-HHS-ACF-LIHEAP,budget authority,,found,0,415,Formula Grants
President's Budget,ACC-HHS-ACF-PSSF,budget authority,,found,404765000,418,"Total, Promoting Safe and Stable Families"
President's Budget,ACC-HHS-ACF-REFUGEE,budget authority,,found,2456380000,416,"Total, Refugee and Entrant Assistance"
President's Budget,ACC-HHS-ACF-SSBG,budget authority,,found,0,416,Social Services Block Grant (Title XX)
President's Budget,ACC-HHS-ACF-SSBG,budget authority,chamber_proposal,not printed,,,
President's Budget,ACC-HHS-ACF-TOTAL,budget authority,,found,34993812000,418,"Total, Administration for Children and Familiies"
President's Budget,ACC-HHS-ACF-TOTAL,budget authority,discretionary,not printed,,,
President's Budget,ACC-HHS-ACF-TOTAL,budget authority,excluding_emergencies,not printed,,,
President's Budget,ACC-HHS-ACF-TOTAL,budget authority,program_level,found,34993812000,418,"Total, ACF Program Level"
President's Budget,ACC-HHS-ACL-TOTAL,budget authority,,found,2108207000,421,"Total, Administration for Community Living"
President's Budget,ACC-HHS-ACL-TOTAL,budget authority,program_level,found,2108207000,421,"Total, ACL program level"
President's Budget,ACC-HHS-AHA-TOTAL,budget authority,,not printed,,,
President's Budget,ACC-HHS-AHA-TOTAL,budget authority,program_level,not printed,,,
President's Budget,ACC-HHS-AHRQ-TOTAL,budget authority,,found,0,411,Federal Funds
President's Budget,ACC-HHS-AHRQ-TOTAL,budget authority,program_level,found,0,412,"Total, AHRQ Program Level 3/"
President's Budget,ACC-HHS-ASPR-OPER,budget authority,,not printed,,,
President's Budget,ACC-HHS-ASPR-RDP,budget authority,,not printed,,,
President's Budget,ACC-HHS-ASPR-TOTAL,budget authority,,not printed,,,
President's Budget,ACC-HHS-CDC-BIRTH-DEFECTS,budget authority,,found,112250000,399,"Birth Defects, Developmental Disabilities, Disabilities and Health"
President's Budget,ACC-HHS-CDC-BUILDINGS-FACILITIES,budget authority,,found,30000000,400,Buildings and Facilities
President's Budget,ACC-HHS-CDC-CHRONIC-DISEASE,budget authority,,found,359145000,399,Chronic Disease Prevention and Health Promotion
President's Budget,ACC-HHS-CDC-EEOICP,budget authority,,found,55358000,400,Energy Employees Occupational Illness Compensation Program
President's Budget,ACC-HHS-CDC-EMERGING-ZOONOTIC,budget authority,,found,413464000,399,Emerging and Zoonotic Infectious Diseases
President's Budget,ACC-HHS-CDC-ENVIRONMENTAL-HEALTH,budget authority,,found,182000000,400,Environmental Health
President's Budget,ACC-HHS-CDC-GLOBAL-HEALTH,budget authority,,found,532222000,400,Global Health
President's Budget,ACC-HHS-CDC-HIV-HEPATITIS-STD-TB,budget authority,,found,1552556000,398,"HIV/AIDS, Viral Hepatitis, Sexually Transmitted Diseases, and Tuberculosis Prevention"
President's Budget,ACC-HHS-CDC-IMMUNIZATION,budget authority,,found,527160000,398,Immunization and Respiratory Diseases
President's Budget,ACC-HHS-CDC-INJURY-PREVENTION,budget authority,,found,730159000,400,Injury Prevention and Control
President's Budget,ACC-HHS-CDC-NIOSH,budget authority,,found,111362000,400,National Institute for Occupational Safety and Health.
President's Budget,ACC-HHS-CDC-PREPAREDNESS,budget authority,,found,802000000,400,Public Health Preparedness and Response
President's Budget,ACC-HHS-CDC-PROGRAM-SUPPORT,budget authority,,not printed,,,
President's Budget,ACC-HHS-CDC-SCIENTIFIC-SERVICES,budget authority,,found,58000000,399,Public Health Scientific Services
President's Budget,ACC-HHS-CDC-TOTAL,budget authority,,found,5620676000,401,"Total, Centers for Disease Control and Prevention"
President's Budget,ACC-HHS-CDC-TOTAL,budget authority,program_level,found,7056264000,401,"Total, Centers for Disease Control Program Level"
President's Budget,ACC-HHS-CMS-HCFAC,budget authority,,found,813000000,414,"Total, Health Care Fraud and Abuse Control (Trust funds)"
President's Budget,ACC-HHS-CMS-MEDICAID,advance,,found,148732315000,412,"New advance, 1st quarter, FY 2022"
President's Budget,ACC-HHS-CMS-MEDICAID,budget authority,,not printed,,,
President's Budget,ACC-HHS-CMS-MEDICAID,budget authority,appropriated_in_this_bill,found,462636414000,412,"Total, Grants to States for Medicaid, appropriated in this bill"
President's Budget,ACC-HHS-CMS-MEDICAID,budget authority,program_level_available_this_fiscal_year,found,453807174000,412,"Total, Medicaid Program Level, available this fiscal year"
President's Budget,ACC-HHS-CMS-MEDICAID,prior_year_advance,,found,-139903075000,412,Less appropriations provided in prior years.
President's Budget,ACC-HHS-CMS-PROGRAM-MANAGEMENT,budget authority,,found,3693548000,413,"Total, Program management"
President's Budget,ACC-HHS-CMS-TOTAL,budget authority,,found,906656962000,414,"Total, Centers for Medicare and Medicaid Services"
President's Budget,ACC-HHS-CMS-TRUST-FUND-PAYMENTS,budget authority,,found,439514000000,413,"Total, Payments to Trust Funds"
President's Budget,ACC-HHS-GP-ADOPTION-INCENTIVES-RESCISSION,rescission,,not printed,,,
President's Budget,ACC-HHS-GP-MEDICARE-LIMITATION,budget authority,,not printed,,,
President's Budget,ACC-HHS-GP-MEDICARE-OPERATIONS,budget authority,,not printed,,,
President's Budget,ACC-HHS-GP-NEF-RESCISSION,rescission,,not printed,,,
President's Budget,ACC-HHS-GP-NEF-RESCISSION,rescission,emergency,not printed,,,
President's Budget,ACC-HHS-HRSA-CCPF,budget authority,,not printed,,,
President's Budget,ACC-HHS-HRSA-FAMILY-PLANNING,budget authority,,found,286479000,397,Family Planning
President's Budget,ACC-HHS-HRSA-HEALTH-CENTERS,budget authority,,found,1727522000,393,Community Health Centers
President's Budget,ACC-HHS-HRSA-HEALTH-SYSTEMS,budget authority,,found,102033000,396,"Subtotal, Health Care Systems Bureau, appropriation"
President's Budget,ACC-HHS-HRSA-HEALTH-WORKFORCE,budget authority,,found,370425000,395,"Total, Health Workforce"
President's Budget,ACC-HHS-HRSA-MCH,budget authority,,found,919018000,395,"Total, Maternal and Child Health"
President's Budget,ACC-HHS-HRSA-PRIMARY-CARE,budget authority,,found,1728522000,393,"Total, Primary Health Care"
President's Budget,ACC-HHS-HRSA-PROGRAM-SUPPORT,budget authority,,found,151993000,397,Program Management
President's Budget,ACC-HHS-HRSA-PROGRAM-SUPPORT,budget authority,congressionally_directed_spending,not printed,,,
President's Budget,ACC-HHS-HRSA-RURAL-HEALTH,budget authority,,found,246834000,397,"Total, Rural Health"
President's Budget,ACC-HHS-HRSA-RYAN-WHITE,budget authority,,found,2483781000,396,"Total, Ryan White HIV/AIDS program"
President's Budget,ACC-HHS-HRSA-TOTAL,budget authority,,found,6570885000,398,"Total, Health Resources and Services Administration"
President's Budget,ACC-HHS-HRSA-VICTF,budget authority,,found,281800000,398,"Total, Vaccine Injury Compensation Trust Fund"
President's Budget,ACC-HHS-NIH-ARPA-H,budget authority,,not printed,,,
President's Budget,ACC-HHS-NIH-BEHAVIORAL-HEALTH,budget authority,,not printed,,,
President's Budget,ACC-HHS-NIH-BODY-SYSTEMS,budget authority,,not printed,,,
President's Budget,ACC-HHS-NIH-BUILDINGS-FACILITIES,budget authority,,found,300000000,408,Buildings and Facilities
President's Budget,ACC-HHS-NIH-CHILD-WOMEN-SENSORY,budget authority,,not printed,,,
President's Budget,ACC-HHS-NIH-CURES,budget authority,,found,404000000,426,CURES Act2/
President's Budget,ACC-HHS-NIH-FIC,budget authority,,found,73531000,407,John E. Fogarty International Center (FIC)
President's Budget,ACC-HHS-NIH-NCATS,budget authority,,found,787703000,407,National Center for Advancing Translational Sciences (NCATS)
President's Budget,ACC-HHS-NIH-NCCIH,budget authority,,found,138167000,406,National Center for Complementary and Integrative Health (NCCIH)
President's Budget,ACC-HHS-NIH-NCI,budget authority,,found,5686173000,402,National Cancer Institute (NCI)
President's Budget,ACC-HHS-NIH-NEI,budget authority,,found,749003000,404,National Eye Institute (NEI)
President's Budget,ACC-HHS-NIH-NEUROSCIENCE,budget authority,,not printed,,,
President's Budget,ACC-HHS-NIH-NHGRI,budget authority,,found,550116000,406,National Human Genome Research Institute (NHGRI)
President's Budget,ACC-HHS-NIH-NHLBI,budget authority,,found,3298004000,402,"National Heart, Lung, and Blood Institute (NHLBI)"
President's Budget,ACC-HHS-NIH-NIA,budget authority,,found,3225782000,404,National Institute on Aging (NIA)
President's Budget,ACC-HHS-NIH-NIAAA,budget authority,,found,497346000,405,National Institute on Alcohol Abuse and Alcoholism (NIAAA)
President's Budget,ACC-HHS-NIH-NIAID,budget authority,,found,5445886000,403,National Institute of Allergy and Infectious Diseases (NIAID)
President's Budget,ACC-HHS-NIH-NIAMS,budget authority,,found,568480000,405,National Institute of Arthritis and Musculoskeletal and Skin Diseases (NIAMS)
President's Budget,ACC-HHS-NIH-NIBIB,budget authority,,found,368111000,406,National Institute of Biomedical Imaging and Bioengineering (NIBIB)
President's Budget,ACC-HHS-NIH-NICHD,budget authority,,found,1416366000,404,National Institute of Child Health and Human Development (NICHD)
President's Budget,ACC-HHS-NIH-NIDA,budget authority,,found,1431770000,405,National Institute on Drug Abuse (NIDA)
President's Budget,ACC-HHS-NIH-NIDCD,budget authority,,found,446397000,405,National Institute on Deafness and Other Communication Disorders (NIDCD)
President's Budget,ACC-HHS-NIH-NIDCR,budget authority,,found,434559000,402,National Institute of Dental and Craniofacial Research (NIDCR)
President's Budget,ACC-HHS-NIH-NIDDK,budget authority,,found,1924211000,403,National Institute of Diabetes and Digestive and Kidney Diseases (NIDDK)
President's Budget,ACC-HHS-NIH-NIEHS,budget authority,,found,730147000,404,National Institute of Environmental Health Sciences (NIEHS)
President's Budget,ACC-HHS-NIH-NIGMS,budget authority,,found,1931074000,404,National Institute of General Medical Sciences (NIGMS)
President's Budget,ACC-HHS-NIH-NIMH,budget authority,,found,1794865000,406,National Institute of Mental Health (NIMH)
President's Budget,ACC-HHS-NIH-NIMHD,budget authority,,found,305498000,406,National Institute on Minority Health and Health Disparities (NIMHD)
President's Budget,ACC-HHS-NIH-NINDS,budget authority,,found,2195110000,403,National Institute of Neurological Disorders and Stroke (NINDS)
President's Budget,ACC-HHS-NIH-NINR,budget authority,,found,156804000,405,National Institute of Nursing Research (NINR)
President's Budget,ACC-HHS-NIH-NLM,budget authority,,found,415665000,407,National Library of Medicine (NLM)
President's Budget,ACC-HHS-NIH-OD,budget authority,,found,2086463000,407,Office of the Director
President's Budget,ACC-HHS-NIH-OD,budget authority,kids_first,found,12600000,407,Gabriella Miller Kids First Research Act (Common Fund add)
President's Budget,ACC-HHS-NIH-SUBSTANCE-USE,budget authority,,not printed,,,
President's Budget,ACC-HHS-NIH-TOTAL,budget authority,,found,37630491000,408,"Total, National Institutes of Health (NIH)"
President's Budget,ACC-HHS-NIH-TOTAL,budget authority,program_level,found,38371491000,408,"Total, NIH Program Level"
President's Budget,ACC-HHS-NIH-TOTAL,budget authority,program_level_excluding_arpa_h,not printed,,,
President's Budget,ACC-HHS-NIH-TOTAL,budget authority,program_level_with_cures_and_phs_evaluation_act_funding,not printed,,,
President's Budget,ACC-HHS-OS-COMMISSIONED-OFFICERS,budget authority,,found,653023000,423,"Total, Benefits for Commissioned Officers"
President's Budget,ACC-HHS-OS-GDM,budget authority,,found,347105000,422,"Total, General Departmental Management"
President's Budget,ACC-HHS-OS-OCR,budget authority,,found,30286000,423,Federal Funds
President's Budget,ACC-HHS-OS-OIG,budget authority,,found,90000000,423,Inspector General Federal Funds
President's Budget,ACC-HHS-OS-OMHA,budget authority,,found,196381000,422,Medicare Hearings and Appeals
President's Budget,ACC-HHS-OS-ONC,budget authority,,found,50717000,422,Office of the National Coordinator for Health Information Technology
President's Budget,ACC-HHS-OS-PHSSEF,budget authority,,found,2641465000,426,"Total, PHSSEF"
President's Budget,ACC-HHS-OS-TOTAL,budget authority,,found,4008977000,426,"Total, Office of the Secretary"
President's Budget,ACC-HHS-OS-TOTAL,budget authority,program_level,found,4082817000,426,"Total, Office of the Secretary Program Level"
President's Budget,ACC-HHS-SAMHSA-MENTAL-HEALTH,budget authority,,found,1675106000,409,"Subtotal, Mental Health"
President's Budget,ACC-HHS-SAMHSA-PREVENTION,budget authority,,found,96985000,410,Programs of Regional and National Significance
President's Budget,ACC-HHS-SAMHSA-PROGRAM-SUPPORT,budget authority,,found,97004000,411,Health Surveillance and Program Support
President's Budget,ACC-HHS-SAMHSA-TOTAL,budget authority,,found,5597651000,411,"Total, SAMHSA"
President's Budget,ACC-HHS-SAMHSA-TOTAL,budget authority,program_level,found,5740343000,411,"Total, SAMHSA Program Level"
President's Budget,ACC-HHS-SAMHSA-TREATMENT,budget authority,,found,3728556000,410,"Subtotal, Substance Abuse Treatment"
President's Budget,ACC-HHS-TITLE-II-TOTAL,budget authority,,found,1003187661000,426,"Total, Title II, Department of Health and Human Services"
President's Budget,ACC-HHS-TITLE-II-TOTAL,budget authority,discretionary,not printed,,,
President's Budget,ACC-HHS-CMS-MEDICAID,budget authority,,derived,313904099000,412,"derived, not a printed line: 'Total, Grants to States for Medicaid, appropriated in this bill' 462,636,414 (p.412) - 'New advance, 1st quarter, FY 2022' 148,732,315 (p.412) = 313,904,099 (thousands); the FY2024-FY2027 tables print the headline as exactly this difference"
President's Budget,ACC-HHS-CDC-PROGRAM-SUPPORT,budget authority,,derived,155000000,401,"derived, not a printed line: the sum of the lines printed under 'CDC-Wide Activities and Program Support': 'Office of the Director' 105,000 (p.401) + 'Infectious Diseases Rapid Response Reserve Fund' 50,000 (p.401) = 155,000 (thousands); the later tables print 'CDC-Wide Activities' subtotals as exactly this sum (a Prevention and Public Health Fund transfer is a memo, not in it)"
President's Budget,ACC-HHS-NIH-OD,budget authority,,derived,2099063000,407,"derived, not a printed line: 'Office of the Director' 2,086,463 (p.407) + 'Gabriella Miller Kids First Research Act (Common Fund add)' 12,600 (p.407) = 2,099,063 (thousands); the FY2023-FY2026 tables print 'Subtotal, Office of the Director' as the lines under the heading"
President's Budget,ACC-HHS-NIH-TOTAL,budget authority,request_proposal,found,256660000,407,National Institute for Research on Safety and Quality (NIRSQ)
Senate Reported,ACC-HHS-ACF-CCDBG,budget authority,,found,5876000000,257,Payments to States for the Child Care and Development Block Grant
Senate Reported,ACC-HHS-ACF-CFSP,budget authority,,found,12962269000,257,"Total, Children and Families Services Programs"
Senate Reported,ACC-HHS-ACF-CHILD-SUPPORT,budget authority,,found,4439000000,256,"Total, Family Support Payments, available in this bill"
Senate Reported,ACC-HHS-ACF-FOSTER-CARE,budget authority,,found,10012000000,258,"Total, Payments to States, available in this bill"
Senate Reported,ACC-HHS-ACF-HEAD-START,budget authority,,found,10713095000,257,Head Start
Senate Reported,ACC-HHS-ACF-LIHEAP,budget authority,,found,3740304000,256,Formula Grants
Senate Reported,ACC-HHS-ACF-PSSF,budget authority,,found,437515000,257,"Total, Promoting Safe and Stable Families"
Senate Reported,ACC-HHS-ACF-REFUGEE,budget authority,,found,1832760000,256,"Total, Refugee and Entrant Assistance"
Senate Reported,ACC-HHS-ACF-SSBG,budget authority,,found,1700000000,257,Social Services Block Grant (Title XX)
Senate Reported,ACC-HHS-ACF-SSBG,budget authority,chamber_proposal,not printed,,,
Senate Reported,ACC-HHS-ACF-TOTAL,budget authority,,found,40999848000,258,"Total, Administration for Children and Familiies"
Senate Reported,ACC-HHS-ACF-TOTAL,budget authority,discretionary,not printed,,,
Senate Reported,ACC-HHS-ACF-TOTAL,budget authority,excluding_emergencies,not printed,,,
Senate Reported,ACC-HHS-ACF-TOTAL,budget authority,program_level,found,40999848000,258,"Total, ACF Program Level"
Senate Reported,ACC-HHS-ACL-TOTAL,budget authority,,found,2235215000,260,"Total, Administration for Community Living"
Senate Reported,ACC-HHS-ACL-TOTAL,budget authority,program_level,found,2262915000,260,"Total, ACL program level"
Senate Reported,ACC-HHS-AHA-TOTAL,budget authority,,not printed,,,
Senate Reported,ACC-HHS-AHA-TOTAL,budget authority,program_level,not printed,,,
Senate Reported,ACC-HHS-AHRQ-TOTAL,budget authority,,found,256660000,254,Federal funds 3
Senate Reported,ACC-HHS-AHRQ-TOTAL,budget authority,program_level,found,256660000,254,"Total, AHRQ Program Level 3"
Senate Reported,ACC-HHS-ASPR-OPER,budget authority,,not printed,,,
Senate Reported,ACC-HHS-ASPR-RDP,budget authority,,not printed,,,
Senate Reported,ACC-HHS-ASPR-TOTAL,budget authority,,not printed,,,
Senate Reported,ACC-HHS-CDC-BIRTH-DEFECTS,budget authority,,found,164960000,247,"Birth Defects, Developmental Disabilities, Disabilities and Health"
Senate Reported,ACC-HHS-CDC-BUILDINGS-FACILITIES,budget authority,,found,30000000,248,Buildings and Facilities
Senate Reported,ACC-HHS-CDC-CHRONIC-DISEASE,budget authority,,found,994714000,247,Chronic Disease Prevention and Health Promotion
Senate Reported,ACC-HHS-CDC-EEOICP,budget authority,,found,55358000,248,Energy Employees Occupational Illness Compensation Program
Senate Reported,ACC-HHS-CDC-EMERGING-ZOONOTIC,budget authority,,found,590772000,247,Emerging and Zoonotic Infectious Diseases
Senate Reported,ACC-HHS-CDC-ENVIRONMENTAL-HEALTH,budget authority,,found,186850000,247,Environmental Health
Senate Reported,ACC-HHS-CDC-GLOBAL-HEALTH,budget authority,,found,615843000,248,Global Health
Senate Reported,ACC-HHS-CDC-HIV-HEPATITIS-STD-TB,budget authority,,found,1278556000,247,"HIV/AIDS, Viral Hepatitis, Sexually Transmitted Diseases, and Tuberculosis Prevention"
Senate Reported,ACC-HHS-CDC-IMMUNIZATION,budget authority,,found,469805000,247,Immunization and Respiratory Diseases
Senate Reported,ACC-HHS-CDC-INJURY-PREVENTION,budget authority,,found,678379000,248,Injury Prevention and Control
Senate Reported,ACC-HHS-CDC-NIOSH,budget authority,,found,343800000,248,National Institute for Occupational Safety and Health
Senate Reported,ACC-HHS-CDC-PREPAREDNESS,budget authority,,found,852200000,248,Public Health Preparedness and Response
Senate Reported,ACC-HHS-CDC-PROGRAM-SUPPORT,budget authority,,not printed,,,
Senate Reported,ACC-HHS-CDC-SCIENTIFIC-SERVICES,budget authority,,found,588997000,247,Public Health Scientific Services
Senate Reported,ACC-HHS-CDC-TOTAL,budget authority,,found,6963804000,248,"Total, Centers for Disease Control and Prevention"
Senate Reported,ACC-HHS-CDC-TOTAL,budget authority,program_level,found,7879954000,249,"Total, Centers for Disease Control Program Level"
Senate Reported,ACC-HHS-CMS-HCFAC,budget authority,,found,807000000,255,"Total, Health Care Fraud and Abuse Control (Trust funds)"
Senate Reported,ACC-HHS-CMS-MEDICAID,advance,,found,148732315000,254,"New advance, 1st quarter, fiscal year 2022"
Senate Reported,ACC-HHS-CMS-MEDICAID,budget authority,,found,313904099000,254,"Total, Grants to States for Medicaid"
Senate Reported,ACC-HHS-CMS-MEDICAID,budget authority,appropriated_in_this_bill,found,462636414000,254,"Total, Grants to States for Medicaid, appropriated in this bill"
Senate Reported,ACC-HHS-CMS-MEDICAID,budget authority,program_level_available_this_fiscal_year,found,453807174000,254,"Total, Medicaid Program Level, available this fiscal year"
Senate Reported,ACC-HHS-CMS-MEDICAID,prior_year_advance,,found,-139903075000,254,Less appropriations provided in prior years
Senate Reported,ACC-HHS-CMS-PROGRAM-MANAGEMENT,budget authority,,found,3669744000,255,"Total, Program management"
Senate Reported,ACC-HHS-CMS-TOTAL,budget authority,,found,906627158000,255,"Total, Centers for Medicare and Medicaid Services"
Senate Reported,ACC-HHS-CMS-TRUST-FUND-PAYMENTS,budget authority,,found,439514000000,255,"Total, Payments to Trust Funds"
Senate Reported,ACC-HHS-GP-ADOPTION-INCENTIVES-RESCISSION,rescission,,not printed,,,
Senate Reported,ACC-HHS-GP-MEDICARE-LIMITATION,budget authority,,not printed,,,
Senate Reported,ACC-HHS-GP-MEDICARE-OPERATIONS,budget authority,,not printed,,,
Senate Reported,ACC-HHS-GP-NEF-RESCISSION,rescission,,not printed,,,
Senate Reported,ACC-HHS-GP-NEF-RESCISSION,rescission,emergency,not printed,,,
Senate Reported,ACC-HHS-HRSA-CCPF,budget authority,,not printed,,,
Senate Reported,ACC-HHS-HRSA-FAMILY-PLANNING,budget authority,,found,286479000,246,Family Planning
Senate Reported,ACC-HHS-HRSA-HEALTH-CENTERS,budget authority,,found,1625522000,243,Community Health Centers
Senate Reported,ACC-HHS-HRSA-HEALTH-SYSTEMS,budget authority,,found,130593000,245,"Subtotal, Health Care Systems Bureau, appropriation"
Senate Reported,ACC-HHS-HRSA-HEALTH-WORKFORCE,budget authority,,found,1225666000,244,"Total, Health Workforce"
Senate Reported,ACC-HHS-HRSA-MCH,budget authority,,found,963784000,245,"Total, Maternal and Child Health"
Senate Reported,ACC-HHS-HRSA-PRIMARY-CARE,budget authority,,found,1626522000,243,"Total, Primary Health Care"
Senate Reported,ACC-HHS-HRSA-PROGRAM-SUPPORT,budget authority,,found,157300000,246,Program Management
Senate Reported,ACC-HHS-HRSA-PROGRAM-SUPPORT,budget authority,congressionally_directed_spending,not printed,,,
Senate Reported,ACC-HHS-HRSA-RURAL-HEALTH,budget authority,,found,325410000,246,"Total, Rural Health"
Senate Reported,ACC-HHS-HRSA-RYAN-WHITE,budget authority,,found,2388781000,245,"Total, Ryan White HIV/AIDS program"
Senate Reported,ACC-HHS-HRSA-TOTAL,budget authority,,found,7380335000,246,"Total, Health Resources and Services Administration"
Senate Reported,ACC-HHS-HRSA-VICTF,budget authority,,found,275800000,246,"Total, Vaccine Injury Compensation Trust Fund"
Senate Reported,ACC-HHS-NIH-ARPA-H,budget authority,,not printed,,,
Senate Reported,ACC-HHS-NIH-BEHAVIORAL-HEALTH,budget authority,,not printed,,,
Senate Reported,ACC-HHS-NIH-BODY-SYSTEMS,budget authority,,not printed,,,
Senate Reported,ACC-HHS-NIH-BUILDINGS-FACILITIES,budget authority,,found,200000000,251,Buildings and Facilities
Senate Reported,ACC-HHS-NIH-CHILD-WOMEN-SENSORY,budget authority,,not printed,,,
Senate Reported,ACC-HHS-NIH-CURES,budget authority,,found,404000000,263,CURES Act 2
Senate Reported,ACC-HHS-NIH-FIC,budget authority,,found,83460000,251,John E Fogarty International Center (FIC)
Senate Reported,ACC-HHS-NIH-NCATS,budget authority,,found,890009000,251,National Center for Advancing Translational Sciences (NCATS)
Senate Reported,ACC-HHS-NIH-NCCIH,budget authority,,found,156823000,251,National Center for Complementary and Integrative Health (NCCIH)
Senate Reported,ACC-HHS-NIH-NCI,budget authority,,found,6527656000,249,National Cancer Institute (NCI)
Senate Reported,ACC-HHS-NIH-NEI,budget authority,,found,850135000,249,National Eye Institute (NEI)
Senate Reported,ACC-HHS-NIH-NEUROSCIENCE,budget authority,,not printed,,,
Senate Reported,ACC-HHS-NIH-NHGRI,budget authority,,found,623862000,251,National Human Genome Research Institute (NHGRI)
Senate Reported,ACC-HHS-NIH-NHLBI,budget authority,,found,3728307000,249,"National Heart, Lung, and Blood Institute (NHLBI)"
Senate Reported,ACC-HHS-NIH-NIA,budget authority,,found,4015333000,250,National Institute on Aging (NIA)
Senate Reported,ACC-HHS-NIH-NIAAA,budget authority,,found,564498000,250,National Institute on Alcohol Abuse and Alcoholism (NIAAA)
Senate Reported,ACC-HHS-NIH-NIAID,budget authority,,found,6142540000,249,National Institute of Allergy and Infectious Diseases (NIAID)
Senate Reported,ACC-HHS-NIH-NIAMS,budget authority,,found,645237000,250,National Institute of Arthritis and Musculoskeletal and Skin Diseases (NIAMS)
Senate Reported,ACC-HHS-NIH-NIBIB,budget authority,,found,417815000,251,National Institute of Biomedical Imaging and Bioengineering (NIBIB)
Senate Reported,ACC-HHS-NIH-NICHD,budget authority,,found,1657606000,249,National Institute of Child Health and Human Development (NICHD)
Senate Reported,ACC-HHS-NIH-NIDA,budget authority,,found,1505192000,250,National Institute on Drug Abuse (NIDA)
Senate Reported,ACC-HHS-NIH-NIDCD,budget authority,,found,506670000,250,National Institute on Deafness and Other Communication Disorders (NIDCD)
Senate Reported,ACC-HHS-NIH-NIDCR,budget authority,,found,493234000,249,National Institute of Dental and Craniofacial Research (NIDCR)
Senate Reported,ACC-HHS-NIH-NIDDK,budget authority,,found,2169021000,249,National Institute of Diabetes and Digestive and Kidney Diseases [NIDDK]
Senate Reported,ACC-HHS-NIH-NIEHS,budget authority,,found,828733000,250,National Institute of Environmental Health Sciences (NIEHS)
Senate Reported,ACC-HHS-NIH-NIGMS,budget authority,,found,1461115000,249,National Institute of General Medical Sciences (NIGMS)
Senate Reported,ACC-HHS-NIH-NIMH,budget authority,,found,2089491000,250,National Institute of Mental Health (NIMH)
Senate Reported,ACC-HHS-NIH-NIMHD,budget authority,,found,391747000,251,National Institute on Minority Health and Health Disparities (NIMHD)
Senate Reported,ACC-HHS-NIH-NINDS,budget authority,,found,2476245000,249,National Institute of Neurological Disorders and Stroke (NINDS)
Senate Reported,ACC-HHS-NIH-NINR,budget authority,,found,177976000,250,National Institute of Nursing Research (NINR)
Senate Reported,ACC-HHS-NIH-NLM,budget authority,,found,471789000,251,National Library of Medicine (NLM)
Senate Reported,ACC-HHS-NIH-OD,budget authority,,found,2378059000,251,Office of the Director
Senate Reported,ACC-HHS-NIH-OD,budget authority,kids_first,found,12600000,251,Gabriella Miller Kids First Research Act (Common Fund add)
Senate Reported,ACC-HHS-NIH-SUBSTANCE-USE,budget authority,,not printed,,,
Senate Reported,ACC-HHS-NIH-TOTAL,budget authority,,found,41869153000,251,"Total, National Institutes of Health (NIH)"
Senate Reported,ACC-HHS-NIH-TOTAL,budget authority,program_level,found,43455000000,252,"Total, NIH Program Level"
Senate Reported,ACC-HHS-NIH-TOTAL,budget authority,program_level_excluding_arpa_h,not printed,,,
Senate Reported,ACC-HHS-NIH-TOTAL,budget authority,program_level_with_cures_and_phs_evaluation_act_funding,not printed,,,
Senate Reported,ACC-HHS-OS-COMMISSIONED-OFFICERS,budget authority,,found,653023000,261,"Total, Benefits for Commissioned Officers"
Senate Reported,ACC-HHS-OS-GDM,budget authority,,found,489879000,260,"Total, General Departmental Management"
Senate Reported,ACC-HHS-OS-OCR,budget authority,,found,38798000,261,Federal Funds
Senate Reported,ACC-HHS-OS-OIG,budget authority,,found,80000000,261,Inspector General Federal Funds
Senate Reported,ACC-HHS-OS-OMHA,budget authority,,found,191881000,261,Medicare Hearings and Appeals
Senate Reported,ACC-HHS-OS-ONC,budget authority,,found,60367000,261,Office of the National Coordinator for Health Information Technology
Senate Reported,ACC-HHS-OS-PHSSEF,budget authority,,found,2739458000,262,"Total, PHSSEF"
Senate Reported,ACC-HHS-OS-TOTAL,budget authority,,found,4253406000,262,"Total, Office of the Secretary"
Senate Reported,ACC-HHS-OS-TOTAL,budget authority,program_level,found,4492234000,262,"Total, Office of the Secretary Program Level"
Senate Reported,ACC-HHS-SAMHSA-MENTAL-HEALTH,budget authority,,found,1739985000,252,"Subtotal, Mental Health"
Senate Reported,ACC-HHS-SAMHSA-PREVENTION,budget authority,,found,206469000,253,Programs of Regional and National Significance
Senate Reported,ACC-HHS-SAMHSA-PROGRAM-SUPPORT,budget authority,,found,128830000,253,Health Surveillance and Program Support
Senate Reported,ACC-HHS-SAMHSA-TOTAL,budget authority,,found,5853840000,253,"Total, SAMHSA"
Senate Reported,ACC-HHS-SAMHSA-TOTAL,budget authority,program_level,found,5999507000,253,"Total, SAMHSA Program Level"
Senate Reported,ACC-HHS-SAMHSA-TREATMENT,budget authority,,found,3778556000,253,"Subtotal, Substance Abuse Treatment"
Senate Reported,ACC-HHS-TITLE-II-TOTAL,budget authority,,found,1016439419000,263,"Total, Title II, Department of Health and Human Services"
Senate Reported,ACC-HHS-TITLE-II-TOTAL,budget authority,discretionary,not printed,,,
Senate Reported,ACC-HHS-CDC-PROGRAM-SUPPORT,budget authority,,derived,113570000,248,"derived, not a printed line: the sum of the lines printed under 'CDC-Wide Activities and Program Support': 'Office of the Director' 113,570 (p.248) = 113,570 (thousands); the later tables print 'CDC-Wide Activities' subtotals as exactly this sum (a Prevention and Public Health Fund transfer is a memo, not in it)"
Senate Reported,ACC-HHS-NIH-OD,budget authority,,derived,2390659000,251,"derived, not a printed line: 'Office of the Director' 2,378,059 (p.251) + 'Gabriella Miller Kids First Research Act (Common Fund add)' 12,600 (p.251) = 2,390,659 (thousands); the FY2023-FY2026 tables print 'Subtotal, Office of the Director' as the lines under the heading"
Enacted,ACC-HHS-ACF-CCDBG,budget authority,,found,5911000000,485,Payments to States for the Child Care and Development Block Grant
Enacted,ACC-HHS-ACF-CFSP,budget authority,,found,13040511000,487,"Total, Children and Families Services Programs"
Enacted,ACC-HHS-ACF-CHILD-SUPPORT,budget authority,,found,3039000000,484,"Total, Family Support Payments, available in this bill"
Enacted,ACC-HHS-ACF-FOSTER-CARE,budget authority,,found,10011537000,488,"Total, Payments to States, available in this bill"
Enacted,ACC-HHS-ACF-HEAD-START,budget authority,,found,10748095000,486,Head Start
Enacted,ACC-HHS-ACF-LIHEAP,budget authority,,found,3750304000,485,Formula Grants
Enacted,ACC-HHS-ACF-PSSF,budget authority,,found,427515000,487,"Total, Promoting Safe and Stable Families"
Enacted,ACC-HHS-ACF-REFUGEE,budget authority,,found,1910201000,485,"Total, Refugee and Entrant Assistance"
Enacted,ACC-HHS-ACF-SSBG,budget authority,,found,1700000000,485,Social Services Block Grant (Title XX)
Enacted,ACC-HHS-ACF-SSBG,budget authority,chamber_proposal,found,0,485,Diaper Grants
Enacted,ACC-HHS-ACF-TOTAL,budget authority,,found,41190068000,488,"Total, Administration for Children and Families"
Enacted,ACC-HHS-ACF-TOTAL,budget authority,discretionary,not printed,,,
Enacted,ACC-HHS-ACF-TOTAL,budget authority,excluding_emergencies,not printed,,,
Enacted,ACC-HHS-ACF-TOTAL,budget authority,program_level,found,41190068000,488,"Total, ACF Program Level"
Enacted,ACC-HHS-ACL-TOTAL,budget authority,,found,2258115000,491,"Total, Administration for Community Living"
Enacted,ACC-HHS-ACL-TOTAL,budget authority,program_level,found,2285815000,491,"Total, ACL program level"
Enacted,ACC-HHS-AHA-TOTAL,budget authority,,not printed,,,
Enacted,ACC-HHS-AHA-TOTAL,budget authority,program_level,not printed,,,
Enacted,ACC-HHS-AHRQ-TOTAL,budget authority,,found,338000000,481,Federal funds 3/
Enacted,ACC-HHS-AHRQ-TOTAL,budget authority,program_level,found,338000000,481,"Total, AHRQ Program Level 3/"
Enacted,ACC-HHS-ASPR-OPER,budget authority,,not printed,,,
Enacted,ACC-HHS-ASPR-RDP,budget authority,,not printed,,,
Enacted,ACC-HHS-ASPR-TOTAL,budget authority,,not printed,,,
Enacted,ACC-HHS-CDC-BIRTH-DEFECTS,budget authority,,found,167810000,472,"Birth Defects, Developmental Disabilities, Disabilities and Health"
Enacted,ACC-HHS-CDC-BUILDINGS-FACILITIES,budget authority,,found,30000000,473,Buildings and Facilities
Enacted,ACC-HHS-CDC-CHRONIC-DISEASE,budget authority,,found,1021714000,472,Chronic Disease Prevention and Health Promotion
Enacted,ACC-HHS-CDC-EEOICP,budget authority,,found,55358000,473,Energy Employees Occupational Illness Compensation Program
Enacted,ACC-HHS-CDC-EMERGING-ZOONOTIC,budget authority,,found,596272000,472,Emerging and Zoonotic Infectious Diseases
Enacted,ACC-HHS-CDC-ENVIRONMENTAL-HEALTH,budget authority,,found,205850000,473,Environmental Health
Enacted,ACC-HHS-CDC-GLOBAL-HEALTH,budget authority,,found,592843000,473,Global Health
Enacted,ACC-HHS-CDC-HIV-HEPATITIS-STD-TB,budget authority,,found,1314056000,472,"HIV/AIDS, Viral Hepatitis, Sexually Transmitted Diseases, and Tuberculosis Prevention"
Enacted,ACC-HHS-CDC-IMMUNIZATION,budget authority,,found,448805000,472,Immunization and Respiratory Diseases
Enacted,ACC-HHS-CDC-INJURY-PREVENTION,budget authority,,found,682879000,473,Injury Prevention and Control
Enacted,ACC-HHS-CDC-NIOSH,budget authority,,found,345300000,473,National Institute for Occupational Safety and Health.
Enacted,ACC-HHS-CDC-PREPAREDNESS,budget authority,,found,842200000,473,Public Health Preparedness and Response
Enacted,ACC-HHS-CDC-PROGRAM-SUPPORT,budget authority,,not printed,,,
Enacted,ACC-HHS-CDC-SCIENTIFIC-SERVICES,budget authority,,found,591997000,472,Public Health Scientific Services
Enacted,ACC-HHS-CDC-TOTAL,budget authority,,found,7018654000,474,"Total, Centers for Disease Control and Prevention"
Enacted,ACC-HHS-CDC-TOTAL,budget authority,program_level,found,7874804000,474,"Total, Centers for Disease Control Program Level"
Enacted,ACC-HHS-CMS-HCFAC,budget authority,,found,807000000,483,"Total, Health Care Fraud and Abuse Control (Trust funds)"
Enacted,ACC-HHS-CMS-MEDICAID,advance,,found,148732315000,482,"New advance, 1st quarter, FY 2023"
Enacted,ACC-HHS-CMS-MEDICAID,budget authority,,not printed,,,
Enacted,ACC-HHS-CMS-MEDICAID,budget authority,appropriated_in_this_bill,found,462636413000,482,"Total, Grants to States for Medicaid, appropriated in this bill"
Enacted,ACC-HHS-CMS-MEDICAID,budget authority,program_level_available_this_fiscal_year,found,453807173000,482,"Total, Medicaid Program Level, available this fiscal year"
Enacted,ACC-HHS-CMS-MEDICAID,prior_year_advance,,found,-139903075000,482,Less appropriations provided in prior years.
Enacted,ACC-HHS-CMS-PROGRAM-MANAGEMENT,budget authority,,found,3669744000,483,"Total, Program management"
Enacted,ACC-HHS-CMS-TOTAL,budget authority,,found,906627157000,483,"Total, Centers for Medicare and Medicaid Services"
Enacted,ACC-HHS-CMS-TRUST-FUND-PAYMENTS,budget authority,,found,439514000000,482,"Total, Payments to Trust Funds"
Enacted,ACC-HHS-GP-ADOPTION-INCENTIVES-RESCISSION,rescission,,not printed,,,
Enacted,ACC-HHS-GP-MEDICARE-LIMITATION,budget authority,,not printed,,,
Enacted,ACC-HHS-GP-MEDICARE-OPERATIONS,budget authority,,not printed,,,
Enacted,ACC-HHS-GP-NEF-RESCISSION,rescission,,not printed,,,
Enacted,ACC-HHS-GP-NEF-RESCISSION,rescission,emergency,not printed,,,
Enacted,ACC-HHS-HRSA-CCPF,budget authority,,found,0,471,Countermeasures Injury Compensation Trust Fund
Enacted,ACC-HHS-HRSA-FAMILY-PLANNING,budget authority,,found,286479000,470,Family Planning
Enacted,ACC-HHS-HRSA-HEALTH-CENTERS,budget authority,,found,1682772000,466,Community Health Centers
Enacted,ACC-HHS-HRSA-HEALTH-SYSTEMS,budget authority,,found,129093000,470,"Subtotal, Health Care Systems Bureau, appropriation"
Enacted,ACC-HHS-HRSA-HEALTH-WORKFORCE,budget authority,,found,1224006000,468,"Total, Health Workforce"
Enacted,ACC-HHS-HRSA-MCH,budget authority,,found,975284000,468,"Total, Maternal and Child Health"
Enacted,ACC-HHS-HRSA-PRIMARY-CARE,budget authority,,found,1683772000,466,"Total, Primary Health Care"
Enacted,ACC-HHS-HRSA-PROGRAM-SUPPORT,budget authority,,found,155300000,470,Program Management
Enacted,ACC-HHS-HRSA-PROGRAM-SUPPORT,budget authority,congressionally_directed_spending,not printed,,,
Enacted,ACC-HHS-HRSA-RURAL-HEALTH,budget authority,,found,329519000,470,"Total, Rural Health"
Enacted,ACC-HHS-HRSA-RYAN-WHITE,budget authority,,found,2423781000,469,"Total, Ryan White HIV/AIDS program"
Enacted,ACC-HHS-HRSA-TOTAL,budget authority,,found,7484034000,471,"Total, Health Resources and Services Administration"
Enacted,ACC-HHS-HRSA-VICTF,budget authority,,found,276800000,471,"Total, Vaccine Injury Compensation Trust Fund"
Enacted,ACC-HHS-NIH-ARPA-H,budget authority,,found,0,477,Advance Research Projects Agency for Health (ARPA-H)
Enacted,ACC-HHS-NIH-BEHAVIORAL-HEALTH,budget authority,,not printed,,,
Enacted,ACC-HHS-NIH-BODY-SYSTEMS,budget authority,,not printed,,,
Enacted,ACC-HHS-NIH-BUILDINGS-FACILITIES,budget authority,,found,200000000,477,Buildings and Facilities
Enacted,ACC-HHS-NIH-CHILD-WOMEN-SENSORY,budget authority,,not printed,,,
Enacted,ACC-HHS-NIH-CURES,budget authority,,found,404000000,496,CURES Act2/
Enacted,ACC-HHS-NIH-FIC,budget authority,,found,84044000,476,John E. Fogarty International Center (FIC)
Enacted,ACC-HHS-NIH-NCATS,budget authority,,found,855421000,477,National Center for Advancing Translational Sciences (NCATS)
Enacted,ACC-HHS-NIH-NCCIH,budget authority,,found,154162000,476,National Center for Complementary and Integrative Health (NCCIH)
Enacted,ACC-HHS-NIH-NCI,budget authority,,found,6364852000,475,National Cancer Institute (NCI)
Enacted,ACC-HHS-NIH-NEI,budget authority,,found,835714000,476,National Eye Institute (NEI)
Enacted,ACC-HHS-NIH-NEUROSCIENCE,budget authority,,not printed,,,
Enacted,ACC-HHS-NIH-NHGRI,budget authority,,found,615780000,476,National Human Genome Research Institute (NHGRI)
Enacted,ACC-HHS-NIH-NHLBI,budget authority,,found,3664811000,475,"National Heart, Lung, and Blood Institute (NHLBI)"
Enacted,ACC-HHS-NIH-NIA,budget authority,,found,3899227000,476,National Institute on Aging (NIA)
Enacted,ACC-HHS-NIH-NIAAA,budget authority,,found,554923000,476,National Institute on Alcohol Abuse and Alcoholism (NIAAA)
Enacted,ACC-HHS-NIH-NIAID,budget authority,,found,6069619000,475,National Institute of Allergy and Infectious Diseases (NIAID)
Enacted,ACC-HHS-NIH-NIAMS,budget authority,,found,634292000,476,National Institute of Arthritis and Musculoskeletal and Skin Diseases (NIAMS)
Enacted,ACC-HHS-NIH-NIBIB,budget authority,,found,410728000,476,National Institute of Biomedical Imaging and Bioengineering (NIBIB)
Enacted,ACC-HHS-NIH-NICHD,budget authority,,found,1590337000,476,National Institute of Child Health and Human Development (NICHD)
Enacted,ACC-HHS-NIH-NIDA,budget authority,,found,1479660000,476,National Institute on Drug Abuse (NIDA)
Enacted,ACC-HHS-NIH-NIDCD,budget authority,,found,498076000,476,National Institute on Deafness and Other Communication Disorders (NIDCD)
Enacted,ACC-HHS-NIH-NIDCR,budget authority,,found,484867000,475,National Institute of Dental and Craniofacial Research (NIDCR)
Enacted,ACC-HHS-NIH-NIDDK,budget authority,,found,2131975000,475,National Institute of Diabetes and Digestive and Kidney Diseases (NIDDK)
Enacted,ACC-HHS-NIH-NIEHS,budget authority,,found,814675000,476,National Institute of Environmental Health Sciences (NIEHS)
Enacted,ACC-HHS-NIH-NIGMS,budget authority,,found,1719912000,475,National Institute of General Medical Sciences (NIGMS)
Enacted,ACC-HHS-NIH-NIMH,budget authority,,found,2053708000,476,National Institute of Mental Health (NIMH)
Enacted,ACC-HHS-NIH-NIMHD,budget authority,,found,390865000,476,National Institute on Minority Health and Health Disparities (NIMHD)
Enacted,ACC-HHS-NIH-NINDS,budget authority,,found,2463393000,475,National Institute of Neurological Disorders and Stroke (NINDS)
Enacted,ACC-HHS-NIH-NINR,budget authority,,found,174957000,476,National Institute of Nursing Research (NINR)
Enacted,ACC-HHS-NIH-NLM,budget authority,,found,463787000,477,National Library of Medicine (NLM)
Enacted,ACC-HHS-NIH-OD,budget authority,,found,2411110000,477,Office of the Director
Enacted,ACC-HHS-NIH-OD,budget authority,kids_first,found,12600000,477,Gabriella Miller Kids First Research Act (Common Fund add)
Enacted,ACC-HHS-NIH-SUBSTANCE-USE,budget authority,,not printed,,,
Enacted,ACC-HHS-NIH-TOTAL,budget authority,,found,41437495000,477,"Total, National Institutes of Health (NIH)"
Enacted,ACC-HHS-NIH-TOTAL,budget authority,program_level,found,42709000000,477,"Total, NIH Program Level"
Enacted,ACC-HHS-NIH-TOTAL,budget authority,program_level_excluding_arpa_h,not printed,,,
Enacted,ACC-HHS-NIH-TOTAL,budget authority,program_level_with_cures_and_phs_evaluation_act_funding,not printed,,,
Enacted,ACC-HHS-OS-COMMISSIONED-OFFICERS,budget authority,,found,653023000,493,"Total, Benefits for Commissioned Officers"
Enacted,ACC-HHS-OS-GDM,budget authority,,found,485794000,492,"Total, General Departmental Management"
Enacted,ACC-HHS-OS-OCR,budget authority,,found,38798000,493,Federal Funds
Enacted,ACC-HHS-OS-OIG,budget authority,,found,80000000,493,Inspector General Federal Funds
Enacted,ACC-HHS-OS-OMHA,budget authority,,found,191881000,493,Medicare Hearings and Appeals
Enacted,ACC-HHS-OS-ONC,budget authority,,found,62367000,493,Office of the National Coordinator for Health Information Technology
Enacted,ACC-HHS-OS-PHSSEF,budget authority,,found,2847458000,495,"Total, PHSSEF"
Enacted,ACC-HHS-OS-TOTAL,budget authority,,found,4359321000,495,"Total, Office of the Secretary"
Enacted,ACC-HHS-OS-TOTAL,budget authority,program_level,found,4424149000,495,"Total, Office of the Secretary Program Level"
Enacted,ACC-HHS-SAMHSA-MENTAL-HEALTH,budget authority,,found,1759236000,478,"Subtotal, Mental Health"
Enacted,ACC-HHS-SAMHSA-PREVENTION,budget authority,,found,208219000,479,Programs of Regional and National Significance
Enacted,ACC-HHS-SAMHSA-PROGRAM-SUPPORT,budget authority,,found,128830000,480,Health Surveillance and Program Support
Enacted,ACC-HHS-SAMHSA-TOTAL,budget authority,,found,5869841000,480,"Total, SAMHSA"
Enacted,ACC-HHS-SAMHSA-TOTAL,budget authority,program_level,found,6015508000,480,"Total, SAMHSA Program Level"
Enacted,ACC-HHS-SAMHSA-TREATMENT,budget authority,,found,3773556000,479,"Subtotal, Substance Abuse Treatment"
Enacted,ACC-HHS-TITLE-II-TOTAL,budget authority,,found,1016582685000,496,"Total, Title II, Department of Health and Human Services"
Enacted,ACC-HHS-TITLE-II-TOTAL,budget authority,discretionary,not printed,,,
Enacted,ACC-HHS-CMS-MEDICAID,budget authority,,derived,313904098000,482,"derived, not a printed line: 'Total, Grants to States for Medicaid, appropriated in this bill' 462,636,413 (p.482) - 'New advance, 1st quarter, FY 2023' 148,732,315 (p.482) = 313,904,098 (thousands); the FY2024-FY2027 tables print the headline as exactly this difference"
Enacted,ACC-HHS-CDC-PROGRAM-SUPPORT,budget authority,,derived,123570000,474,"derived, not a printed line: the sum of the lines printed under 'CDC-Wide Activities and Program Support': 'Office of the Director' 113,570 (p.474) + 'Infectious Diseases Rapid Response Reserve Fund' 10,000 (p.474) + 'Public Health Infrastructure and Capacity' 0 (p.474) = 123,570 (thousands); the later tables print 'CDC-Wide Activities' subtotals as exactly this sum (a Prevention and Public Health Fund transfer is a memo, not in it)"
Enacted,ACC-HHS-NIH-OD,budget authority,,derived,2423710000,477,"derived, not a printed line: 'Office of the Director' 2,411,110 (p.477) + 'Gabriella Miller Kids First Research Act (Common Fund add)' 12,600 (p.477) = 2,423,710 (thousands); the FY2023-FY2026 tables print 'Subtotal, Office of the Director' as the lines under the heading"
Enacted,ACC-HHS-NIH-ARPA-H,budget authority,,confirmed absence,0,477,Advance Research Projects Agency for Health (ARPA-H)
