concept,kind,fiscal_year,stage,document,column_header,page,label_as_printed,amount_thousands,extraction_method
Health Centers,account,2024,Enacted,CRPT-118hrpt585,FY 2024 Enacted,308,Health Centers,1857772,AI-extracted
Health Centers,account,2025,President's Budget,CRPT-118hrpt585,FY 2025 Request,308,Health Centers,1857772,AI-extracted
Health Centers,account,2025,House Reported,CRPT-118hrpt585,Bill,308,Health Centers,1857772,AI-extracted
Primary Health Care,account,2024,Enacted,CRPT-118hrpt585,FY 2024 Enacted,308,"Total, Primary Health Care",1858772,AI-extracted
Primary Health Care,account,2025,President's Budget,CRPT-118hrpt585,FY 2025 Request,308,"Total, Primary Health Care",1858772,AI-extracted
Primary Health Care,account,2025,House Reported,CRPT-118hrpt585,Bill,308,"Total, Primary Health Care",1858772,AI-extracted
Vaccine Injury Compensation Program Trust Fund,account,2024,Enacted,CRPT-118hrpt585,FY 2024 Enacted,313,"Total, Vaccine Injury Compensation Trust Fund",276697,AI-extracted
Vaccine Injury Compensation Program Trust Fund,account,2025,President's Budget,CRPT-118hrpt585,FY 2025 Request,313,"Total, Vaccine Injury Compensation Trust Fund",286927,AI-extracted
Vaccine Injury Compensation Program Trust Fund,account,2025,House Reported,CRPT-118hrpt585,Bill,313,"Total, Vaccine Injury Compensation Trust Fund",282427,AI-extracted
HRSA total,agency_total,2024,Enacted,CRPT-118hrpt585,FY 2024 Enacted,313,"Total, Health Resources and Services Administration",9171787,AI-extracted
HRSA total,agency_total,2025,President's Budget,CRPT-118hrpt585,FY 2025 Request,313,"Total, Health Resources and Services Administration",8530564,AI-extracted
HRSA total,agency_total,2025,House Reported,CRPT-118hrpt585,Bill,313,"Total, Health Resources and Services Administration",7638837,AI-extracted
CDC total,agency_total,2024,Enacted,CRPT-118hrpt585,FY 2024 Enacted,316,"Total, Centers for Disease Control and Prevention",7992946,AI-extracted
CDC total,agency_total,2025,President's Budget,CRPT-118hrpt585,FY 2025 Request,316,"Total, Centers for Disease Control and Prevention",8452490,AI-extracted
CDC total,agency_total,2025,House Reported,CRPT-118hrpt585,Bill,316,"Total, Centers for Disease Control and Prevention",6259858,AI-extracted
National Cancer Institute,account,2024,Enacted,CRPT-118hrpt585,FY 2024 Enacted,317,National Cancer Institute (NCI),7224159,AI-extracted
National Cancer Institute,account,2025,President's Budget,CRPT-118hrpt585,FY 2025 Request,317,National Cancer Institute (NCI),7839141,AI-extracted
National Cancer Institute,account,2025,House Reported,CRPT-118hrpt585,Bill,317,National Cancer Institute (NCI),7875289,AI-extracted
NIH total (with CURES Act funding),agency_total,2024,Enacted,CRPT-118hrpt585,FY 2024 Enacted,319,"Total, National Institutes of Health (with CURES Act funding)",47168518,AI-extracted
NIH total (with CURES Act funding),agency_total,2025,President's Budget,CRPT-118hrpt585,FY 2025 Request,319,"Total, National Institutes of Health (with CURES Act funding)",47812000,AI-extracted
NIH total (with CURES Act funding),agency_total,2025,House Reported,CRPT-118hrpt585,Bill,319,"Total, National Institutes of Health (with CURES Act funding)",47168518,AI-extracted
NIH program level,agency_total_variant,2024,Enacted,CRPT-118hrpt585,FY 2024 Enacted,319,"Total, National Institutes of Health, program level (with CURES and PHS Evaluation Act Funding)",48581000,AI-extracted
NIH program level,agency_total_variant,2025,President's Budget,CRPT-118hrpt585,FY 2025 Request,319,"Total, National Institutes of Health, program level (with CURES and PHS Evaluation Act Funding)",49830482,AI-extracted
NIH program level,agency_total_variant,2025,House Reported,CRPT-118hrpt585,Bill,319,"Total, National Institutes of Health, program level (with CURES and PHS Evaluation Act Funding)",48581000,AI-extracted
SAMHSA total,agency_total,2024,Enacted,CRPT-118hrpt585,FY 2024 Enacted,322,"Total, SAMHSA",7300729,AI-extracted
SAMHSA total,agency_total,2025,President's Budget,CRPT-118hrpt585,FY 2025 Request,322,"Total, SAMHSA",7569889,AI-extracted
SAMHSA total,agency_total,2025,House Reported,CRPT-118hrpt585,Bill,322,"Total, SAMHSA",7398400,AI-extracted
AHRQ total,agency_total,2024,Enacted,CRPT-118hrpt585,FY 2024 Enacted,323,"Total, AHRQ",369000,AI-extracted
AHRQ total,agency_total,2025,President's Budget,CRPT-118hrpt585,FY 2025 Request,323,"Total, AHRQ",387345,AI-extracted
AHRQ total,agency_total,2025,House Reported,CRPT-118hrpt585,Bill,323,"Total, AHRQ",0,AI-extracted
Grants to States for Medicaid,account,2024,Enacted,CRPT-118hrpt585,FY 2024 Enacted,324,"Total, Grants to States for Medicaid",406956850,AI-extracted
Grants to States for Medicaid,account,2025,President's Budget,CRPT-118hrpt585,FY 2025 Request,324,"Total, Grants to States for Medicaid",383609399,AI-extracted
Grants to States for Medicaid,account,2025,House Reported,CRPT-118hrpt585,Bill,324,"Total, Grants to States for Medicaid",383609399,AI-extracted
"Grants to States for Medicaid, appropriated in this bill",account_variant,2024,Enacted,CRPT-118hrpt585,FY 2024 Enacted,324,"Total, Grants to States for Medicaid, appropriated in this bill",652537264,AI-extracted
"Grants to States for Medicaid, appropriated in this bill",account_variant,2025,President's Budget,CRPT-118hrpt585,FY 2025 Request,324,"Total, Grants to States for Medicaid, appropriated in this bill",644673219,AI-extracted
"Grants to States for Medicaid, appropriated in this bill",account_variant,2025,House Reported,CRPT-118hrpt585,Bill,324,"Total, Grants to States for Medicaid, appropriated in this bill",644673219,AI-extracted
Payments to the Health Care Trust Funds,account,2024,Enacted,CRPT-118hrpt585,FY 2024 Enacted,324,"Total, Payments to Health Care Trust Funds",476725000,AI-extracted
Payments to the Health Care Trust Funds,account,2025,President's Budget,CRPT-118hrpt585,FY 2025 Request,324,"Total, Payments to Health Care Trust Funds",521757000,AI-extracted
Payments to the Health Care Trust Funds,account,2025,House Reported,CRPT-118hrpt585,Bill,324,"Total, Payments to Health Care Trust Funds",521757000,AI-extracted
CMS Program Management,account,2024,Enacted,CRPT-118hrpt585,FY 2024 Enacted,325,"Total, Program Management",3669744,AI-extracted
CMS Program Management,account,2025,President's Budget,CRPT-118hrpt585,FY 2025 Request,325,"Total, Program Management",4329000,AI-extracted
CMS Program Management,account,2025,House Reported,CRPT-118hrpt585,Bill,325,"Total, Program Management",3454690,AI-extracted
CMS total,agency_total,2024,Enacted,CRPT-118hrpt585,FY 2024 Enacted,325,"Total, Centers for Medicare & Medicaid Services",1133847008,AI-extracted
CMS total,agency_total,2025,President's Budget,CRPT-118hrpt585,FY 2025 Request,325,"Total, Centers for Medicare & Medicaid Services",1171700219,AI-extracted
CMS total,agency_total,2025,House Reported,CRPT-118hrpt585,Bill,325,"Total, Centers for Medicare & Medicaid Services",1170825909,AI-extracted
LIHEAP,account,2024,Enacted,CRPT-118hrpt585,FY 2024 Enacted,327,"Total, LIHEAP, program level",4025000,AI-extracted
LIHEAP,account,2025,President's Budget,CRPT-118hrpt585,FY 2025 Request,327,"Total, LIHEAP, program level",4111000,AI-extracted
LIHEAP,account,2025,House Reported,CRPT-118hrpt585,Bill,327,"Total, LIHEAP, program level",4040000,AI-extracted
Head Start,account,2024,Enacted,CRPT-118hrpt585,FY 2024 Enacted,328,Head Start,12271820,AI-extracted
Head Start,account,2025,President's Budget,CRPT-118hrpt585,FY 2025 Request,328,Head Start,12540519,AI-extracted
Head Start,account,2025,House Reported,CRPT-118hrpt585,Bill,328,Head Start,12296820,AI-extracted
ACF total,agency_total,2024,Enacted,CRPT-118hrpt585,FY 2024 Enacted,330,"Total, Administration for Children and Families.",52748216,AI-extracted
ACF total,agency_total,2025,President's Budget,CRPT-118hrpt585,FY 2025 Request,330,"Total, Administration for Children and Families.",55039423,AI-extracted
ACF total,agency_total,2025,House Reported,CRPT-118hrpt585,Bill,330,"Total, Administration for Children and Families.",48219801,AI-extracted
Health Centers,account,2024,Enacted,CRPT-118srpt207,2024 appropriation,430,Health Centers,1857772,text-extracted
Health Centers,account,2025,President's Budget,CRPT-118srpt207,Budget estimate,430,Health Centers,1857772,text-extracted
Health Centers,account,2025,Senate Reported,CRPT-118srpt207,Committee recommendation,430,Health Centers,1857772,text-extracted
Primary Health Care,account,2024,Enacted,CRPT-118srpt207,2024 appropriation,430,"Total, Primary Health Care",1858772,text-extracted
Primary Health Care,account,2025,President's Budget,CRPT-118srpt207,Budget estimate,430,"Total, Primary Health Care",1858772,text-extracted
Primary Health Care,account,2025,Senate Reported,CRPT-118srpt207,Committee recommendation,430,"Total, Primary Health Care",1858772,text-extracted
Vaccine Injury Compensation Program Trust Fund,account,2024,Enacted,CRPT-118srpt207,2024 appropriation,434,"Total, Vaccine Injury Compensation Trust Fund",276697,text-extracted
Vaccine Injury Compensation Program Trust Fund,account,2025,President's Budget,CRPT-118srpt207,Budget estimate,434,"Total, Vaccine Injury Compensation Trust Fund",286927,text-extracted
Vaccine Injury Compensation Program Trust Fund,account,2025,Senate Reported,CRPT-118srpt207,Committee recommendation,434,"Total, Vaccine Injury Compensation Trust Fund",281927,text-extracted
HRSA total,agency_total,2024,Enacted,CRPT-118srpt207,2024 appropriation,434,"Total, Health Resources and Services Administration",9171787,text-extracted
HRSA total,agency_total,2025,President's Budget,CRPT-118srpt207,Budget estimate,434,"Total, Health Resources and Services Administration",8530564,text-extracted
HRSA total,agency_total,2025,Senate Reported,CRPT-118srpt207,Committee recommendation,434,"Total, Health Resources and Services Administration",9211356,text-extracted
CDC total,agency_total,2024,Enacted,CRPT-118srpt207,2024 appropriation,436,"Total, Centers for Disease Control and Prevention",7992946,text-extracted
CDC total,agency_total,2025,President's Budget,CRPT-118srpt207,Budget estimate,436,"Total, Centers for Disease Control and Prevention",8452490,text-extracted
CDC total,agency_total,2025,Senate Reported,CRPT-118srpt207,Committee recommendation,436,"Total, Centers for Disease Control and Prevention",8098857,text-extracted
National Cancer Institute,account,2024,Enacted,CRPT-118srpt207,2024 appropriation,436,National Cancer Institute (NCI),7224159,text-extracted
National Cancer Institute,account,2025,President's Budget,CRPT-118srpt207,Budget estimate,436,National Cancer Institute (NCI),7839141,text-extracted
National Cancer Institute,account,2025,Senate Reported,CRPT-118srpt207,Committee recommendation,436,National Cancer Institute (NCI),7274159,text-extracted
NIH total (with CURES Act funding),agency_total,2024,Enacted,CRPT-118srpt207,2024 appropriation,439,"Total, National Institutes of Health (with CURES Act funding)",47168518,text-extracted
NIH total (with CURES Act funding),agency_total,2025,President's Budget,CRPT-118srpt207,Budget estimate,439,"Total, National Institutes of Health (with CURES Act funding)",47812000,text-extracted
NIH total (with CURES Act funding),agency_total,2025,Senate Reported,CRPT-118srpt207,Committee recommendation,439,"Total, National Institutes of Health (with CURES Act funding)",48938518,text-extracted
NIH program level,agency_total_variant,2024,Enacted,CRPT-118srpt207,2024 appropriation,439,"Total, National Institutes of Health, program level (with CURES and PHS Evaluation Act Funding)",48581000,text-extracted
NIH program level,agency_total_variant,2025,President's Budget,CRPT-118srpt207,Budget estimate,439,"Total, National Institutes of Health, program level (with CURES and PHS Evaluation Act Funding)",49830482,text-extracted
NIH program level,agency_total_variant,2025,Senate Reported,CRPT-118srpt207,Committee recommendation,439,"Total, National Institutes of Health, program level (with CURES and PHS Evaluation Act Funding)",50351000,text-extracted
SAMHSA total,agency_total,2024,Enacted,CRPT-118srpt207,2024 appropriation,441,"Total, SAMHSA",7300729,text-extracted
SAMHSA total,agency_total,2025,President's Budget,CRPT-118srpt207,Budget estimate,441,"Total, SAMHSA",7569889,text-extracted
SAMHSA total,agency_total,2025,Senate Reported,CRPT-118srpt207,Committee recommendation,441,"Total, SAMHSA",7471976,text-extracted
AHRQ total,agency_total,2024,Enacted,CRPT-118srpt207,2024 appropriation,441,"Total, AHRQ",369000,text-extracted
AHRQ total,agency_total,2025,President's Budget,CRPT-118srpt207,Budget estimate,441,"Total, AHRQ",387345,text-extracted
AHRQ total,agency_total,2025,Senate Reported,CRPT-118srpt207,Committee recommendation,441,"Total, AHRQ",376000,text-extracted
Grants to States for Medicaid,account,2024,Enacted,CRPT-118srpt207,2024 appropriation,442,"Total, Grants to States for Medicaid",406956850,text-extracted
Grants to States for Medicaid,account,2025,President's Budget,CRPT-118srpt207,Budget estimate,442,"Total, Grants to States for Medicaid",383609399,text-extracted
Grants to States for Medicaid,account,2025,Senate Reported,CRPT-118srpt207,Committee recommendation,442,"Total, Grants to States for Medicaid",383609399,text-extracted
"Grants to States for Medicaid, appropriated in this bill",account_variant,2024,Enacted,CRPT-118srpt207,2024 appropriation,442,"Total, Grants to States for Medicaid, appropriated in this bill",652537264,text-extracted
"Grants to States for Medicaid, appropriated in this bill",account_variant,2025,President's Budget,CRPT-118srpt207,Budget estimate,442,"Total, Grants to States for Medicaid, appropriated in this bill",644673219,text-extracted
"Grants to States for Medicaid, appropriated in this bill",account_variant,2025,Senate Reported,CRPT-118srpt207,Committee recommendation,442,"Total, Grants to States for Medicaid, appropriated in this bill",644673219,text-extracted
Payments to the Health Care Trust Funds,account,2024,Enacted,CRPT-118srpt207,2024 appropriation,442,"Total, Payments to Trust Funds",476725000,text-extracted
Payments to the Health Care Trust Funds,account,2025,President's Budget,CRPT-118srpt207,Budget estimate,442,"Total, Payments to Trust Funds",521757000,text-extracted
Payments to the Health Care Trust Funds,account,2025,Senate Reported,CRPT-118srpt207,Committee recommendation,442,"Total, Payments to Trust Funds",521757000,text-extracted
CMS Program Management,account,2024,Enacted,CRPT-118srpt207,2024 appropriation,443,"Total, Program Management",3669744,text-extracted
CMS Program Management,account,2025,President's Budget,CRPT-118srpt207,Budget estimate,443,"Total, Program Management",4329000,text-extracted
CMS Program Management,account,2025,Senate Reported,CRPT-118srpt207,Committee recommendation,443,"Total, Program Management",3669744,text-extracted
CMS total,agency_total,2024,Enacted,CRPT-118srpt207,2024 appropriation,443,"Total, Centers for Medicare and Medicaid Services",1133847008,text-extracted
CMS total,agency_total,2025,President's Budget,CRPT-118srpt207,Budget estimate,443,"Total, Centers for Medicare and Medicaid Services",1171700219,text-extracted
CMS total,agency_total,2025,Senate Reported,CRPT-118srpt207,Committee recommendation,443,"Total, Centers for Medicare and Medicaid Services",1171040963,text-extracted
LIHEAP,account,2024,Enacted,CRPT-118srpt207,2024 appropriation,444,"Total, LIHEAP, program level",4025000,text-extracted
LIHEAP,account,2025,President's Budget,CRPT-118srpt207,Budget estimate,444,"Total, LIHEAP, program level",4111000,text-extracted
LIHEAP,account,2025,Senate Reported,CRPT-118srpt207,Committee recommendation,444,"Total, LIHEAP, program level",4125000,text-extracted
Head Start,account,2024,Enacted,CRPT-118srpt207,2024 appropriation,445,Head Start,12271820,text-extracted
Head Start,account,2025,President's Budget,CRPT-118srpt207,Budget estimate,445,Head Start,12540519,text-extracted
Head Start,account,2025,Senate Reported,CRPT-118srpt207,Committee recommendation,445,Head Start,12271820,text-extracted
ACF total,agency_total,2024,Enacted,CRPT-118srpt207,2024 appropriation,446,"Total, Administration for Children and Families",52748216,text-extracted
ACF total,agency_total,2025,President's Budget,CRPT-118srpt207,Budget estimate,446,"Total, Administration for Children and Families",55039423,text-extracted
ACF total,agency_total,2025,Senate Reported,CRPT-118srpt207,Committee recommendation,446,"Total, Administration for Children and Families",54481055,text-extracted
ACL total,agency_total,2024,Enacted,CRPT-118srpt207,2024 appropriation,449,"Total, Administration for Community Living",2520342,text-extracted
ACL total,agency_total,2025,President's Budget,CRPT-118srpt207,Budget estimate,449,"Total, Administration for Community Living",2606343,text-extracted
ACL total,agency_total,2025,Senate Reported,CRPT-118srpt207,Committee recommendation,449,"Total, Administration for Community Living",2516117,text-extracted
ASPR total,agency_total,2024,Enacted,CRPT-118srpt207,2024 appropriation,450,"Total, Administration for Strategic Preparedness and Response",3634606,text-extracted
ASPR total,agency_total,2025,President's Budget,CRPT-118srpt207,Budget estimate,450,"Total, Administration for Strategic Preparedness and Response",3768088,text-extracted
ASPR total,agency_total,2025,Senate Reported,CRPT-118srpt207,Committee recommendation,450,"Total, Administration for Strategic Preparedness and Response",3827597,text-extracted
OS total,agency_total,2024,Enacted,CRPT-118srpt207,2024 appropriation,452,"Total, Office of the Secretary",1761616,text-extracted
OS total,agency_total,2025,President's Budget,CRPT-118srpt207,Budget estimate,452,"Total, Office of the Secretary",1964409,text-extracted
OS total,agency_total,2025,Senate Reported,CRPT-118srpt207,Committee recommendation,452,"Total, Office of the Secretary",1880729,text-extracted
Title II total,title_total,2024,Enacted,CRPT-118srpt207,2024 appropriation,452,"Total, Title II, Department of Health and Human Services",1266562768,text-extracted
Title II total,title_total,2025,President's Budget,CRPT-118srpt207,Budget estimate,452,"Total, Title II, Department of Health and Human Services",1307703770,text-extracted
Title II total,title_total,2025,Senate Reported,CRPT-118srpt207,Committee recommendation,452,"Total, Title II, Department of Health and Human Services",1308241168,text-extracted
Title II discretionary,title_total_variant,2024,Enacted,CRPT-118srpt207,2024 appropriation,452,"Total, Title II, Department of Health and Human Services discretionary",117442958,text-extracted
Title II discretionary,title_total_variant,2025,President's Budget,CRPT-118srpt207,Budget estimate,452,"Total, Title II, Department of Health and Human Services discretionary",122119671,text-extracted
Title II discretionary,title_total_variant,2025,Senate Reported,CRPT-118srpt207,Committee recommendation,452,"Total, Title II, Department of Health and Human Services discretionary",122557069,text-extracted
Health Centers,account,2023,Enacted,CRPT-118srpt84,2023 appropriation,372,Health Centers,1857772,text-extracted
Health Centers,account,2024,President's Budget,CRPT-118srpt84,Budget estimate,372,Health Centers,1937772,text-extracted
Health Centers,account,2024,Senate Reported,CRPT-118srpt84,Committee recommendation,372,Health Centers,1857772,text-extracted
Primary Health Care,account,2023,Enacted,CRPT-118srpt84,2023 appropriation,372,"Total, Primary Health Care",1858772,text-extracted
Primary Health Care,account,2024,President's Budget,CRPT-118srpt84,Budget estimate,372,"Total, Primary Health Care",1938772,text-extracted
Primary Health Care,account,2024,Senate Reported,CRPT-118srpt84,Committee recommendation,372,"Total, Primary Health Care",1858772,text-extracted
Vaccine Injury Compensation Program Trust Fund,account,2023,Enacted,CRPT-118srpt84,2023 appropriation,376,"Total, Vaccine Injury Compensation Trust Fund",271570,text-extracted
Vaccine Injury Compensation Program Trust Fund,account,2024,President's Budget,CRPT-118srpt84,Budget estimate,376,"Total, Vaccine Injury Compensation Trust Fund",287697,text-extracted
Vaccine Injury Compensation Program Trust Fund,account,2024,Senate Reported,CRPT-118srpt84,Committee recommendation,376,"Total, Vaccine Injury Compensation Trust Fund",276697,text-extracted
HRSA total,agency_total,2023,Enacted,CRPT-118srpt84,2023 appropriation,376,"Total, Health Resources and Services Administration",9743853,text-extracted
HRSA total,agency_total,2024,President's Budget,CRPT-118srpt84,Budget estimate,376,"Total, Health Resources and Services Administration",9466396,text-extracted
HRSA total,agency_total,2024,Senate Reported,CRPT-118srpt84,Committee recommendation,376,"Total, Health Resources and Services Administration",9138796,text-extracted
CDC total,agency_total,2023,Enacted,CRPT-118srpt84,2023 appropriation,377,"Total, Centers for Disease Control and Prevention",8314290,text-extracted
CDC total,agency_total,2024,President's Budget,CRPT-118srpt84,Budget estimate,377,"Total, Centers for Disease Control and Prevention",10272669,text-extracted
CDC total,agency_total,2024,Senate Reported,CRPT-118srpt84,Committee recommendation,377,"Total, Centers for Disease Control and Prevention",7767060,text-extracted
National Cancer Institute,account,2023,Enacted,CRPT-118srpt84,2023 appropriation,378,National Cancer Institute (NCI),7104159,text-extracted
National Cancer Institute,account,2024,President's Budget,CRPT-118srpt84,Budget estimate,378,National Cancer Institute (NCI),7820159,text-extracted
National Cancer Institute,account,2024,Senate Reported,CRPT-118srpt84,Committee recommendation,378,National Cancer Institute (NCI),7164159,text-extracted
NIH total (with CURES Act funding),agency_total,2023,Enacted,CRPT-118srpt84,2023 appropriation,379,"Total, National Institutes of Health (NIH) with CURES Act funding",47546518,text-extracted
NIH total (with CURES Act funding),agency_total,2024,President's Budget,CRPT-118srpt84,Budget estimate,379,"Total, National Institutes of Health (NIH) with CURES Act funding",48821980,text-extracted
NIH total (with CURES Act funding),agency_total,2024,Senate Reported,CRPT-118srpt84,Committee recommendation,379,"Total, National Institutes of Health (NIH) with CURES Act funding",47811518,text-extracted
NIH program level,agency_total_variant,2023,Enacted,CRPT-118srpt84,2023 appropriation,379,"Total, National Institutes of Health program level",48959000,text-extracted
NIH program level,agency_total_variant,2024,President's Budget,CRPT-118srpt84,Budget estimate,379,"Total, National Institutes of Health program level",50770089,text-extracted
NIH program level,agency_total_variant,2024,Senate Reported,CRPT-118srpt84,Committee recommendation,379,"Total, National Institutes of Health program level",49224000,text-extracted
SAMHSA total,agency_total,2023,Enacted,CRPT-118srpt84,2023 appropriation,381,"Total, SAMHSA",7370416,text-extracted
SAMHSA total,agency_total,2024,President's Budget,CRPT-118srpt84,Budget estimate,381,"Total, SAMHSA",10274808,text-extracted
SAMHSA total,agency_total,2024,Senate Reported,CRPT-118srpt84,Committee recommendation,381,"Total, SAMHSA",7404601,text-extracted
AHRQ total,agency_total,2023,Enacted,CRPT-118srpt84,2023 appropriation,382,"Total, AHRQ",373500,text-extracted
AHRQ total,agency_total,2024,President's Budget,CRPT-118srpt84,Budget estimate,382,"Total, AHRQ",402500,text-extracted
AHRQ total,agency_total,2024,Senate Reported,CRPT-118srpt84,Committee recommendation,382,"Total, AHRQ",370500,text-extracted
"Grants to States for Medicaid, appropriated in this bill",account_variant,2023,Enacted,CRPT-118srpt84,2023 appropriation,382,"Total, Grants to States for Medicaid, appropriated in this bill",564937564,text-extracted
"Grants to States for Medicaid, appropriated in this bill",account_variant,2024,President's Budget,CRPT-118srpt84,Budget estimate,382,"Total, Grants to States for Medicaid, appropriated in this bill",652537264,text-extracted
"Grants to States for Medicaid, appropriated in this bill",account_variant,2024,Senate Reported,CRPT-118srpt84,Committee recommendation,382,"Total, Grants to States for Medicaid, appropriated in this bill",652537264,text-extracted
Payments to the Health Care Trust Funds,account,2023,Enacted,CRPT-118srpt84,2023 appropriation,383,"Total, Payments to Trust Funds",548130000,text-extracted
Payments to the Health Care Trust Funds,account,2024,President's Budget,CRPT-118srpt84,Budget estimate,383,"Total, Payments to Trust Funds",476725000,text-extracted
Payments to the Health Care Trust Funds,account,2024,Senate Reported,CRPT-118srpt84,Committee recommendation,383,"Total, Payments to Trust Funds",476725000,text-extracted
CMS Program Management,account,2023,Enacted,CRPT-118srpt84,2023 appropriation,383,"Total, Program Management",3669744,text-extracted
CMS Program Management,account,2024,President's Budget,CRPT-118srpt84,Budget estimate,383,"Total, Program Management",4550070,text-extracted
CMS Program Management,account,2024,Senate Reported,CRPT-118srpt84,Committee recommendation,383,"Total, Program Management",3669744,text-extracted
CMS total,agency_total,2023,Enacted,CRPT-118srpt84,2023 appropriation,383,"Total, Centers for Medicare and Medicaid Services",1117630308,text-extracted
CMS total,agency_total,2024,President's Budget,CRPT-118srpt84,Budget estimate,383,"Total, Centers for Medicare and Medicaid Services",1134749334,text-extracted
CMS total,agency_total,2024,Senate Reported,CRPT-118srpt84,Committee recommendation,383,"Total, Centers for Medicare and Medicaid Services",1133847008,text-extracted
LIHEAP,account,2023,Enacted,CRPT-118srpt84,2023 appropriation,384,"Total, LIHEAP",4000000,text-extracted
LIHEAP,account,2024,President's Budget,CRPT-118srpt84,Budget estimate,384,"Total, LIHEAP",4111000,text-extracted
LIHEAP,account,2024,Senate Reported,CRPT-118srpt84,Committee recommendation,384,"Total, LIHEAP",4075000,text-extracted
Head Start,account,2023,Enacted,CRPT-118srpt84,2023 appropriation,385,Head Start,11996820,text-extracted
Head Start,account,2024,President's Budget,CRPT-118srpt84,Budget estimate,385,Head Start,13111586,text-extracted
Head Start,account,2024,Senate Reported,CRPT-118srpt84,Committee recommendation,385,Head Start,11996820,text-extracted
ACF total,agency_total,2023,Enacted,CRPT-118srpt84,2023 appropriation,386,"Total, Administration for Children and Families",52962553,text-extracted
ACF total,agency_total,2024,President's Budget,CRPT-118srpt84,Budget estimate,386,"Total, Administration for Children and Families",55363420,text-extracted
ACF total,agency_total,2024,Senate Reported,CRPT-118srpt84,Committee recommendation,386,"Total, Administration for Children and Families",52845216,text-extracted
ACL total,agency_total,2023,Enacted,CRPT-118srpt84,2023 appropriation,389,"Total, Administration for Community Living",2537787,text-extracted
ACL total,agency_total,2024,President's Budget,CRPT-118srpt84,Budget estimate,389,"Total, Administration for Community Living",3027622,text-extracted
ACL total,agency_total,2024,Senate Reported,CRPT-118srpt84,Committee recommendation,389,"Total, Administration for Community Living",2524592,text-extracted
ASPR total,agency_total,2023,Enacted,CRPT-118srpt84,2023 appropriation,390,"Total, Administration for Strategic Preparedness and Response",3629677,text-extracted
ASPR total,agency_total,2024,President's Budget,CRPT-118srpt84,Budget estimate,390,"Total, Administration for Strategic Preparedness and Response",4271913,text-extracted
ASPR total,agency_total,2024,Senate Reported,CRPT-118srpt84,Committee recommendation,390,"Total, Administration for Strategic Preparedness and Response",3673677,text-extracted
OS total,agency_total,2023,Enacted,CRPT-118srpt84,2023 appropriation,392,"Total, Office of the Secretary",1708161,text-extracted
OS total,agency_total,2024,President's Budget,CRPT-118srpt84,Budget estimate,392,"Total, Office of the Secretary",2096130,text-extracted
OS total,agency_total,2024,Senate Reported,CRPT-118srpt84,Committee recommendation,392,"Total, Office of the Secretary",1768625,text-extracted
Title II total,title_total,2023,Enacted,CRPT-118srpt84,2023 appropriation,392,"Total, Title II, Department of Health and Human Services",1250732063,text-extracted
Title II total,title_total,2024,President's Budget,CRPT-118srpt84,Budget estimate,392,"Total, Title II, Department of Health and Human Services",1278339772,text-extracted
Title II total,title_total,2024,Senate Reported,CRPT-118srpt84,Committee recommendation,392,"Total, Title II, Department of Health and Human Services",1266744593,text-extracted
Health Centers,account,2026,Senate Reported,CRPT-119srpt55,Committee recommendation,431,Health Centers,1857772,text-extracted
Primary Health Care,account,2026,Senate Reported,CRPT-119srpt55,Committee recommendation,431,"Total, Primary Health Care",1858772,text-extracted
Vaccine Injury Compensation Program Trust Fund,account,2026,Senate Reported,CRPT-119srpt55,Committee recommendation,433,"Total, Vaccine Injury Compensation Trust Fund",287262,text-extracted
HRSA total,agency_total,2026,Senate Reported,CRPT-119srpt55,Committee recommendation,433,"Total, Health Resources and Services Administration",9133562,text-extracted
CDC total,agency_total,2026,Senate Reported,CRPT-119srpt55,Committee recommendation,434,"Total, Centers for Disease Control and Prevention",7710771,text-extracted
National Cancer Institute,account,2026,Senate Reported,CRPT-119srpt55,Committee recommendation,434,National Cancer Institute (NCI),7374159,text-extracted
NIH total (with CURES Act funding),agency_total,2026,Senate Reported,CRPT-119srpt55,Committee recommendation,435,"Total, National Institutes of Health (with CURES Act funding)",47288518,text-extracted
NIH program level,agency_total_variant,2026,Senate Reported,CRPT-119srpt55,Committee recommendation,435,"Total, National Institutes of Health, program level (with CURES and PHS Evaluation Act Funding)",48701000,text-extracted
SAMHSA total,agency_total,2026,Senate Reported,CRPT-119srpt55,Committee recommendation,436,"Total, SAMHSA",7283250,text-extracted
AHRQ total,agency_total,2026,Senate Reported,CRPT-119srpt55,Committee recommendation,436,"Total, AHRQ",345380,text-extracted
Grants to States for Medicaid,account,2026,Senate Reported,CRPT-119srpt55,Committee recommendation,437,"Total, Grants to States for Medicaid",508148791,text-extracted
"Grants to States for Medicaid, appropriated in this bill",account_variant,2026,Senate Reported,CRPT-119srpt55,Committee recommendation,437,"Total, Grants to States for Medicaid, appropriated in this bill",824663516,text-extracted
Payments to the Health Care Trust Funds,account,2026,Senate Reported,CRPT-119srpt55,Committee recommendation,437,"Total, Payments to Trust Funds",593817000,text-extracted
CMS Program Management,account,2026,Senate Reported,CRPT-119srpt55,Committee recommendation,437,"Total, Program Management",3669744,text-extracted
CMS total,agency_total,2026,Senate Reported,CRPT-119srpt55,Committee recommendation,437,"Total, Centers for Medicare and Medicaid Services",1423091260,text-extracted
LIHEAP,account,2026,Senate Reported,CRPT-119srpt55,Committee recommendation,438,"Total, LIHEAP",4045000,text-extracted
Head Start,account,2026,Senate Reported,CRPT-119srpt55,Committee recommendation,438,Head Start,12356820,text-extracted
ACF total,agency_total,2026,Senate Reported,CRPT-119srpt55,Committee recommendation,439,"Total, Administration for Children and Families",52240075,text-extracted
ACL total,agency_total,2026,Senate Reported,CRPT-119srpt55,Committee recommendation,440,"Total, Administration for Community Living",2500979,text-extracted
ASPR total,agency_total,2026,Senate Reported,CRPT-119srpt55,Committee recommendation,441,"Total, Administration for Strategic Preparedness and Response",3616597,text-extracted
OS total,agency_total,2026,Senate Reported,CRPT-119srpt55,Committee recommendation,442,"Total, Office of the Secretary",1883116,text-extracted
Title II total,title_total,2026,Senate Reported,CRPT-119srpt55,Committee recommendation,442,"Total, Title II, Department of Health and Human Services",1555322508,text-extracted
Title II discretionary,title_total_variant,2026,Senate Reported,CRPT-119srpt55,Committee recommendation,442,"Total, Title II, Department of Health and Human Services discretionary",116857390,text-extracted
