concept,fiscal_year,stage,agree,figures
ACF total,2024,Enacted,yes,"CRPT-118hrpt585 p.330 (AI-extracted) 52,748,216; CRPT-118srpt207 p.446 (text-extracted) 52,748,216"
ACF total,2025,President's Budget,yes,"CRPT-118hrpt585 p.330 (AI-extracted) 55,039,423; CRPT-118srpt207 p.446 (text-extracted) 55,039,423"
ACF total,2026,Enacted,yes,"CRPT-119hrpt696 p.387 (AI-extracted) 51,736,248; FY2026 JES (CREC H1353ff) p.292 (H1644) (hand-read) 51,736,248"
ACL total,2024,Enacted,yes,"CRPT-118hrpt585 p.333 (AI-extracted) 2,520,342; CRPT-118srpt207 p.449 (text-extracted) 2,520,342"
ACL total,2025,President's Budget,yes,"CRPT-118hrpt585 p.333 (AI-extracted) 2,606,343; CRPT-118srpt207 p.449 (text-extracted) 2,606,343"
ACL total,2026,Enacted,yes,"CRPT-119hrpt696 p.390 (AI-extracted) 2,508,979; FY2026 JES (CREC H1353ff) p.294 (H1646) (hand-read) 2,508,979"
AHRQ total,2024,Enacted,yes,"CRPT-118hrpt585 p.323 (AI-extracted) 369,000; CRPT-118srpt207 p.441 (text-extracted) 369,000"
AHRQ total,2025,President's Budget,yes,"CRPT-118hrpt585 p.323 (AI-extracted) 387,345; CRPT-118srpt207 p.441 (text-extracted) 387,345"
AHRQ total,2026,Enacted,yes,"CRPT-119hrpt696 p.380 (AI-extracted) 345,380; FY2026 JES (CREC H1353ff) p.288 (H1640) (hand-read) 345,380"
ASPR total,2024,Enacted,yes,"CRPT-118hrpt585 p.335 (AI-extracted) 3,634,606; CRPT-118srpt207 p.450 (text-extracted) 3,634,606"
ASPR total,2025,President's Budget,yes,"CRPT-118hrpt585 p.335 (AI-extracted) 3,768,088; CRPT-118srpt207 p.450 (text-extracted) 3,768,088"
ASPR total,2026,Enacted,yes,"CRPT-119hrpt696 p.392 (AI-extracted) 3,692,597; FY2026 JES (CREC H1353ff) p.294 (H1646) (hand-read) 3,692,597"
CDC total,2024,Enacted,yes,"CRPT-118hrpt585 p.316 (AI-extracted) 7,992,946; CRPT-118srpt207 p.436 (text-extracted) 7,992,946"
CDC total,2025,President's Budget,yes,"CRPT-118hrpt585 p.316 (AI-extracted) 8,452,490; CRPT-118srpt207 p.436 (text-extracted) 8,452,490"
CDC total,2026,Enacted,yes,"CRPT-119hrpt696 p.373 (AI-extracted) 7,761,672; FY2026 JES (CREC H1353ff) p.285 (H1637) (hand-read) 7,761,672"
CMS Program Management,2024,Enacted,yes,"CRPT-118hrpt585 p.325 (AI-extracted) 3,669,744; CRPT-118srpt207 p.443 (text-extracted) 3,669,744"
CMS Program Management,2025,President's Budget,yes,"CRPT-118hrpt585 p.325 (AI-extracted) 4,329,000; CRPT-118srpt207 p.443 (text-extracted) 4,329,000"
CMS Program Management,2026,Enacted,yes,"CRPT-119hrpt696 p.381 (AI-extracted) 3,669,744; FY2026 JES (CREC H1353ff) p.289 (H1641) (hand-read) 3,669,744"
CMS total,2024,Enacted,yes,"CRPT-118hrpt585 p.325 (AI-extracted) 1,133,847,008; CRPT-118srpt207 p.443 (text-extracted) 1,133,847,008"
CMS total,2025,President's Budget,yes,"CRPT-118hrpt585 p.325 (AI-extracted) 1,171,700,219; CRPT-118srpt207 p.443 (text-extracted) 1,171,700,219"
CMS total,2026,Enacted,yes,"CRPT-119hrpt696 p.382 (AI-extracted) 1,423,091,260; FY2026 JES (CREC H1353ff) p.290 (H1642) (hand-read) 1,423,091,260"
Grants to States for Medicaid,2024,Enacted,yes,"CRPT-118hrpt585 p.324 (AI-extracted) 406,956,850; CRPT-118srpt207 p.442 (text-extracted) 406,956,850"
Grants to States for Medicaid,2025,President's Budget,yes,"CRPT-118hrpt585 p.324 (AI-extracted) 383,609,399; CRPT-118srpt207 p.442 (text-extracted) 383,609,399"
Grants to States for Medicaid,2026,Enacted,yes,"CRPT-119hrpt696 p.381 (AI-extracted) 508,148,791; FY2026 JES (CREC H1353ff) p.289 (H1641) (hand-read) 508,148,791"
"Grants to States for Medicaid, appropriated in this bill",2024,Enacted,yes,"CRPT-118hrpt585 p.324 (AI-extracted) 652,537,264; CRPT-118srpt207 p.442 (text-extracted) 652,537,264"
"Grants to States for Medicaid, appropriated in this bill",2025,President's Budget,yes,"CRPT-118hrpt585 p.324 (AI-extracted) 644,673,219; CRPT-118srpt207 p.442 (text-extracted) 644,673,219"
"Grants to States for Medicaid, appropriated in this bill",2026,Enacted,yes,"CRPT-119hrpt696 p.381 (AI-extracted) 824,663,516; FY2026 JES (CREC H1353ff) p.289 (H1641) (hand-read) 824,663,516"
HRSA total,2024,Enacted,yes,"CRPT-118hrpt585 p.313 (AI-extracted) 9,171,787; CRPT-118srpt207 p.434 (text-extracted) 9,171,787"
HRSA total,2025,President's Budget,yes,"CRPT-118hrpt585 p.313 (AI-extracted) 8,530,564; CRPT-118srpt207 p.434 (text-extracted) 8,530,564"
HRSA total,2026,Enacted,yes,"CRPT-119hrpt696 p.371 (AI-extracted) 9,220,107; FY2026 JES (CREC H1353ff) p.284 (H1636) (hand-read) 9,220,107"
Head Start,2024,Enacted,yes,"CRPT-118hrpt585 p.328 (AI-extracted) 12,271,820; CRPT-118srpt207 p.445 (text-extracted) 12,271,820"
Head Start,2025,President's Budget,yes,"CRPT-118hrpt585 p.328 (AI-extracted) 12,540,519; CRPT-118srpt207 p.445 (text-extracted) 12,540,519"
Head Start,2026,Enacted,yes,"CRPT-119hrpt696 p.385 (AI-extracted) 12,356,820; FY2026 JES (CREC H1353ff) p.291 (H1643) (hand-read) 12,356,820"
Health Centers,2024,Enacted,yes,"CRPT-118hrpt585 p.308 (AI-extracted) 1,857,772; CRPT-118srpt207 p.430 (text-extracted) 1,857,772"
Health Centers,2025,President's Budget,yes,"CRPT-118hrpt585 p.308 (AI-extracted) 1,857,772; CRPT-118srpt207 p.430 (text-extracted) 1,857,772"
Health Centers,2026,Enacted,yes,"CRPT-119hrpt696 p.365 (AI-extracted) 1,857,772; FY2026 JES (CREC H1353ff) p.281 (H1633) (hand-read) 1,857,772"
LIHEAP,2024,Enacted,yes,"CRPT-118hrpt585 p.327 (AI-extracted) 4,025,000; CRPT-118srpt207 p.444 (text-extracted) 4,025,000"
LIHEAP,2025,President's Budget,yes,"CRPT-118hrpt585 p.327 (AI-extracted) 4,111,000; CRPT-118srpt207 p.444 (text-extracted) 4,111,000"
NIH program level,2024,Enacted,yes,"CRPT-118hrpt585 p.319 (AI-extracted) 48,581,000; CRPT-118srpt207 p.439 (text-extracted) 48,581,000"
NIH program level,2025,President's Budget,yes,"CRPT-118hrpt585 p.319 (AI-extracted) 49,830,482; CRPT-118srpt207 p.439 (text-extracted) 49,830,482"
NIH total (with CURES Act funding),2024,Enacted,yes,"CRPT-118hrpt585 p.319 (AI-extracted) 47,168,518; CRPT-118srpt207 p.439 (text-extracted) 47,168,518"
NIH total (with CURES Act funding),2025,President's Budget,yes,"CRPT-118hrpt585 p.319 (AI-extracted) 47,812,000; CRPT-118srpt207 p.439 (text-extracted) 47,812,000"
NIH total (with CURES Act funding),2026,Enacted,yes,"CRPT-119hrpt696 p.376 (AI-extracted) 47,288,518; FY2026 JES (CREC H1353ff) p.287 (H1639) (hand-read) 47,288,518"
National Cancer Institute,2024,Enacted,yes,"CRPT-118hrpt585 p.317 (AI-extracted) 7,224,159; CRPT-118srpt207 p.436 (text-extracted) 7,224,159"
National Cancer Institute,2025,President's Budget,yes,"CRPT-118hrpt585 p.317 (AI-extracted) 7,839,141; CRPT-118srpt207 p.436 (text-extracted) 7,839,141"
National Cancer Institute,2026,Enacted,yes,"CRPT-119hrpt696 p.374 (AI-extracted) 7,352,159; FY2026 JES (CREC H1353ff) p.285 (H1637) (hand-read) 7,352,159"
OS total,2024,Enacted,yes,"CRPT-118hrpt585 p.338 (AI-extracted) 1,761,616; CRPT-118srpt207 p.452 (text-extracted) 1,761,616"
OS total,2025,President's Budget,yes,"CRPT-118hrpt585 p.338 (AI-extracted) 1,964,409; CRPT-118srpt207 p.452 (text-extracted) 1,964,409"
OS total,2026,Enacted,yes,"CRPT-119hrpt696 p.395 (AI-extracted) 1,918,646; FY2026 JES (CREC H1353ff) p.296 (H1648) (hand-read) 1,918,646"
Payments to the Health Care Trust Funds,2024,Enacted,yes,"CRPT-118hrpt585 p.324 (AI-extracted) 476,725,000; CRPT-118srpt207 p.442 (text-extracted) 476,725,000"
Payments to the Health Care Trust Funds,2025,President's Budget,yes,"CRPT-118hrpt585 p.324 (AI-extracted) 521,757,000; CRPT-118srpt207 p.442 (text-extracted) 521,757,000"
Payments to the Health Care Trust Funds,2026,Enacted,yes,"CRPT-119hrpt696 p.381 (AI-extracted) 593,817,000; FY2026 JES (CREC H1353ff) p.289 (H1641) (hand-read) 593,817,000"
Primary Health Care,2024,Enacted,yes,"CRPT-118hrpt585 p.308 (AI-extracted) 1,858,772; CRPT-118srpt207 p.430 (text-extracted) 1,858,772"
Primary Health Care,2025,President's Budget,yes,"CRPT-118hrpt585 p.308 (AI-extracted) 1,858,772; CRPT-118srpt207 p.430 (text-extracted) 1,858,772"
Primary Health Care,2026,Enacted,yes,"CRPT-119hrpt696 p.365 (AI-extracted) 1,858,772; FY2026 JES (CREC H1353ff) p.281 (H1633) (hand-read) 1,858,772"
SAMHSA total,2024,Enacted,yes,"CRPT-118hrpt585 p.322 (AI-extracted) 7,300,729; CRPT-118srpt207 p.441 (text-extracted) 7,300,729"
SAMHSA total,2025,President's Budget,yes,"CRPT-118hrpt585 p.322 (AI-extracted) 7,569,889; CRPT-118srpt207 p.441 (text-extracted) 7,569,889"
SAMHSA total,2026,Enacted,yes,"CRPT-119hrpt696 p.379 (AI-extracted) 7,293,950; FY2026 JES (CREC H1353ff) p.288 (H1640) (hand-read) 7,293,950"
Title II discretionary,2024,Enacted,NO,"CRPT-118hrpt585 p.339 (AI-extracted) 116,122,958; CRPT-118srpt207 p.452 (text-extracted) 117,442,958"
Title II discretionary,2025,President's Budget,NO,"CRPT-118hrpt585 p.339 (AI-extracted) 121,548,671; CRPT-118srpt207 p.452 (text-extracted) 122,119,671"
Title II total,2024,Enacted,NO,"CRPT-118hrpt585 p.339 (AI-extracted) 1,265,242,768; CRPT-118srpt207 p.452 (text-extracted) 1,266,562,768"
Title II total,2025,President's Budget,NO,"CRPT-118hrpt585 p.339 (AI-extracted) 1,307,132,770; CRPT-118srpt207 p.452 (text-extracted) 1,307,703,770"
Title II total,2026,Enacted,yes,"CRPT-119hrpt696 p.396 (AI-extracted) 1,553,262,357; FY2026 JES (CREC H1353ff) p.296 (H1648) (hand-read) 1,553,262,357"
Vaccine Injury Compensation Program Trust Fund,2024,Enacted,yes,"CRPT-118hrpt585 p.313 (AI-extracted) 276,697; CRPT-118srpt207 p.434 (text-extracted) 276,697"
Vaccine Injury Compensation Program Trust Fund,2025,President's Budget,yes,"CRPT-118hrpt585 p.313 (AI-extracted) 286,927; CRPT-118srpt207 p.434 (text-extracted) 286,927"
Vaccine Injury Compensation Program Trust Fund,2026,Enacted,yes,"CRPT-119hrpt696 p.371 (AI-extracted) 287,262; FY2026 JES (CREC H1353ff) p.284 (H1636) (hand-read) 287,262"
