package_id,document,fiscal_years_and_stages_it_prints,found_by,title_ii_is_hhs,table_route,extraction_status
BILLS-118s2624rs,"S. 2624, FY2024 Senate reported bill",FY2024 Senate Reported (bill text),govinfo search (collection:BILLS title search),yes (bill's own TITLE II header),text,not extracted (bill text; no comparative table)
CRPT-118srpt84,"S.Rept. 118-84 (FY2024)",FY2023 Enacted; FY2024 PB; FY2024 Senate Reported,/related from S. 2624,yes,text layer (3 value + 2 comparison columns),extracted: 1235 figures
BILLS-118hr5894ih,"H.R. 5894, FY2024 House bill (introduced only)",--,govinfo search,yes,--,no House report exists: FY2024 House Reported is absent
BILLS-118hr2882enr,"H.R. 2882, Further Consolidated Appropriations Act, 2024",FY2024 Enacted (Division D),govinfo search,yes,--,law text only
PLAW-118publ47,P.L. 118-47,FY2024 Enacted (Division D),/related from H.R. 2882,yes (pp. 191-223),text,law_text.py
CRPT-118hrpt364,"H.Rept. 118-364 (Udall Foundation Reauthorization Act)",--,/related from H.R. 2882 (the shell bill's original purpose),n/a,--,unrelated: /related returns it and nothing in the pipeline rejects it
BILLS-118hr9029rh,"H.R. 9029, FY2025 House reported bill",FY2025 House Reported (bill text),govinfo search,yes,text,not extracted
CRPT-118hrpt585,"H.Rept. 118-585 (FY2025)",FY2024 Enacted; FY2025 PB; FY2025 House Reported,/related from H.R. 9029,yes,image-only (vision),partial: pp. 308-330 of 308-340 transcribed before the API credit ran out (through ACF)
BILLS-118s4942rs,"S. 4942, FY2025 Senate reported bill",FY2025 Senate Reported (bill text),govinfo search,yes,text,not extracted
CRPT-118srpt207,"S.Rept. 118-207 (FY2025)",FY2024 Enacted; FY2025 PB; FY2025 Senate Reported,/related from S. 4942,yes,text layer,extracted: 1323 figures
BILLS-119s2587rs,"S. 2587, FY2026 Senate reported bill",FY2026 Senate Reported (bill text),govinfo search,yes,text,not extracted
CRPT-119srpt55,"S.Rept. 119-55 (FY2026)",FY2026 Senate Reported only (one column),/related from S. 2587,yes,"text layer, header 'AMOUNTS RECOMMENDED IN THE BILL FOR FISCAL YEAR 2026' (TABLE_TITLE_RE widened)",extracted: 408 figures
BILLS-119hr5304rh,"H.R. 5304, FY2026 House reported bill",FY2026 House Reported (bill text),govinfo search,yes,text,not extracted
CRPT-119hrpt271,"H.Rept. 119-271 (FY2026)",FY2025 Enacted; FY2026 PB; FY2026 House Reported,/related from H.R. 5304,yes,image-only (vision),classified 85 pages; not transcribed (API credit)
BILLS-119hr7148enr,"H.R. 7148, FY2026 consolidated act",FY2026 Enacted (Division B),govinfo search,yes,--,law text only
PLAW-119publ75,P.L. 119-75,FY2026 Enacted (Division B),/related from H.R. 7148,yes (pp. 86-122),text,law_text.py
MANUAL-LHHS-FY2026-Enacted-jes-e44f7662,"FY2026 joint explanatory statement, Congressional Record H1353ff (CREC-2026-01-22-pt2-PgH1353-2)",FY2026 Enacted (one column 'FINAL BILL'),govinfo CREC granule; ingested with govinfo_ingest ingest-local (the pipeline has no CREC fetch),yes (table header p. 281),"image-only: the table pages carry only the Record's typesetting slug as text, no OCR layer, so the OCR path can't take them (vision)",hand-read for the scoped rows (hand_checks.csv); not transcribed (API credit)
BILLS-119hr9260rh,"H.R. 9260, FY2027 House reported bill",FY2027 House Reported (bill text),govinfo search,yes,text,not extracted
CRPT-119hrpt696,"H.Rept. 119-696 (FY2027)",FY2026 Enacted; FY2027 PB; FY2027 House Reported,/related from H.R. 9260,yes,image-only (vision),classified 82 pages; not transcribed (API credit)
