document,pdf_page,printed_page,column,label_as_printed,hand_read_thousands,compared_with,compared_thousands,result
CRPT-118hrpt585,313,309,Bill,"Total, Health Resources and Services Administration",7638837,vision transcription (extractions/CRPT-118hrpt585),7638837,match
CRPT-118hrpt585,313,309,Bill,"Total, Vaccine Injury Compensation Trust Fund",282427,vision transcription,282427,match
CRPT-118hrpt585,313,309,Bill,Family Planning (Title X),---,vision transcription,---,match (stored as 0 with amount_is_dash_zero; Bill vs. Enacted prints -286479)
CRPT-118hrpt585,313,309,Bill,Covered Countermeasures Process Fund,7000,vision transcription,7000,match
CRPT-118hrpt585,319,315,Bill,"Total, National Institutes of Health (with CURES Act funding)",47168518,vision transcription,47168518,match
CRPT-118hrpt585,319,315,Bill,"Subtotal, National Institutes of Health",47041518,vision transcription,47041518,match
CRPT-118hrpt585,319,315,Bill,"Total, National Institutes of Health, program level (with CURES and PHS Evaluation Act Funding)",48581000,vision transcription,48581000,match
CRPT-118hrpt585,319,315,Bill,"Total, NIH, program level (excluding ARPA–H)",48581000,vision transcription,48581000,match (vision label has a hyphen for the printed en dash)
CRPT-118hrpt585,319,315,Bill,Advanced Research Projects Agency for Health (ARPA–H),---,vision transcription,---,match (label: hyphen for en dash)
CRPT-118hrpt585,319,315,Bill,"NIH Innovation Account, CURES Act",(127000),vision transcription,(127000),match
CRPT-118hrpt585,328,324,Bill,Head Start,12296820,vision transcription,12296820,match
CRPT-118hrpt585,328,324,Bill,Payments to States for the Child Care and Development Block Grant,8771387,vision transcription,8771387,match
MANUAL-LHHS-FY2026-Enacted-jes-e44f7662,281,H1633,FINAL BILL,"TITLE II - DEPARTMENT OF HEALTH AND HUMAN SERVICES",,title header,,Title II is HHS in the JES
MANUAL-LHHS-FY2026-Enacted-jes-e44f7662,281,H1633,FINAL BILL,"Total, Primary Health Care",1858772,PLAW-119publ75 text,1858772,match
MANUAL-LHHS-FY2026-Enacted-jes-e44f7662,281,H1633,FINAL BILL,Health Centers,1857772,,,
MANUAL-LHHS-FY2026-Enacted-jes-e44f7662,284,H1636,FINAL BILL,HRSA Administrative Expenses,15200,PLAW-119publ75 text (Vaccine Injury Compensation Program Trust Fund),15200,match
MANUAL-LHHS-FY2026-Enacted-jes-e44f7662,284,H1636,FINAL BILL,"Total, Vaccine Injury Compensation Trust Fund",287262,,,"law: such sums as may be necessary, so no law figure"
MANUAL-LHHS-FY2026-Enacted-jes-e44f7662,284,H1636,FINAL BILL,"Total, Health Resources and Services Administration",9220107,,,
MANUAL-LHHS-FY2026-Enacted-jes-e44f7662,285,H1637,FINAL BILL,"Total, Centers for Disease Control and Prevention",7761672,,,
MANUAL-LHHS-FY2026-Enacted-jes-e44f7662,285,H1637,FINAL BILL,National Cancer Institute (NCI),7352159,PLAW-119publ75 text,7352159,match
MANUAL-LHHS-FY2026-Enacted-jes-e44f7662,287,H1639,FINAL BILL,"Total, National Institutes of Health (with CURES Act funding)",47288518,,,
MANUAL-LHHS-FY2026-Enacted-jes-e44f7662,287,H1639,FINAL BILL,"NIH Innovation Account, CURES Act",(226000),,,
MANUAL-LHHS-FY2026-Enacted-jes-e44f7662,288,H1640,FINAL BILL,"Total, SAMHSA",7293950,,,
MANUAL-LHHS-FY2026-Enacted-jes-e44f7662,288,H1640,FINAL BILL,"Total, AHRQ",345380,PLAW-119publ75 text,345380,match
MANUAL-LHHS-FY2026-Enacted-jes-e44f7662,288,H1640,FINAL BILL,"Total, Public Health Service with CURES Act funding",71909627,sum of the five PHS agency totals above,71909627,match
MANUAL-LHHS-FY2026-Enacted-jes-e44f7662,289,H1641,FINAL BILL,"Total, Grants to States for Medicaid",508148791,PLAW-119publ75 text,508148791,match
MANUAL-LHHS-FY2026-Enacted-jes-e44f7662,289,H1641,FINAL BILL,"New advance, 1st quarter, FY 2027",316514725,PLAW-119publ75 text,316514725,match
MANUAL-LHHS-FY2026-Enacted-jes-e44f7662,289,H1641,FINAL BILL,"Total, Grants to States for Medicaid, appropriated in this bill",824663516,sum of the two lines above,824663516,match
MANUAL-LHHS-FY2026-Enacted-jes-e44f7662,289,H1641,FINAL BILL,"Total, Payments to Health Care Trust Funds",593817000,PLAW-119publ75 text,593817000,match
MANUAL-LHHS-FY2026-Enacted-jes-e44f7662,289,H1641,FINAL BILL,"Total, Program Management",3669744,PLAW-119publ75 text,3669744,match
MANUAL-LHHS-FY2026-Enacted-jes-e44f7662,290,H1642,FINAL BILL,"Total, Centers for Medicare & Medicaid Services",1423091260,,,
MANUAL-LHHS-FY2026-Enacted-jes-e44f7662,290,H1642,FINAL BILL,Formula Grants (LIHEAP; no LIHEAP total is printed),4045000,PLAW-119publ75 text,4045000,match
MANUAL-LHHS-FY2026-Enacted-jes-e44f7662,291,H1643,FINAL BILL,Head Start,12356820,PLAW-119publ75 text,12356820,match
MANUAL-LHHS-FY2026-Enacted-jes-e44f7662,292,H1644,FINAL BILL,"Total, Administration for Children and Families",51736248,,,
MANUAL-LHHS-FY2026-Enacted-jes-e44f7662,294,H1646,FINAL BILL,"Total, Administration for Community Living",2508979,,,
MANUAL-LHHS-FY2026-Enacted-jes-e44f7662,294,H1646,FINAL BILL,"Total, Administration for Strategic Preparedness and Response",3692597,,,
MANUAL-LHHS-FY2026-Enacted-jes-e44f7662,296,H1648,FINAL BILL,"Total, Office of the Secretary",1918646,,,
MANUAL-LHHS-FY2026-Enacted-jes-e44f7662,296,H1648,FINAL BILL,"Medicare Operations (Sec. 227); Nonrecurring expenses fund, HHS (rescission) (Sec. 237); Limitation for Title XVIII of the Social Security Act",455000; -1826000; 2000,"Total, Title II General Provisions",-1369000,match
MANUAL-LHHS-FY2026-Enacted-jes-e44f7662,296,H1648,FINAL BILL,CURES Act (under the title total),(226000),,,
MANUAL-LHHS-FY2026-Enacted-jes-e44f7662,296,H1648,FINAL BILL,"Total, Title II, Department of Health and Human Services",1553262357,title_ii_totals.py rule applied to the hand reads above,1553262357,match
CRPT-119hrpt271,347,343,Bill,"Subtotal, Mental Health, including PHS Eval Tap.",(2688560),vision transcription (rotated page: read at the 90-degree fallback),(2688560),match
CRPT-119hrpt271,347,343,Bill,"Subtotal, Mental Health, program level",(2700560),vision transcription (rotated page: read at the 90-degree fallback),(2700560),match
CRPT-119hrpt271,347,343,Bill,Programs of Regional and National Significance (PRNS),420884,vision transcription (rotated page: read at the 90-degree fallback),420884,match
CRPT-119hrpt271,347,343,Bill,"Subtotal, PRNS",420884,vision transcription (rotated page: read at the 90-degree fallback),420884,match
CRPT-119hrpt271,347,343,Bill,"Substance Use Prevention, Treatment, and Recovery Services Block Grant",1933879,vision transcription (rotated page: read at the 90-degree fallback),1933879,match
CRPT-119hrpt271,347,343,Bill,"Subtotal, Substance Use Prevention, Treatment, and Recovery Services Block Grant, program level",(2013079),vision transcription (rotated page: read at the 90-degree fallback),(2013079),match
CRPT-119hrpt271,347,343,Bill,State Opioid Response grants,1575000,vision transcription (rotated page: read at the 90-degree fallback),1575000,match
CRPT-119hrpt271,347,343,Bill,Other Substance Abuse Treatment,---,vision transcription (rotated page: read at the 90-degree fallback),---,match
CRPT-119hrpt271,347,343,Bill,"Subtotal, Substance Abuse Treatment",3929763,vision transcription (rotated page: read at the 90-degree fallback),3929763,match
CRPT-119hrpt271,347,343,Bill,"Subtotal, Substance Abuse Treatment, program level",(4008963),vision transcription (rotated page: read at the 90-degree fallback),(4008963),match
CRPT-119hrpt696,379,375,FY 2026 Enacted,"Total, SAMHSA",7293950,vision transcription (rotated page: read at the 90-degree fallback),7293950,match
CRPT-119hrpt696,379,375,FY 2026 Enacted,"Total, SAMHSA, program level",7439617,vision transcription (rotated page: read at the 90-degree fallback),7439617,match
CRPT-119hrpt696,379,375,FY 2026 Enacted,Community Project Funding/Congressionally Directed Spending,54311,vision transcription (rotated page: read at the 90-degree fallback),54311,match
CRPT-119hrpt696,379,375,FY 2026 Enacted,"Subtotal, Health Surveillance and Program Support, program level",202994,vision transcription (rotated page: read at the 90-degree fallback),202994,match
CRPT-119hrpt696,379,375,Committee Recommendation,"Total, SAMHSA",7148608,vision transcription (rotated page: read at the 90-degree fallback),7148608,match
CRPT-119hrpt696,379,375,Committee Recommendation,"Total, SAMHSA, program level",7294275,vision transcription (rotated page: read at the 90-degree fallback),7294275,match
CRPT-119hrpt696,379,375,Committee Recommendation,Community Project Funding/Congressionally Directed Spending,---,vision transcription (rotated page: read at the 90-degree fallback),---,match
CRPT-119hrpt696,379,375,Committee Recommendation,"Subtotal, Health Surveillance and Program Support, program level",148683,vision transcription (rotated page: read at the 90-degree fallback),148683,match
CRPT-118hrpt585,339,335,FY 2024 Enacted,"Total, Title II, Department of Health and Human Services",1265242768,S.Rept. 118-207 p.452 (text layer),1266562768,"differs as printed: the House counts two FY2024 rescissions in Title II's general provisions (-1,250,000 NEF, -70,000 Adoption Incentives); the Senate report doesn't"
MANUAL-LHHS-FY2026-Enacted-jes-e44f7662,285,H1637,FINAL BILL,"Total, Centers for Disease Control, program level",(9202991),,,
MANUAL-LHHS-FY2026-Enacted-jes-e44f7662,287,H1639,FINAL BILL,"Subtotal, National Institutes of Health",47062518,,,
MANUAL-LHHS-FY2026-Enacted-jes-e44f7662,287,H1639,FINAL BILL,"Total, National Institutes of Health, program level (with CURES and PHS Evaluation Act Funding)",48716000,,,
MANUAL-LHHS-FY2026-Enacted-jes-e44f7662,287,H1639,FINAL BILL,"Total, NIH, program level (excluding ARPA-H)",47216000,,,
MANUAL-LHHS-FY2026-Enacted-jes-e44f7662,288,H1640,FINAL BILL,"Total, SAMHSA, program level",7439617,,,
MANUAL-LHHS-FY2026-Enacted-jes-e44f7662,289,H1641,FINAL BILL,"Total, Medicaid, program level, available this fiscal year",769212611,,,
MANUAL-LHHS-FY2026-Enacted-jes-e44f7662,289,H1641,FINAL BILL,Less appropriations provided in prior years,-261063820,,,
MANUAL-LHHS-FY2026-Enacted-jes-e44f7662,292,H1644,FINAL BILL,"Total, Administration for Children and Families, Discretionary",(33026248),,,
MANUAL-LHHS-FY2026-Enacted-jes-e44f7662,294,H1646,FINAL BILL,"Total, Administration for Community Living, program level",2536679,,,
MANUAL-LHHS-FY2026-Enacted-jes-e44f7662,296,H1648,FINAL BILL,"Total, Office of the Secretary, program level",2019337,,,
MANUAL-LHHS-FY2026-Enacted-jes-e44f7662,296,H1648,FINAL BILL,"Total, Title II, Department of Health and Human Services discretionary",114797239,,,
