law,fiscal_year,title_ii_pdf_pages,concept,figure,amount_thousands,context
PLAW-118publ47,2024,191-223,Primary Health Care,appropriation,1858772,PRIMARY HEALTH CARE For carrying out titles II and III of the Public Health Service Act (referred to in this Act as the ‘‘PHS Act’’) with respect to primary health care and the Native
PLAW-118publ47,2024,191-223,National Cancer Institute,appropriation,7224159,"NATIONAL CANCER INSTITUTE For carrying out section 301 and title IV of the PHS Act with respect to cancer, $7,224,159,000, of which up to $30,000,000 may be used for facilities repairs and "
PLAW-118publ47,2024,191-223,LIHEAP,appropriation,4025000,"LOW INCOME HOME ENERGY ASSISTANCE For making payments under subsections (b) and (d) of section 2602 of the Low-Income Home Energy Assistance Act of 1981 (42 U.S.C. 8621 et seq.), $4,025,000,000: Pr"
PLAW-118publ47,2024,191-223,Grants to States for Medicaid,appropriation,406956850,"GRANTS TO STATES FOR MEDICAID For carrying out, except as otherwise provided, titles XI and XIX of the Social Security Act, $406,956,850,000, to remain avail- able until expended. In addition, "
PLAW-118publ47,2024,191-223,Grants to States for Medicaid,advance for next fiscal year,245580414,"GRANTS TO STATES FOR MEDICAID For carrying out, except as otherwise provided, titles XI and XIX of the Social Security Act, $406,956,850,000, to remain avail- able until expended. In addition, "
PLAW-118publ47,2024,191-223,Payments to the Health Care Trust Funds,appropriation,476725000,"PAYMENTS TO THE HEALTH CARE TRUST FUNDS For payment to the Federal Hospital Insurance Trust Fund and the Federal Supplementary Medical Insurance Trust Fund, as provided under sections 217(g), 1844, and 1"
PLAW-118publ47,2024,191-223,CMS Program Management,appropriation,3669744,"PROGRAM MANAGEMENT For carrying out, except as otherwise provided, titles XI, XVIII, XIX, and XXI of the Social Security Act, titles XIII and XXVII of the PHS Act, the Clinical Labor"
PLAW-118publ47,2024,191-223,AHRQ,appropriation,369000,"AGENCY FOR HEALTHCARE RESEARCH AND QUALITY HEALTHCARE RESEARCH AND QUALITY For carrying out titles III and IX of the PHS Act, part A of title XI of the Social Security Act, and section 1013 of the Medicare Prescription Drug, Improvement, "
PLAW-118publ47,2024,191-223,Vaccine Injury Compensation Program Trust Fund,administrative expenses,15200,"VACCINE INJURY COMPENSATION PROGRAM TRUST FUND For payments from the Vaccine Injury Compensation Program Trust Fund (the ‘‘Trust Fund’’), such sums as may be necessary for claims associated with vaccine-related"
PLAW-118publ47,2024,191-223,Head Start,appropriation,12271820,"nd legal guardianships completed before September 30, 2024: Provided, That $12,271,820,000 shall be for making payments under the Head Start Act, including for Early Head Start–Child C"
PLAW-119publ75,2026,86-122,Primary Health Care,appropriation,1858772,PRIMARY HEALTH CARE For carrying out titles II and III of the Public Health Service Act (referred to in this Act as the ‘‘PHS Act’’) with respect to primary health care and the Native
PLAW-119publ75,2026,86-122,National Cancer Institute,appropriation,7352159,"NATIONAL CANCER INSTITUTE For carrying out section 301 and title IV of the PHS Act with respect to cancer, $7,352,159,000, of which up to $30,000,000 may be used for facilities repairs and "
PLAW-119publ75,2026,86-122,LIHEAP,appropriation,4045000,"LOW INCOME HOME ENERGY ASSISTANCE For making payments under subsections (b) and (d) of section 2602 of the Low-Income Home Energy Assistance Act of 1981 (42 U.S.C. 8621 et seq.), $4,045,000,000: Pr"
PLAW-119publ75,2026,86-122,Grants to States for Medicaid,appropriation,508148791,"GRANTS TO STATES FOR MEDICAID For carrying out, except as otherwise provided, titles XI and XIX of the Social Security Act, $508,148,791,000, to remain avail- able until expended. In addition, "
PLAW-119publ75,2026,86-122,Grants to States for Medicaid,advance for next fiscal year,316514725,"GRANTS TO STATES FOR MEDICAID For carrying out, except as otherwise provided, titles XI and XIX of the Social Security Act, $508,148,791,000, to remain avail- able until expended. In addition, "
PLAW-119publ75,2026,86-122,Payments to the Health Care Trust Funds,appropriation,593817000,"PAYMENTS TO THE HEALTH CARE TRUST FUNDS For payment to the Federal Hospital Insurance Trust Fund and the Federal Supplementary Medical Insurance Trust Fund, as provided under sections 217(g), 1844, and 1"
PLAW-119publ75,2026,86-122,CMS Program Management,appropriation,3669744,"PROGRAM MANAGEMENT For carrying out, except as otherwise provided, titles XI, XVIII, XIX, and XXI of the Social Security Act, titles XIII and XXVII of the PHS Act, the Clinical Labor"
PLAW-119publ75,2026,86-122,AHRQ,appropriation,345380,"AGENCY FOR HEALTHCARE RESEARCH AND QUALITY HEALTHCARE RESEARCH AND QUALITY For carrying out titles III and IX of the PHS Act, part A of title XI of the Social Security Act, and section 1013 of the Medicare Prescription Drug, Improvement, "
PLAW-119publ75,2026,86-122,Vaccine Injury Compensation Program Trust Fund,administrative expenses,15200,"VACCINE INJURY COMPENSATION PROGRAM TRUST FUND For payments from the Vaccine Injury Compensation Program Trust Fund (the ‘‘Trust Fund’’), such sums as may be necessary for claims associated with vaccine-related"
PLAW-119publ75,2026,86-122,Head Start,appropriation,12356820,"nd legal guardianships completed before September 30, 2026: Provided, That $12,356,820,000 shall be for making payments under the Head Start Act, including for Early Head Start–Child C"
