subcommittee,account,name,type,first,proposed,enacted,created,predecessor,successor,enacted_not_collected,blank_cells
CJS,ACC-DOJ-AFF,Assets Forfeiture Fund,ongoing,FY2027,FY2027-FY2027,,,,,yes,0
CJS,ACC-DOJ-ANTITRUST-SE,"Salaries and Expenses, Antitrust Division",ongoing,FY2027,FY2027-FY2027,,,,,yes,0
CJS,ACC-DOJ-CVF,Crime Victims Fund,ongoing,FY2027,FY2027-FY2027,,,,,yes,0
CJS,ACC-DOJ-OIG,Office of Inspector General,ongoing,FY2027,FY2027-FY2027,,,,,yes,0
CJS,ACC-DOJ-OJP-RESC,Office of Justice Programs Rescission,ongoing,FY2027,FY2027-FY2027,,,,,yes,0
CJS,ACC-DOJ-USTSF,United States Trustee System Fund,ongoing,FY2027,FY2027-FY2027,,,,,yes,0
CJS,ACC-DOJ-VAWA,Violence Against Women Prevention and Prosecution Programs,ongoing,FY2027,FY2027-FY2027,,,,,yes,0
CJS,ACC-DOJ-WCF,Working Capital Fund,ongoing,FY2027,FY2027-FY2027,,,,,yes,0
CJS,ACC-NASA-AERONAUTICS,Aeronautics,ongoing,before FY2017,FY2017-FY2026,FY2017-FY2026,,,,,0
CJS,ACC-NASA-CONSTRUCTION,Construction and Environmental Compliance and Restoration,ongoing,before FY2017,FY2017-FY2026,FY2017-FY2026,,,,,0
CJS,ACC-NASA-EXPLORATION,Exploration,ongoing,before FY2017,FY2017-FY2026,FY2017-FY2026,,,,,0
CJS,ACC-NASA-OIG,Office of Inspector General,ongoing,before FY2017,FY2017-FY2026,FY2017-FY2026,,,,,0
CJS,ACC-NASA-SAFETY-SECURITY,"Safety, Security and Mission Services",ongoing,before FY2017,FY2017-FY2026,FY2017-FY2026,,,,,0
CJS,ACC-NASA-SCIENCE,Science,ongoing,before FY2017,FY2017-FY2026,FY2017-FY2026,,,,,0
CJS,ACC-NASA-SPACEOPS,Space Operations,ongoing,before FY2017,FY2017-FY2026,FY2017-FY2026,,,,,0
CJS,ACC-NASA-SPACETECH,Space Technology,ongoing,before FY2017,FY2017-FY2026,FY2017-FY2026,,,,,0
CJS,ACC-NASA-STEM-ENGAGEMENT,"Science, Technology, Engineering, and Mathematics Engagement",ongoing,before FY2017,FY2017-FY2026,FY2017-FY2026,,,,,0
CJS,ACC-NASA-TOTAL,National Aeronautics and Space Administration (agency total),ongoing,before FY2017,FY2017-FY2026,FY2017-FY2026,,,,,0
CJS,ACC-NOAA-ORF,"Operations, Research, and Facilities",ongoing,FY2027,FY2027-FY2027,,,,,yes,0
CJS,ACC-NOAA-PDF,Promote and Develop Fishery Products and Research,ongoing,FY2027,FY2027-FY2027,,,,,yes,0
CJS,ACC-NSC,National Space Council,ongoing,before FY2017,FY2017-FY2026,FY2017-FY2026,,,,,0
CJS,ACC-NSF-AGENCY-OPS,Agency Operations and Award Management,ongoing,before FY2017,FY2017-FY2026,FY2017-FY2026,,,,,0
CJS,ACC-NSF-MREFC,Major Research Equipment and Facilities Construction,ongoing,before FY2017,FY2017-FY2026,FY2017-FY2026,,,,,0
CJS,ACC-NSF-NSB,Office of the National Science Board,ongoing,before FY2017,FY2017-FY2026,FY2017-FY2026,,,,,0
CJS,ACC-NSF-OIG,Office of Inspector General,ongoing,before FY2017,FY2017-FY2026,FY2017-FY2026,,,,,0
CJS,ACC-NSF-RRA,Research and Related Activities,ongoing,before FY2017,FY2017-FY2026,FY2017-FY2026,,,,,0
CJS,ACC-NSF-STEM-EDUCATION,STEM Education,ongoing,before FY2017,FY2017-FY2026,FY2017-FY2026,,,,,0
CJS,ACC-NSF-TOTAL,National Science Foundation (agency total),ongoing,before FY2017,FY2017-FY2026,FY2017-FY2026,,,,,0
CJS,ACC-OSTP,Office of Science and Technology Policy,ongoing,before FY2017,FY2017-FY2026,FY2017-FY2026,,,,,0
CJS,ACC-USPTO-SE,Salaries and Expenses,ongoing,FY2027,FY2027-FY2027,,,,,yes,0
LHHS,ACC-HHS-ACF-CCDBG,Payments to States for the Child Care and Development Block Grant,ongoing,before FY2017,FY2017-FY2027,FY2017-FY2026,,,,,0
LHHS,ACC-HHS-ACF-CFSP,Children and Families Services Programs,ongoing,before FY2017,FY2017-FY2027,FY2017-FY2026,,,,,0
LHHS,ACC-HHS-ACF-CHILD-SUPPORT,Payments to States for Child Support Enforcement and Family Support Programs,ongoing,before FY2017,FY2017-FY2027,FY2017-FY2026,,,,,0
LHHS,ACC-HHS-ACF-FOSTER-CARE,Payments for Foster Care and Permanency,ongoing,before FY2017,FY2017-FY2027,FY2017-FY2026,,,,,0
LHHS,ACC-HHS-ACF-HEAD-START,Head Start,ongoing,before FY2017,FY2017-FY2027,FY2017-FY2026,,,,,0
LHHS,ACC-HHS-ACF-LIHEAP,Low Income Home Energy Assistance,ongoing,before FY2017,FY2017-FY2027,FY2017-FY2026,,,,,0
LHHS,ACC-HHS-ACF-PSSF,Promoting Safe and Stable Families,ongoing,before FY2017,FY2017-FY2027,FY2017-FY2026,,,,,0
LHHS,ACC-HHS-ACF-REFUGEE,Refugee and Entrant Assistance,ongoing,before FY2017,FY2017-FY2027,FY2017-FY2026,,,,,0
LHHS,ACC-HHS-ACF-SSBG,Social Services Block Grant,ongoing,before FY2017,FY2017-FY2027,FY2017-FY2026,,,,,0
LHHS,ACC-HHS-ACF-TOTAL,Administration for Children and Families (agency total),ongoing,before FY2017,FY2017-FY2027,FY2017-FY2026,,,,,0
LHHS,ACC-HHS-ACL-TOTAL,Administration for Community Living (agency total),ongoing,before FY2017,FY2017-FY2027,FY2017-FY2026,,,,,0
LHHS,ACC-HHS-AHRQ-TOTAL,Agency for Healthcare Research and Quality (agency total),ongoing,before FY2017,FY2017-FY2027,FY2017-FY2026,,,,,0
LHHS,ACC-HHS-CDC-BIRTH-DEFECTS,"Birth Defects, Developmental Disabilities, Disabilities and Health",ongoing,before FY2017,FY2017-FY2027,FY2017-FY2026,,,,,0
LHHS,ACC-HHS-CDC-BUILDINGS-FACILITIES,Buildings and Facilities,ongoing,before FY2017,FY2017-FY2027,FY2017-FY2026,,,,,0
LHHS,ACC-HHS-CDC-CHRONIC-DISEASE,Chronic Disease Prevention and Health Promotion,ongoing,before FY2017,FY2017-FY2027,FY2017-FY2026,,,,,0
LHHS,ACC-HHS-CDC-EEOICP,Energy Employees Occupational Illness Compensation Program,ongoing,before FY2017,FY2017-FY2027,FY2017-FY2026,,,,,0
LHHS,ACC-HHS-CDC-EMERGING-ZOONOTIC,Emerging and Zoonotic Infectious Diseases,ongoing,before FY2017,FY2017-FY2027,FY2017-FY2026,,,,,0
LHHS,ACC-HHS-CDC-ENVIRONMENTAL-HEALTH,Environmental Health,ongoing,before FY2017,FY2017-FY2027,FY2017-FY2026,,,,,0
LHHS,ACC-HHS-CDC-GLOBAL-HEALTH,Global Health,ongoing,before FY2017,FY2017-FY2027,FY2017-FY2026,,,,,0
LHHS,ACC-HHS-CDC-HIV-HEPATITIS-STD-TB,"HIV/AIDS, Viral Hepatitis, Sexually Transmitted Diseases, and Tuberculosis Prevention",ongoing,before FY2017,FY2017-FY2027,FY2017-FY2026,,,,,0
LHHS,ACC-HHS-CDC-IMMUNIZATION,Immunization and Respiratory Diseases,ongoing,before FY2017,FY2017-FY2027,FY2017-FY2026,,,,,0
LHHS,ACC-HHS-CDC-INJURY-PREVENTION,Injury Prevention and Control,ongoing,before FY2017,FY2017-FY2027,FY2017-FY2026,,,,,0
LHHS,ACC-HHS-CDC-NIOSH,National Institute for Occupational Safety and Health,ongoing,before FY2017,FY2017-FY2027,FY2017-FY2026,,,,,0
LHHS,ACC-HHS-CDC-PREPAREDNESS,Public Health Preparedness and Response,ongoing,before FY2017,FY2017-FY2027,FY2017-FY2026,,,,,0
LHHS,ACC-HHS-CDC-PROGRAM-SUPPORT,CDC-Wide Activities and Program Support,ongoing,before FY2017,FY2017-FY2027,FY2017-FY2026,,,,,0
LHHS,ACC-HHS-CDC-SCIENTIFIC-SERVICES,Public Health Scientific Services,ongoing,before FY2017,FY2017-FY2027,FY2017-FY2026,,,,,0
LHHS,ACC-HHS-CDC-TOTAL,Centers for Disease Control and Prevention (agency total),ongoing,before FY2017,FY2017-FY2027,FY2017-FY2026,,,,,0
LHHS,ACC-HHS-CMS-HCFAC,Health Care Fraud and Abuse Control Account,ongoing,before FY2017,FY2017-FY2027,FY2017-FY2026,,,,,0
LHHS,ACC-HHS-CMS-MEDICAID,Grants to States for Medicaid,ongoing,before FY2017,FY2017-FY2027,FY2017-FY2026,,,,,0
LHHS,ACC-HHS-CMS-PROGRAM-MANAGEMENT,Program Management,ongoing,before FY2017,FY2017-FY2027,FY2017-FY2026,,,,,0
LHHS,ACC-HHS-CMS-TOTAL,Centers for Medicare & Medicaid Services (agency total),ongoing,before FY2017,FY2017-FY2027,FY2017-FY2026,,,,,0
LHHS,ACC-HHS-CMS-TRUST-FUND-PAYMENTS,Payments to the Health Care Trust Funds,ongoing,before FY2017,FY2017-FY2027,FY2017-FY2026,,,,,0
LHHS,ACC-HHS-GP-ADOPTION-INCENTIVES-RESCISSION,Adoption Incentives (rescission),ongoing,before FY2017,FY2017-FY2027,FY2017-FY2026,,,,,0
LHHS,ACC-HHS-GP-MEDICARE-OPERATIONS,Medicare Operations (Title II general provision),ongoing,before FY2017,FY2017-FY2027,FY2017-FY2026,,,,,0
LHHS,ACC-HHS-GP-NEF-RESCISSION,"Nonrecurring Expenses Fund, HHS (rescission)",ongoing,before FY2017,FY2017-FY2027,FY2017-FY2026,,,,,0
LHHS,ACC-HHS-HRSA-CCPF,Covered Countermeasures Process Fund,ongoing,before FY2017,FY2017-FY2026,FY2017-FY2025,,,,,0
LHHS,ACC-HHS-HRSA-FAMILY-PLANNING,Family Planning,ongoing,before FY2017,FY2017-FY2027,FY2017-FY2026,,,,,0
LHHS,ACC-HHS-HRSA-HEALTH-CENTERS,Health Centers,ongoing,before FY2017,FY2017-FY2027,FY2017-FY2026,,,,,0
LHHS,ACC-HHS-HRSA-HEALTH-SYSTEMS,Health Systems,ongoing,before FY2017,FY2017-FY2027,FY2017-FY2026,,,,,0
LHHS,ACC-HHS-HRSA-HEALTH-WORKFORCE,Health Workforce,ongoing,before FY2017,FY2017-FY2027,FY2017-FY2026,,,,,0
LHHS,ACC-HHS-HRSA-MCH,Maternal and Child Health,ongoing,before FY2017,FY2017-FY2027,FY2017-FY2026,,,,,0
LHHS,ACC-HHS-HRSA-PRIMARY-CARE,Primary Health Care,ongoing,before FY2017,FY2017-FY2027,FY2017-FY2026,,,,,0
LHHS,ACC-HHS-HRSA-PROGRAM-SUPPORT,HRSA-Wide Activities and Program Support,ongoing,before FY2017,FY2017-FY2027,FY2017-FY2026,,,,,0
LHHS,ACC-HHS-HRSA-RURAL-HEALTH,Rural Health,ongoing,before FY2017,FY2017-FY2027,FY2017-FY2026,,,,,0
LHHS,ACC-HHS-HRSA-RYAN-WHITE,Ryan White HIV/AIDS Program,ongoing,before FY2017,FY2017-FY2027,FY2017-FY2026,,,,,0
LHHS,ACC-HHS-HRSA-TOTAL,Health Resources and Services Administration (agency total),ongoing,before FY2017,FY2017-FY2027,FY2017-FY2026,,,,,0
LHHS,ACC-HHS-HRSA-VICTF,Vaccine Injury Compensation Program Trust Fund,ongoing,before FY2017,FY2017-FY2027,FY2017-FY2026,,,,,0
LHHS,ACC-HHS-NIH-BUILDINGS-FACILITIES,Buildings and Facilities,ongoing,before FY2017,FY2017-FY2027,FY2017-FY2026,,,,,0
LHHS,ACC-HHS-NIH-CURES,"NIH Innovation Account, CURES Act",ongoing,before FY2017,FY2018-FY2027,FY2017-FY2026,,,,,0
LHHS,ACC-HHS-NIH-FIC,John E. Fogarty International Center,ongoing,before FY2017,FY2017-FY2027,FY2017-FY2026,,,,,0
LHHS,ACC-HHS-NIH-NCATS,National Center for Advancing Translational Sciences,ongoing,before FY2017,FY2017-FY2027,FY2017-FY2026,,,,,0
LHHS,ACC-HHS-NIH-NCCIH,National Center for Complementary and Integrative Health,ongoing,before FY2017,FY2017-FY2027,FY2017-FY2026,,,,,0
LHHS,ACC-HHS-NIH-NCI,National Cancer Institute,ongoing,before FY2017,FY2017-FY2027,FY2017-FY2026,,,,,0
LHHS,ACC-HHS-NIH-NEI,National Eye Institute,ongoing,before FY2017,FY2017-FY2027,FY2017-FY2026,,,,,0
LHHS,ACC-HHS-NIH-NHGRI,National Human Genome Research Institute,ongoing,before FY2017,FY2017-FY2027,FY2017-FY2026,,,,,0
LHHS,ACC-HHS-NIH-NHLBI,"National Heart, Lung, and Blood Institute",ongoing,before FY2017,FY2017-FY2027,FY2017-FY2026,,,,,0
LHHS,ACC-HHS-NIH-NIA,National Institute on Aging,ongoing,before FY2017,FY2017-FY2027,FY2017-FY2026,,,,,0
LHHS,ACC-HHS-NIH-NIAAA,National Institute on Alcohol Abuse and Alcoholism,ongoing,before FY2017,FY2017-FY2027,FY2017-FY2026,,,,,0
LHHS,ACC-HHS-NIH-NIAID,National Institute of Allergy and Infectious Diseases,ongoing,before FY2017,FY2017-FY2027,FY2017-FY2026,,,,,0
LHHS,ACC-HHS-NIH-NIAMS,National Institute of Arthritis and Musculoskeletal and Skin Diseases,ongoing,before FY2017,FY2017-FY2027,FY2017-FY2026,,,,,0
LHHS,ACC-HHS-NIH-NIBIB,National Institute of Biomedical Imaging and Bioengineering,ongoing,before FY2017,FY2017-FY2027,FY2017-FY2026,,,,,0
LHHS,ACC-HHS-NIH-NICHD,Eunice Kennedy Shriver National Institute of Child Health and Human Development,ongoing,before FY2017,FY2017-FY2027,FY2017-FY2026,,,,,0
LHHS,ACC-HHS-NIH-NIDA,National Institute on Drug Abuse,ongoing,before FY2017,FY2017-FY2027,FY2017-FY2026,,,,,0
LHHS,ACC-HHS-NIH-NIDCD,National Institute on Deafness and Other Communication Disorders,ongoing,before FY2017,FY2017-FY2027,FY2017-FY2026,,,,,0
LHHS,ACC-HHS-NIH-NIDCR,National Institute of Dental and Craniofacial Research,ongoing,before FY2017,FY2017-FY2027,FY2017-FY2026,,,,,0
LHHS,ACC-HHS-NIH-NIDDK,National Institute of Diabetes and Digestive and Kidney Diseases,ongoing,before FY2017,FY2017-FY2027,FY2017-FY2026,,,,,0
LHHS,ACC-HHS-NIH-NIEHS,National Institute of Environmental Health Sciences,ongoing,before FY2017,FY2017-FY2027,FY2017-FY2026,,,,,0
LHHS,ACC-HHS-NIH-NIGMS,National Institute of General Medical Sciences,ongoing,before FY2017,FY2017-FY2027,FY2017-FY2026,,,,,0
LHHS,ACC-HHS-NIH-NIMH,National Institute of Mental Health,ongoing,before FY2017,FY2017-FY2027,FY2017-FY2026,,,,,0
LHHS,ACC-HHS-NIH-NIMHD,National Institute on Minority Health and Health Disparities,ongoing,before FY2017,FY2017-FY2027,FY2017-FY2026,,,,,0
LHHS,ACC-HHS-NIH-NINDS,National Institute of Neurological Disorders and Stroke,ongoing,before FY2017,FY2017-FY2027,FY2017-FY2026,,,,,0
LHHS,ACC-HHS-NIH-NINR,National Institute of Nursing Research,ongoing,before FY2017,FY2017-FY2027,FY2017-FY2026,,,,,0
LHHS,ACC-HHS-NIH-NLM,National Library of Medicine,ongoing,before FY2017,FY2017-FY2027,FY2017-FY2026,,,,,0
LHHS,ACC-HHS-NIH-OD,Office of the Director,ongoing,before FY2017,FY2017-FY2027,FY2017-FY2026,,,,,0
LHHS,ACC-HHS-NIH-TOTAL,National Institutes of Health (agency total),ongoing,before FY2017,FY2017-FY2027,FY2017-FY2026,,,,,0
LHHS,ACC-HHS-OS-COMMISSIONED-OFFICERS,Retirement Pay and Medical Benefits for Commissioned Officers,ongoing,before FY2017,FY2017-FY2027,FY2017-FY2026,,,,,0
LHHS,ACC-HHS-OS-GDM,General Departmental Management,ongoing,before FY2017,FY2017-FY2027,FY2017-FY2026,,,,,0
LHHS,ACC-HHS-OS-OCR,Office for Civil Rights,ongoing,before FY2017,FY2017-FY2027,FY2017-FY2026,,,,,0
LHHS,ACC-HHS-OS-OIG,Office of Inspector General,ongoing,before FY2017,FY2017-FY2027,FY2017-FY2026,,,,,0
LHHS,ACC-HHS-OS-OMHA,Medicare Hearings and Appeals,ongoing,before FY2017,FY2017-FY2027,FY2017-FY2026,,,,,0
LHHS,ACC-HHS-OS-ONC,Office of the National Coordinator for Health Information Technology,ongoing,before FY2017,FY2017-FY2027,FY2017-FY2026,,,,,0
LHHS,ACC-HHS-OS-PHSSEF,Public Health and Social Services Emergency Fund,ongoing,before FY2017,FY2017-FY2025,FY2017-FY2024,,,,,0
LHHS,ACC-HHS-OS-TOTAL,Office of the Secretary (agency total),ongoing,before FY2017,FY2017-FY2027,FY2017-FY2026,,,,,0
LHHS,ACC-HHS-SAMHSA-MENTAL-HEALTH,Mental Health,ongoing,before FY2017,FY2017-FY2027,FY2017-FY2026,,,,,0
LHHS,ACC-HHS-SAMHSA-PREVENTION,Substance Abuse Prevention,ongoing,before FY2017,FY2017-FY2027,FY2017-FY2026,,,,,0
LHHS,ACC-HHS-SAMHSA-PROGRAM-SUPPORT,Health Surveillance and Program Support,ongoing,before FY2017,FY2017-FY2027,FY2017-FY2026,,,,,0
LHHS,ACC-HHS-SAMHSA-TOTAL,Substance Abuse and Mental Health Services Administration (agency total),ongoing,before FY2017,FY2017-FY2027,FY2017-FY2026,,,,,0
LHHS,ACC-HHS-SAMHSA-TREATMENT,Substance Abuse Treatment,ongoing,before FY2017,FY2017-FY2027,FY2017-FY2026,,,,,0
LHHS,ACC-HHS-TITLE-II-TOTAL,"Title II, Department of Health and Human Services (title total)",ongoing,before FY2017,FY2017-FY2027,FY2017-FY2026,,,,,0
LHHS,ACC-HHS-ASPR-OPER,"Operations, Preparedness, and Emergency Response",new,FY2024,FY2024-FY2027,FY2024-FY2026,2024,ACC-HHS-OS-PHSSEF,,,24
LHHS,ACC-HHS-ASPR-RDP,"Research, Development, and Procurement",new,FY2024,FY2024-FY2027,FY2024-FY2026,2024,ACC-HHS-OS-PHSSEF,,,24
LHHS,ACC-HHS-ASPR-TOTAL,Administration for Strategic Preparedness and Response (agency total),new,FY2023,FY2023-FY2027,FY2024-FY2026,2024,ACC-HHS-OS-PHSSEF,,,24
LHHS,ACC-HHS-GP-MEDICARE-LIMITATION,Limitation for Title XVIII of the Social Security Act,new,FY2026,FY2027-FY2027,FY2026-FY2026,2026,,,,39
LHHS,ACC-HHS-NIH-ARPA-H,Advanced Research Projects Agency for Health,new,FY2022,FY2022-FY2027,FY2022-FY2026,2022,,,,20
LHHS,ACC-HHS-AHA-TOTAL,Administration for a Healthy America (agency total),proposed_only,FY2026,FY2026-FY2027,,,,,,38
LHHS,ACC-HHS-NIH-BEHAVIORAL-HEALTH,National Institute of Behavioral Health,proposed_only,FY2026,FY2026-FY2026,,,,,,41
LHHS,ACC-HHS-NIH-BODY-SYSTEMS,National Institute on Body Systems Research,proposed_only,FY2025,FY2025-FY2026,,,,,,38
LHHS,ACC-HHS-NIH-CHILD-WOMEN-SENSORY,"National Institute for Child and Women's Health, Sensory Disorders and Communication",proposed_only,FY2026,FY2026-FY2026,,,,,,41
LHHS,ACC-HHS-NIH-NEUROSCIENCE,National Institute on Neuroscience and Brain Research,proposed_only,FY2025,FY2025-FY2026,,,,,,38
LHHS,ACC-HHS-NIH-SUBSTANCE-USE,National Institute of Substance Use and Addiction Research,proposed_only,FY2027,FY2027-FY2027,,,,,,41
