agency_section,heading,printed_path,figures,proposed_handling
HRSA,Training in Primary Care Medicine,Health Workforce / Training in Primary Care Medicine,"House Reported 38,924 (p.207); Senate Reported 38,924 (p.226)",not an account: a program line inside ACC-HHS-HRSA-HEALTH-WORKFORCE (printed under 'health workforce')
HRSA,Interdisciplinary Community-Based Linkages Area Health Education Centers,Health Workforce / Interdisciplinary Community-Based Linkages Area Health Education Centers,"House Reported 30,250 (p.207)",not an account: a program line inside ACC-HHS-HRSA-HEALTH-WORKFORCE (printed under 'health workforce')
HRSA,Menta 1 and Behavori a 1 Health,Health Workforce / Geriatric Programs / Menta 1 and Behavori a 1 Health,"House Reported 9,916 (p.207)",not an account: a program line inside ACC-HHS-HRSA-HEALTH-WORKFORCE (printed under 'health workforce')
HRSA,Nursing Corps Scholarship and Loan Repayment Program,Nursing Corps Scholarship and Loan Repayment Program,"House Reported 83,135 (p.207); President's Budget 82,977 (p.207); Senate Reported 83,135 (p.226); Enacted 87,135 (p.357)",not an account: a program line inside ACC-HHS-HRSA-HEALTH-WORKFORCE (its printed subtotal includes it; the HRSA sum passes)
HRSA,Nursing Workforce Development,Nursing Workforce Development,"House Reported 128,067 (p.207)",not an account: a heading line inside ACC-HHS-HRSA-HEALTH-WORKFORCE (the HRSA sum passes)
HRSA,Sickle Cell Anemia Demonstration Program,Maternal and Child Health / Sickle Cell Anemia Demonstration Program,"House Reported 4,455 (p.208); President's Budget 0 (p.208); Senate Reported 4,455 (p.227); Enacted 4,455 (p.358)",not an account: a program line inside ACC-HHS-HRSA-MCH (printed under 'Maternal and Child Health'; the HRSA sum passes)
HRSA,Autism and Other Developmental Disorders,Maternal and Child Health / Autism and Other Developmental Disorders,"House Reported 47,099 (p.208); President's Budget 0 (p.208); Senate Reported 47,099 (p.227)",not an account: a program line inside ACC-HHS-HRSA-MCH (printed under 'maternal and child health')
HRSA,Healthy Start Initiative (PL 114-254),Maternal and Child Health / Healthy Start / Healthy Start Initiative (PL 114-254),House Reported 0 (p.208); President's Budget 0 (p.208),not an account: a program line inside ACC-HHS-HRSA-MCH (printed under 'maternal and child health')
HRSA,Universal Newborn Hearing Screening,Maternal and Child Health / Universal Newborn Hearing Screening,"House Reported 17,818 (p.208); President's Budget 0 (p.208); Senate Reported 17,818 (p.227)",not an account: a program line inside ACC-HHS-HRSA-MCH (printed under 'Maternal and Child Health'; the HRSA sum passes)
HRSA,Emergency Assistance,Ryan White HIV/AIDS Program / Emergency Assistance,"House Reported 655,876 (p.208); President's Budget 654,629 (p.208); Senate Reported 655,876 (p.227)",not an account: a program line inside ACC-HHS-HRSA-RYAN-WHITE (printed under 'ryan white hiv/aids program')
HRSA,Comprehensive Care Programs,Ryan White HIV/AIDS Program / Comprehensive Care Programs,"House Reported 1,315,005 (p.208); President's Budget 1,312,505 (p.208); Senate Reported 1,315,005 (p.227)",not an account: a program line inside ACC-HHS-HRSA-RYAN-WHITE (printed under 'ryan white hiv/aids program')
HRSA,Early Intervention Program,Ryan White HIV/AIDS Program / Early Intervention Program,"House Reported 201,079 (p.208); President's Budget 204,689 (p.208); Senate Reported 201,079 (p.227)",not an account: a program line inside ACC-HHS-HRSA-RYAN-WHITE (printed under 'ryan white hiv/aids program')
HRSA,"Children, Youth, Women, and Families","Ryan White HIV/AIDS Program / Children, Youth, Women, and Families","House Reported 75,088 (p.209); President's Budget 75,088 (p.209); Senate Reported 75,088 (p.227)",not an account: a program line inside ACC-HHS-HRSA-RYAN-WHITE (printed under 'ryan white hiv/aids program')
HRSA,AIDS Dental Services,Ryan White HIV/AIDS Program / AIDS Dental Services,"House Reported 13,122 (p.209); President's Budget 13,097 (p.209); Senate Reported 13,122 (p.227)",not an account: a program line inside ACC-HHS-HRSA-RYAN-WHITE (printed under 'ryan white hiv/aids program')
HRSA,Education and Training Centers,Ryan White HIV/AIDS Program / Education and Training Centers,"House Reported 33,611 (p.209); President's Budget 0 (p.209); Senate Reported 33,611 (p.227)",not an account: a program line inside ACC-HHS-HRSA-RYAN-WHITE (printed under 'ryan white hiv/aids program')
HRSA,CW Bill Young Cell Transplantation program,Health Care Systems / CW Bill Young Cell Transplantation program,"House Reported 22,109 (p.209); President's Budget 22,067 (p.209); Senate Reported 22,109 (p.227)",not an account: a program line inside ACC-HHS-HRSA-HEALTH-SYSTEMS (printed under 'health care systems')
HRSA,340B Drug Pricing program/Office of Pharmacy Affairs,Health Care Systems / 340B Drug Pricing program/Office of Pharmacy Affairs,"House Reported 10,238 (p.209); President's Budget 10,219 (p.209); Senate Reported 19,238 (p.227)",not an account: a program line of the FY2022 'Health Care Systems' group (see the Historical Name proposal for ACC-HHS-HRSA-HEALTH-SYSTEMS)
HRSA,Poison Control,Health Care Systems / Poison Control,"House Reported 18,846 (p.209); President's Budget 18,810 (p.209); Senate Reported 19,846 (p.228)",not an account: a program line inside ACC-HHS-HRSA-HEALTH-SYSTEMS (printed under 'health care systems')
HRSA,National Hansen's Disease Program,Health Care Systems / National Hansen's Disease Program,"House Reported 11,653 (p.209); President's Budget 11,653 (p.209)",not an account: a program line inside ACC-HHS-HRSA-HEALTH-SYSTEMS (printed under 'health care systems')
HRSA,Hansen's Disease Program Buildings and Facilities,Health Care Systems / Hansen's Disease Program Buildings and Facilities,House Reported 0 (p.209); President's Budget 0 (p.209),not an account: a program line inside ACC-HHS-HRSA-HEALTH-SYSTEMS (printed under 'health care systems')
HRSA,HRSA Administrative expenses TF,vaccine Injury Compensation Program Trust Fund / HRSA Administrative expenses TF,"House Reported 8,250 (p.210); President's Budget 9,200 (p.210)",not an account: a line inside ACC-HHS-HRSA-VICTF (Vaccine Injury Compensation Program Trust Fund)
CDC,Subtotal . NA,CENTERS FOR DISEASE CONTROL AND PREVENTION / Subtotal . NA,"House Reported 137,560 (p.212); President's Budget 100,000 (p.212)",not an account: a program line inside ACC-HHS-CDC-TOTAL (printed under 'centers for disease control and prevention')
NIH,~~w~~~~~~¥w~~,Discretionary / ~~w~~~~~~¥w~~,House Reported 0 (p.213),"not an account: a wavy printed rule read as text (H.Rept. 115-244 p.213), printed 0"
NIH,"Subtotal, NIDDK program level","NATIONAL INSTITUTES OF HEALTH / Subtotal, NIDDK program level","House Reported 2,049,733 (p.214); President's Budget 1,599,534 (p.214); Senate Reported 2,085,597 (p.230); Enacted 2,120,797 (p.364)",not an account: a program line inside ACC-HHS-NIH-TOTAL (printed under 'national institutes of health')
NIH,"Subtotal, NGMS program level","NATIONAL INSTITUTES OF HEALTH / Subtotal, NGMS program level","House Reported 2,713,775 (p.214); President's Budget 2,185,509 (p.214); Senate Reported 2,887,194 (p.231)",not an account: a program line inside ACC-HHS-NIH-TOTAL (printed under 'national institutes of health')
SAMHSA,Children's Mental Health D,SUBSTANCE ABUSE AND MENTAL HEALTH SERVICES ADMINISTRATION (SAMHSA) / Mental Health / Children's Mental Health D,"House Reported 119,026 (p.217); President's Budget 118,800 (p.217)",not an account: a program line inside ACC-HHS-SAMHSA-MENTAL-HEALTH (printed under 'mental health')
SAMHSA,Grants to States for the Homeless (PATH) D,SUBSTANCE ABUSE AND MENTAL HEALTH SERVICES ADMINISTRATION (SAMHSA) / Mental Health / Grants to States for the Homeless (PATH) D,"House Reported 64,635 (p.217); President's Budget 64,512 (p.217)",not an account: a program line inside ACC-HHS-SAMHSA-MENTAL-HEALTH (printed under 'mental health')
SAMHSA,Substance Abuse block grant,SUBSTANCE ABUSE AND MENTAL HEALTH SERVICES ADMINISTRATION (SAMHSA) / Substance Abuse Treatment / Substance Abuse block grant,"House Reported 1,778,879 (p.218); President's Budget 1,775,497 (p.218); Senate Reported 1,778,879 (p.232)",not an account: a program line inside ACC-HHS-SAMHSA-TREATMENT (printed under 'substance abuse treatment')
CMS,"Subtotal, Medicaid Program Level","CENTERS FOR MEDICARE AND MEDICAID SERVICES / Grants to States for Medicaid / Subtotal, Medicaid Program Level","House Reported 410,017,836 (p.220); President's Budget 410,017,836 (p.220); Senate Reported 410,017,836 (p.234); Enacted 410,017,836 (p.371)",not an account: a program line inside ACC-HHS-CMS-MEDICAID (printed under 'grants to states for medicaid')
CMS,Less funds advanced in prior year,CENTERS FOR MEDICARE AND MEDICAID SERVICES / Grants to States for Medicaid / Vaccines for Children / Less funds advanced in prior year,"House Reported -125,219,452 (p.220); President's Budget -125,219,452 (p.220); Senate Reported -125,219,452 (p.234); Enacted -125,219,452 (p.371)",not an account: an advance-appropriation line of the account above it (amount_type advance)
CMS,"Research, Demonstration, Evaluation TF","Program Management / Research, Demonstration, Evaluation TF","House Reported 0 (p.221); President's Budget 18,054 (p.221)",not an account: a program line inside ACC-HHS-CMS-PROGRAM-MANAGEMENT (printed under 'program management')
CMS,Program Operations TF,Program Management / Program Operations TF,"House Reported 2,341,274 (p.221); President's Budget 2,441,274 (p.221)",not an account: a program line inside ACC-HHS-CMS-PROGRAM-MANAGEMENT (printed under 'program management')
CMS,State Survey and Certification TF,Program Management / State Survey and Certification TF,"House Reported 397,334 (p.221); President's Budget 406,135 (p.221)",not an account: a program line inside ACC-HHS-CMS-PROGRAM-MANAGEMENT (printed under 'program management')
CMS,Federal Administration TF,Program Management / Federal Administration TF,"House Reported 712,533 (p.221); President's Budget 722,533 (p.221)",not an account: a program line inside ACC-HHS-CMS-PROGRAM-MANAGEMENT (printed under 'program management')
CMS,Centers for Medicare and Medicaid Services TF,Health Care Fraud and Abuse Control Account / Centers for Medicare and Medicaid Services TF,"House Reported 486,936 (p.221); President's Budget 536,145 (p.221)",not an account: a Health Care Fraud and Abuse Control line inside ACC-HHS-CMS-HCFAC
CMS,HHS Office of Inspector General TF,Health Care Fraud and Abuse Control Account / HHS Office of Inspector General TF,"House Reported 82,132 (p.221); President's Budget 74,246 (p.221)",not an account: a Health Care Fraud and Abuse Control line inside ACC-HHS-CMS-HCFAC
CMS,Medicaid/CHIP TF,Health Care Fraud and Abuse Control Account / Medicaid/CHIP TF,"House Reported 82,132 (p.221); President's Budget 74,246 (p.221)",not an account: a Health Care Fraud and Abuse Control line inside ACC-HHS-CMS-HCFAC
CMS,Department of Justice TF,Health Care Fraud and Abuse Control Account / Department of Justice TF,"House Reported 93,800 (p.221); President's Budget 66,363 (p.221)",not an account: a Health Care Fraud and Abuse Control line inside ACC-HHS-CMS-HCFAC
ACF,"Total, Family Support Payments Program Level","ADMINISTRATION FOR CHILDREN AND FAMILIES (ACF) / Child Support Enforcement / Total, Family Support Payments Program Level","House Reported 4,395,400 (p.222); President's Budget 4,395,400 (p.222); Senate Reported 4,395,400 (p.235); Enacted 4,395,400 (p.373)",not an account: a program line inside ACC-HHS-ACF-TOTAL (printed under 'administration for children and families')
ACF,Less funds advanced in previous years,ADMINISTRATION FOR CHILDREN AND FAMILIES (ACF) / Child Support Enforcement / Less funds advanced in previous years,"House Reported -1,400,000 (p.222); President's Budget -1,400,000 (p.222); Senate Reported -1,400,000 (p.235); Enacted -1,400,000 (p.373)",not an account: an advance-appropriation line of the account above it (amount_type advance)
ACF,"Total, Family Support Payments, current year","ADMINISTRATION FOR CHILDREN AND FAMILIES (ACF) / Child Support Enforcement / Total, Family Support Payments, current year","House Reported 2,995,400 (p.222); President's Budget 2,995,400 (p.222); Senate Reported 2,995,400 (p.235); Enacted 2,995,400 (p.373)",not an account: a program line inside ACC-HHS-ACF-TOTAL (printed under 'administration for children and families')
ACF,Social Services,Refugee and Entrant Assistance / Social Services,House Reported 0 (p.223); President's Budget 0 (p.223),not an account: a program line inside ACC-HHS-ACF-REFUGEE (printed under 'refugee and entrant assistance')
ACF,Targeted Assistance,Refugee and Entrant Assistance / Targeted Assistance,House Reported 0 (p.223); President's Budget 0 (p.223),not an account: a program line inside ACC-HHS-ACF-REFUGEE (printed under 'refugee and entrant assistance')
ACF,Unaccompanied Minors,Refugee and Entrant Assistance / Unaccompanied Minors,"House Reported 498,000 (p.223); President's Budget 948,000 (p.223); Senate Reported 948,000 (p.236); Enacted 1,303,245 (p.374)",not an account: a program line inside ACC-HHS-ACF-REFUGEE (printed under 'refugee and entrant assistance')
ACF,Victims of Torture,Refugee and Entrant Assistance / Victims of Torture,"House Reported 10,735 (p.223); President's Budget 10,715 (p.223); Senate Reported 10,735 (p.236); Enacted 10,735 (p.374)",not an account: a program line inside ACC-HHS-ACF-REFUGEE (printed under 'refugee and entrant assistance')
ACF,"Consolidated Runaway, Homeless Youth Program","Children and Families Services Programs / Consolidated Runaway, Homeless Youth Program","House Reported 101,980 (p.224); President's Budget 101,786 (p.224); Senate Reported 101,980 (p.236)",not an account: a program line inside ACC-HHS-ACF-CFSP (printed under 'children and families services programs')
ACF,Family Violence/Battered Women's Shelters,Community Services / Community Services Block Grant Act programs / Family Violence/Battered Women's Shelters,"House Reported 151,000 (p.225); President's Budget 151,000 (p.225); Enacted 160,000 (p.376)",not an account: a line inside ACC-HHS-ACF-CFSP (Children and Families Services Programs)
ACF,"Total, Payments to States","Payments for Foster Care and Permanency / Total, Payments to States","House Reported 8,725,000 (p.226); President's Budget 8,725,000 (p.226); Senate Reported 8,725,000 (p.237); Enacted 8,725,000 (p.377)",not an account: the sum of ACC-HHS-ACF-FOSTER-CARE's lines before the advance adjustments; its headline is derived as the current year + the new advance
ACF,Less Advances from Prior Year,Less Advances from Prior Year,"House Reported -2,500,000 (p.226); President's Budget -2,500,000 (p.226); Senate Reported -2,500,000 (p.237); Enacted -2,500,000 (p.377)",not an account: an advance-appropriation line of the account above it (amount_type advance)
ACF,"Total, payments, current year","Total, payments, current year","House Reported 6,225,000 (p.226); President's Budget 6,225,000 (p.226); Senate Reported 6,225,000 (p.237); Enacted 6,225,000 (p.377)","not an account: ACC-HHS-ACF-FOSTER-CARE's current-year line, one of the two its derived headline sums"
ACL,Grants to States Home and Community-based Supportive Services,ADMINISTRATION FOR COMMUNITY LIVING / Aging and Disability Services Programs / Grants to States Home and Community-based Supportive Services,"House Reported 350,224 (p.227); President's Budget 347,063 (p.227); Enacted 385,074 (p.378)",not an account: a program line inside ACC-HHS-ACL-TOTAL (printed under 'administration for community living')
ACL,Nutrition Congregate Meals,"ADMINISTRATION FOR COMMUNITY LIVING / ""~w / Nutrition Congregate Meals","House Reported 450,342 (p.227); President's Budget 447,490 (p.227); Enacted 490,342 (p.378)",not an account: a program line inside ACC-HHS-ACL-TOTAL (printed under 'administration for community living')
ACL,Alzheimer's Disease Demonstrations,"ADMINISTRATION FOR COMMUNITY LIVING / ""~w / Alzheimer's Disease Demonstrations","House Reported 19,500 (p.228); President's Budget 19,490 (p.228)",not an account: a program line inside ACC-HHS-ACL-TOTAL (printed under 'administration for community living')
ACL,Chronic Disease Self-Management Program,"ADMINISTRATION FOR COMMUNITY LIVING / ""~w / Chronic Disease Self-Management Program","House Reported 5,000 (p.228); President's Budget 5,000 (p.228); Enacted 0 (p.379)",not an account: a program line inside ACC-HHS-ACL-TOTAL (printed under 'administration for community living')
ACL,Elder Falls Prevention,"ADMINISTRATION FOR COMMUNITY LIVING / ""~w / Elder Falls Prevention","House Reported 5,000 (p.228); President's Budget 5,000 (p.228); Enacted 0 (p.379)",not an account: a program line inside ACC-HHS-ACL-TOTAL (printed under 'administration for community living')
ACL,Senior Community Service Employment Program,"ADMINISTRATION FOR COMMUNITY LIVING / ""~w / Senior Community Service Employment Program","House Reported 300,000 (p.228)",not an account: a program line inside ACC-HHS-ACL-TOTAL (printed under 'administration for community living')
ACL,Paralysis Resource Center,"ADMINISTRATION FOR COMMUNITY LIVING / ""~w / Paralysis Resource Center","House Reported 6,700 (p.228); Senate Reported 6,700 (p.239); Enacted 7,700 (p.379)",not an account: a program line inside ACC-HHS-ACL-TOTAL (printed under 'administration for community living')
ACL,Limb loss,"ADMINISTRATION FOR COMMUNITY LIVING / ""~w / Limb loss","House Reported 2,500 (p.228); Senate Reported 2,500 (p.239); Enacted 3,500 (p.379)",not an account: a program line inside ACC-HHS-ACL-TOTAL (printed under 'administration for community living')
ACL,Traumatic Brain Injury,"ADMINISTRATION FOR COMMUNITY LIVING / ""~w / Traumatic Brain Injury","House Reported 9,321 (p.228); President's Budget 3,162 (p.228); Senate Reported 9,321 (p.239); Enacted 11,321 (p.379)",not an account: a program line inside ACC-HHS-ACL-TOTAL (printed under 'administration for community living')
ACL,"Partnerships for Innovation, Inclusion, and Independence","ADMINISTRATION FOR COMMUNITY LIVING / Developmental Disabilities Programs / Partnerships for Innovation, Inclusion, and Independence","House Reported 0 (p.229); President's Budget 45,000 (p.229)",not an account: a program line inside ACC-HHS-ACL-TOTAL (printed under 'administration for community living')
OS,Faith-Based Center,OFFICE OF THE SECRETARY / General Departmental Management / Faith-Based Center,"House Reported 1,299 (p.231); President's Budget 1,299 (p.231); Senate Reported 1,299 (p.239)",not an account: a program line inside ACC-HHS-OS-GDM (printed under 'general departmental management')
OS,Minority Health,OFFICE OF THE SECRETARY / General Departmental Management / Minority Health,"House Reported 45,250 (p.231); President's Budget 56,562 (p.231); Senate Reported 56,670 (p.240)",not an account: a program line inside ACC-HHS-OS-GDM (printed under 'general departmental management')
OS,Office of Women's Health,OFFICE OF THE SECRETARY / General Departmental Management / Office of Women's Health,"House Reported 25,712 (p.231); President's Budget 32,140 (p.231)",not an account: a program line inside ACC-HHS-OS-GDM (printed under 'general departmental management')
OS,Minority HIV/AIDS prevention and treatment,OFFICE OF THE SECRETARY / General Departmental Management / Minority HIV/AIDS prevention and treatment,"House Reported 0 (p.231); President's Budget 0 (p.231); Senate Reported 53,900 (p.240)",not an account: a program line inside ACC-HHS-OS-GDM (printed under 'general departmental management')
OS,"Total, General Departmental Management Program","OFFICE OF THE SECRETARY / Total, General Departmental Management Program","House Reported 350,346 (p.231); President's Budget 361,966 (p.231); Senate Reported 535,457 (p.240); Enacted 535,457 (p.382)",not an account: a program line inside ACC-HHS-OS-TOTAL (printed under 'office of the secretary')
OS,Hospital Preparedness Cooperative Agreement Grants: 0 Formula Grants. '''. ',Public Health and Social Services Emergency Fund / (PHSSEF) / Assistant Secretary for Preparedness and Response / Hospital Preparedness Cooperative Agreement Grants: 0 Formula Grants. '''. ',"House Reported 254,555 (p.233); President's Budget 227,201 (p.233)",not an account: a program line inside ACC-HHS-OS-TOTAL (no narrower account of ours prints its group)
OS,"Assistant Secretary for Administration, Cybersecurity.","Public Health and Social Services Emergency Fund / (PHSSEF) / Assistant Secretary for Administration / Assistant Secretary for Administration, Cybersecurity.","House Reported 50,860 (p.234); President's Budget 73,263 (p.234)",not an account: a PHSSEF line (ACC-HHS-OS-PHSSEF)
OS,Office of Security and Strategic Information,Public Health and Social Services Emergency Fund / (PHSSEF) / Assistant Secretary for Administration / Office of Security and Strategic Information,"House Reported 7,470 (p.234); President's Budget 7,456 (p.234); Senate Reported 7,470 (p.241)",not an account: a PHSSEF line (ACC-HHS-OS-PHSSEF)
OS,"Subtotal, Pandemic Influenza Preparedness","Public Health and Social Services Emergency Fund / (PHSSEF) / Public Health and Science / Subtotal, Pandemic Influenza Preparedness","House Reported 250,000 (p.234); President's Budget 206,863 (p.234); Senate Reported 92,000 (p.241)",not an account: a program line inside ACC-HHS-OS-TOTAL (no narrower account of ours prints its group)
OS,"Subtotal, Non-pandemic flu/BioShield/Parklawn/Other construction","Public Health and Social Services Emergency Fund / (PHSSEF) / Public Health and Science / Subtotal, Non-pandemic flu/BioShield/Parklawn/Other construction","House Reported 959,258 (p.234); President's Budget 945,753 (p.234); Senate Reported 950,958 (p.241)",not an account: a program line inside ACC-HHS-OS-TOTAL (no narrower account of ours prints its group)
OS,"Account for the State Response to the Opioid Abuse Crisis, CURES Act2/","Public Health and Social Services Emergency Fund / Account for the State Response to the Opioid Abuse Crisis, CURES Act2/","House Reported 500,000 (p.234); President's Budget 500,000 (p.234); Enacted 500,000 (p.383)",not an account: a CURES Act line printed 0 under the Office of the Secretary (the FY2019 State Opioid Response grants are SAMHSA's lines)
HRSA,a,Rural Health / Telehealth / a,President's Budget 0 (p.210),not an account: a program line inside ACC-HHS-HRSA-RURAL-HEALTH (printed under 'rural health')
HRSA,Mental and Behavorial Health,Interdisciplinary Community-Based Linkages / Mental and Behavorial Health,"Senate Reported 9,916 (p.226); Enacted 36,916 (p.357)",not an account: a program line inside ACC-HHS-HRSA-HEALTH-WORKFORCE (Interdisciplinary Community-Based Linkages; 'Behavioral' misspelled in the table)
HRSA,Screening for treatment for material depression,Interdisciplinary Community-Based Linkages / Screening for treatment for material depression,"Senate Reported 5,000 (p.226)",not an account: a program line inside ACC-HHS-HRSA-HEALTH-WORKFORCE (Interdisciplinary Community-Based Linkages; 'maternal' printed 'material')
HRSA,Advanced Education Nursing,Nursing Programs / Advanced Education Nursing,"Senate Reported 69,581 (p.226); Enacted 74,581 (p.357)",not an account: an advance-appropriation line of the account above it (amount_type advance)
HRSA,National Hansen’s Disease Program,Health Care Systems / National Hansen’s Disease Program,"Senate Reported 11,653 (p.228)",not an account: a program line inside ACC-HHS-HRSA-HEALTH-SYSTEMS (printed under 'health care systems')
HRSA,Hansen’s Disease Program Buildings and Facilities,Health Care Systems / Hansen’s Disease Program Buildings and Facilities,Senate Reported 122 (p.228),not an account: a program line inside ACC-HHS-HRSA-HEALTH-SYSTEMS (printed under 'health care systems')
NIH,"Transfer from NIH Innovation, CURES Act 4","NATIONAL INSTITUTES OF HEALTH / National Cancer Institute / Transfer from NIH Innovation, CURES Act 4","Senate Reported 300,000 (p.230); Senate Reported 43,000 (p.230); Senate Reported 43,000 (p.231)",not an account: a program line inside ACC-HHS-NIH-NCI (printed under 'national cancer institute')
NIH,"Subtotal, National Cancer Institute","NATIONAL INSTITUTES OF HEALTH / Subtotal, National Cancer Institute","Senate Reported 5,858,270 (p.230)",not an account: a program line inside ACC-HHS-NIH-TOTAL (printed under 'national institutes of health')
NIH,"Subtotal, National Institute of Neurological Disorders and Stroke","NATIONAL INSTITUTES OF HEALTH / Subtotal, National Institute of Neurological Disorders and Stroke","Senate Reported 1,904,666 (p.230)",not an account: a program line inside ACC-HHS-NIH-TOTAL (printed under 'national institutes of health')
NIH,"Subtotal, National Institute of Mental Health","NATIONAL INSTITUTES OF HEALTH / Subtotal, National Institute of Mental Health","Senate Reported 1,724,568 (p.231)",not an account: a program line inside ACC-HHS-NIH-TOTAL (printed under 'national institutes of health')
NIH,"NIH Innovation Account, CURES Act transfers","NATIONAL INSTITUTES OF HEALTH / NIH Innovation Account, CURES Act transfers","Senate Reported -386,000 (p.231)",not an account: a program line inside ACC-HHS-NIH-TOTAL (printed under 'national institutes of health')
SAMHSA,Children’s Mental Health,SUBSTANCE ABUSE AND MENTAL HEALTH SERVICES ADMINISTRATION (SAMHSA) / Mental Health / Children’s Mental Health,"Senate Reported 119,026 (p.232)",not an account: a program line inside ACC-HHS-SAMHSA-MENTAL-HEALTH (printed under 'mental health')
SAMHSA,Grants to States for the Homeless (PATH),SUBSTANCE ABUSE AND MENTAL HEALTH SERVICES ADMINISTRATION (SAMHSA) / Mental Health / Grants to States for the Homeless (PATH),"Senate Reported 64,635 (p.232); Enacted 64,635 (p.367)",not an account: a program line inside ACC-HHS-SAMHSA-MENTAL-HEALTH (printed under 'mental health')
SAMHSA,"Total, Substance Abuse Prevention","SUBSTANCE ABUSE AND MENTAL HEALTH SERVICES ADMINISTRATION (SAMHSA) / Substance Abuse Prevention / Total, Substance Abuse Prevention","Senate Reported 238,219 (p.233)","not an account: the same figure as ACC-HHS-SAMHSA-PREVENTION, recorded from its 'Programs of Regional and National Significance' line"
ACF,"Total, Social Services Block Grant","ADMINISTRATION FOR CHILDREN AND FAMILIES (ACF) / Total, Social Services Block Grant","Senate Reported 1,700,000 (p.236)",not an account: SSBG's total -- the same figure as ACC-HHS-ACF-SSBG's line in the Senate column (the request's Discretionary Funds is the only other line under it)
ACF,Family Violence/Battered Women’s Shelters,Children and Families Services Programs / Community Services / Community Services Block Grant Act programs / Family Violence/Battered Women’s Shelters,"Senate Reported 156,000 (p.237)",not an account: a line inside ACC-HHS-ACF-CFSP (Children and Families Services Programs)
ACL,Alzheimer’s Disease Demonstrations,ADMINISTRATION FOR COMMUNITY LIVING / Aging and Disability Services Programs / Nutrition / Alzheimer’s Disease Demonstrations,"Senate Reported 4,800 (p.238)",not an account: a program line inside ACC-HHS-ACL-TOTAL (printed under 'administration for community living')
ACL,Workforce Innovation and Opportunity Act Independent Living,ADMINISTRATION FOR COMMUNITY LIVING / Aging and Disability Services Programs / Developmental Disabilities Programs / Workforce Innovation and Opportunity Act Independent Living,"Senate Reported 101,183 (p.239)",not an account: a program line inside ACC-HHS-ACL-TOTAL (printed under 'administration for community living')
OS,Office of Women’s Health,OFFICE OF THE SECRETARY / General Departmental Management / Office of Women’s Health,"Senate Reported 32,140 (p.240)",not an account: a program line inside ACC-HHS-OS-GDM (printed under 'general departmental management')
OS,"Assistant Secretary for Administration, Cybersecurity","Public Health and Social Services Emergency Fund (PHSSEF) / Assistant Secretary for Administration / Assistant Secretary for Administration, Cybersecurity","Senate Reported 50,860 (p.241)",not an account: a PHSSEF line (ACC-HHS-OS-PHSSEF)
OS,"Total, PHSSEF Program level","Total, PHSSEF Program level","Senate Reported 1,552,958 (p.241)",not an account: a program-level view of ACC-HHS-OS-PHSSEF
OS,"Account for the State Response to the Opioid Abuse Crisis, CURES Act 2","Account for the State Response to the Opioid Abuse Crisis, CURES Act 2","Senate Reported 500,000 (p.241)",not an account: a CURES Act line printed 0 under the Office of the Secretary (the FY2019 State Opioid Response grants are SAMHSA's lines)
HRSA,Health CenterTort Claims,HEALTH RESOURCES AND SERVICES ADMINISTRATION (HRSA) / Primary Health Care / Health CenterTort Claims,Enacted 0 (p.356),not an account: a program line inside ACC-HHS-HRSA-PRIMARY-CARE (printed under 'primary health care')
HRSA,Dental Faculty Loan Repayment,HEALTH RESOURCES AND SERVICES ADMINISTRATION (HRSA) / Dental Faculty Loan Repayment,Enacted 0 (p.357),not an account: a program line inside ACC-HHS-HRSA-TOTAL (printed under 'health resources and services administration')
HRSA,Graduate Psychology Education,Interdisciplinary Community-Based Linkages / Graduate Psychology Education,Enacted 0 (p.357),not an account: a program line inside ACC-HHS-HRSA-HEALTH-WORKFORCE (Interdisciplinary Community-Based Linkages; the HRSA sum passes)
HRSA,"Subtotal, Nursing programs","Nursing Programs / Subtotal, Nursing programs","Enacted 249,472 (p.357)",not an account: a subtotal inside ACC-HHS-HRSA-HEALTH-WORKFORCE (its printed subtotal includes it; the HRSA sum passes)
HRSA,Graduate Medical Education,Nursing Programs / Graduate Medical Education,Enacted 0 (p.358),not an account: a program line inside ACC-HHS-HRSA-HEALTH-WORKFORCE (its printed subtotal includes it; the HRSA sum passes)
HRSA,Family-to-Family Health Information Centers,Maternal and Ch1ld Health / Family-to-Family Health Information Centers,Enacted 0 (p.358),not an account: a request line inside ACC-HHS-HRSA-MCH (printed under 'Maternal and Child Health'; the HRSA sum passes)
HRSA,"Maternal, Infant and Early Childhood Home Visiting Program","Maternal and Ch1ld Health / Maternal, Infant and Early Childhood Home Visiting Program",Enacted 0 (p.358),not an account: a request line inside ACC-HHS-HRSA-MCH (printed under 'Maternal and Child Health'; the HRSA sum passes)
HRSA,Universal Newborn Hearing Screening. 0,Maternal and Ch1ld Health / Universal Newborn Hearing Screening. 0,"Enacted 17,818 (p.358)",not an account: a program line inside ACC-HHS-HRSA-MCH (printed under 'Maternal and Child Health'; the HRSA sum passes)
HRSA,C W. Bill Young Cell Transplantation 0,Health Care Systems / C W. Bill Young Cell Transplantation 0,"Enacted 24,109 (p.359)",not an account: a program line inside ACC-HHS-HRSA-HEALTH-SYSTEMS (printed under 'health care systems')
HRSA,3408 Drug Pricing program/Office of Pharmacy Affairs,Health Care Systems / 3408 Drug Pricing program/Office of Pharmacy Affairs,"Enacted 10,238 (p.359)",not an account: a program line inside ACC-HHS-HRSA-HEALTH-SYSTEMS (printed under 'health care systems')
HRSA,Hansen's Disease Program Buildings and Fac1lities. 0,Health Care Systems / Hansen's Disease Program Buildings and Fac1lities. 0,Enacted 122 (p.359),not an account: a program line inside ACC-HHS-HRSA-HEALTH-SYSTEMS (printed under 'health care systems')
HRSA,"Payment to Kawai i , Treatment of Hansen's","Health Care Systems / Payment to Kawai i , Treatment of Hansen's","Enacted 1,857 (p.359)",not an account: a program line inside ACC-HHS-HRSA-HEALTH-SYSTEMS (printed under 'health care systems')
HRSA,Small Hospital Improvement Grants,Rural Health / Small Hospital Improvement Grants,Enacted 0 (p.360),not an account: a program line inside ACC-HHS-HRSA-RURAL-HEALTH (printed under 'rural health')
CDC,Subtotal. NA,CENTERS FOR DISEASE CONTROL AND PREVENTION / Subtotal. NA,"Enacted 140,560 (p.362)",not an account: a program line inside ACC-HHS-CDC-TOTAL (printed under 'centers for disease control and prevention')
CDC,Evaluation Tap Funding. NA,CENTERS FOR DISEASE CONTROL AND PREVENTION / Public Health Scientific Services / Evaluation Tap Funding. NA,Enacted 0 (p.362),not an account: a program line inside ACC-HHS-CDC-SCIENTIFIC-SERVICES (printed under 'public health scientific services')
NIH,"Subtotal, NIGMS program level","NATIONAL INSTITUTES OF HEALTH / Subtotal, NIGMS program level","Enacted 2,785,400 (p.365)",not an account: a program line inside ACC-HHS-NIH-TOTAL (printed under 'national institutes of health')
NIH,"Subtota 1 , NIMH","NATIONAL INSTITUTES OF HEALTH / NIH Innovation Account, CURES Act21 / Subtota 1 , NIMH","Enacted 1,711,775 (p.365)",not an account: a program line inside ACC-HHS-NIH-TOTAL (printed under 'national institutes of health')
SAMHSA,Children's Mental Health,SUBSTANCE ABUSE AND MENTAL HEALTH SERVICES ADMINISTRATION (SAMHSA) / Mental Health / Children's Mental Health,"Enacted 125,000 (p.367)",not an account: a program line inside ACC-HHS-SAMHSA-MENTAL-HEALTH (printed under 'mental health')
SAMHSA,Unspecified reduction,SUBSTANCE ABUSE AND MENTAL HEALTH SERVICES ADMINISTRATION (SAMHSA) / Mental Health / Unspecified reduction,Enacted 0 (p.367),not an account: a program line inside ACC-HHS-SAMHSA-MENTAL-HEALTH (printed under 'mental health')
SAMHSA,Programs of and National Significance D,SUBSTANCE ABUSE AND MENTAL HEALTH SERVICES ADMINISTRATION (SAMHSA) / Substance Abuse Treatment / Programs of and National Significance D,"Enacted 403,427 (p.368)",not an account: a program line inside ACC-HHS-SAMHSA-TREATMENT (printed under 'substance abuse treatment')
SAMHSA,Substance Abuse block grant D,SUBSTANCE ABUSE AND MENTAL HEALTH SERVICES ADMINISTRATION (SAMHSA) / Substance Abuse Treatment / Substance Abuse block grant D,"Enacted 1,778,879 (p.368)",not an account: a program line inside ACC-HHS-SAMHSA-TREATMENT (printed under 'substance abuse treatment')
CMS,General Revenue for Part D Benef1t,Payments to Health Care Trust Funds / General Revenue for Part D Benef1t,"Enacted 76,133,000 (p.371)",not an account: a program line inside ACC-HHS-CMS-TRUST-FUND-PAYMENTS (printed under 'payments to health care trust funds')
CMS,Medicaid/CHIP,Health Care Fraud and Abuse Control Account / Medicaid/CHIP,"Enacted 84,398 (p.372)",not an account: a Health Care Fraud and Abuse Control line inside ACC-HHS-CMS-HCFAC (printed 0)
ACF,Unaccompanied Minors Contingency Fund,Refugee and Entrant Assistance / Unaccompanied Minors Contingency Fund,Enacted 0 (p.374),not an account: a program line inside ACC-HHS-ACF-REFUGEE (printed under 'refugee and entrant assistance')
ACF,"Consolidated Runaway, Homeless Youth Program. 0","Children and Families Services Programs / Consolidated Runaway, Homeless Youth Program. 0","Enacted 110,280 (p.375)",not an account: a program line inside ACC-HHS-ACF-CFSP (printed under 'children and families services programs')
ACF,Community Services Block Grant Act programs Grants to States for Community Services,Community Services / Community Services Block Grant Act programs Grants to States for Community Services,"Enacted 715,000 (p.376)",not an account: a Community Services line inside ACC-HHS-ACF-CFSP (Children and Families Services Programs)
ACL,Subtota 1,ADMINISTRATION FOR COMMUNITY LIVING / Aging and Disability Services Programs / Protection of Vulnerable Older Americans-Title VII / Subtota 1,"Enacted 431,580 (p.378)",not an account: a program line inside ACC-HHS-ACL-TOTAL (printed under 'administration for community living')
ACL,Alzheimer's Disease Program,ADMINISTRATION FOR COMMUNITY LIVING / Aging and Disability Services Programs / Alzheimer's Disease Program,"Enacted 8,800 (p.379)",not an account: a program line inside ACC-HHS-ACL-TOTAL (printed under 'administration for community living')
ACL,Developmental Disabilities Programs State Councils,ADMINISTRATION FOR COMMUNITY LIVING / Aging and Disability Services Programs / Developmental Disabilities Programs State Councils,"Enacted 76,000 (p.380)",not an account: a program line inside ACC-HHS-ACL-TOTAL (printed under 'administration for community living')
ACL,Workforce Innovat1on and Opportunity Act Independent Living. 0,ADMINISTRATION FOR COMMUNITY LIVING / Aging and Disability Services Programs / Workforce Innovat1on and Opportunity Act Independent Living. 0,"Enacted 113,183 (p.380)",not an account: a program line inside ACC-HHS-ACL-TOTAL (printed under 'administration for community living')
ACL,Area Agencies on Aging,ADMINISTRATION FOR COMMUNITY LIVING / Aging and Disability Services Programs / Area Agencies on Aging,Enacted 0 (p.381),not an account: a program line inside ACC-HHS-ACL-TOTAL (printed under 'administration for community living')
ACL,National Center for Benefits Outreach and Enrollment,ADMINISTRATION FOR COMMUNITY LIVING / Aging and Disability Services Programs / National Center for Benefits Outreach and Enrollment,Enacted 0 (p.381),not an account: a program line inside ACC-HHS-ACL-TOTAL (printed under 'administration for community living')
ACL,State Health Insurance Assistance,ADMINISTRATION FOR COMMUNITY LIVING / Aging and Disability Services Programs / State Health Insurance Assistance,Enacted 0 (p.381),not an account: a program line inside ACC-HHS-ACL-TOTAL (printed under 'administration for community living')
ACL,Aging and Disability Resource Centers,ADMINISTRATION FOR COMMUNITY LIVING / Aging and Disability Services Programs / Aging and Disability Resource Centers,Enacted 0 (p.381),not an account: a program line inside ACC-HHS-ACL-TOTAL (printed under 'administration for community living')
ACL,"Subtotal, Aging and Disability Services Programs","ADMINISTRATION FOR COMMUNITY LIVING / Aging and Disability Services Programs / Subtotal, Aging and Disability Services Programs",Enacted 0 (p.381),not an account: a program line inside ACC-HHS-ACL-TOTAL (printed under 'administration for community living')
OS,M1nority HIV/AIDS prevention and treatment,OFFICE OF THE SECRETARY / General Departmental Management / M1nority HIV/AIDS prevention and treatment,"Enacted 53,900 (p.382)",not an account: a program line inside ACC-HHS-OS-GDM (printed under 'general departmental management')
OS,"Assistant Secretary for Administration, Cybersecurity D","Public Health and Social Services Emergency Fund (PHSSEF) / Assistant Secretary for Administration / Assistant Secretary for Administration, Cybersecurity D","Enacted 50,860 (p.385)",not an account: a PHSSEF line (ACC-HHS-OS-PHSSEF)
OS,Office of Security and Strategic Information D,Public Health and Social Services Emergency Fund (PHSSEF) / Assistant Secretary for Administration / Office of Security and Strategic Information D,"Enacted 7,470 (p.385)",not an account: a PHSSEF line (ACC-HHS-OS-PHSSEF)
OS,"Subtotal, Non-pandemic flu/BioShield/Parklawn/Other construction D","Public Health and Social Services Emergency Fund (PHSSEF) / Public Health and Science / Subtotal, Non-pandemic flu/BioShield/Parklawn/Other construction D","Enacted 993,458 (p.385)",not an account: a program line inside ACC-HHS-OS-TOTAL (no narrower account of ours prints its group)
