confirmed_absence_id,canonical_account_id,fiscal_year,stage,amount_type,component,source_document_id,evidence,confirmed_date,replaces_observation_id
CA-0151,ACC-NASA-CONSTRUCTION,2018,Enacted,supplemental,,SRC-CRPT-115HRPT704,"Title III (p.128) prints Construction and environmental compliance and restoration as one line (FY 2018 Enacted 562,240) with no (emergency) line, and Title V has none; the table's only Construction (emergency) line is in Other Appropriations (p.134, P.L. 115-123, 81,300), already recorded as OBS-0680 (component supplemental_act); whole table pp.120-135 read by OCR of every table page; Title III pp.128-129 read from the page images",2026-09-27,
CA-0152,ACC-NSF-RRA,2018,Enacted,supplemental,,SRC-CRPT-115HRPT704,"Title III (p.129) prints Research and related activities and its Defense function sub-line, no (emergency) line, and Title V has none; the table's only Research and Related Activities (emergency) line is in Other Appropriations (p.134, P.L. 115-123, 16,300), already recorded as OBS-0796 (supplemental_act); whole table pp.120-135 read by OCR of every table page; Title III pp.128-129 read from the page images",2026-09-27,
CA-0153,ACC-NSF-RRA,2020,Enacted,supplemental,,SRC-CRPT-116HRPT455,"Title III (p.187) prints Research and related activities and its Defense function sub-line, no (emergency) line, and Title V (p.191) has none; the only Research and Related Activities (emergency) line is in Other Appropriations (p.196, CARES Act, 75,000), already recorded as OBS-0788 (supplemental_act); whole table pp.178-197 read by OCR of every table page; Title III pp.187-188, p.191 and p.196 read from the page images",2026-09-27,
CA-0154,ACC-NASA-CONSTRUCTION,2022,Enacted,supplemental,,SRC-CRPT-117HRPT395,"Title III (p.219) prints Construction and environmental compliance and restoration as one line (FY 2022 Enacted 410,300) and Title V has none; the only Construction (emergency) line is in Other Appropriations (p.224, P.L. 117-43 Div. B, 321,400), already recorded as OBS-0664 (supplemental_act); whole table pp.210-230 read by OCR of every table page; Title III pp.219-220 and p.224 read from the page images",2026-09-27,
CA-0155,ACC-NSF-MREFC,2022,Enacted,supplemental,,SRC-CRPT-117HRPT395,"Title III (p.220) prints Major Research Equipment and Facilities Construction as one line (FY 2022 Enacted 249,000) and Title V has none; the only MREFC (emergency) line is in Other Appropriations (p.224, P.L. 117-43 Div. B, 25,000), already recorded as OBS-0860 (supplemental_act); whole table pp.210-230 read by OCR of every table page; Title III pp.219-220 and p.224 read from the page images",2026-09-27,
CA-0156,ACC-NASA-CONSTRUCTION,2023,Enacted,supplemental,,SRC-CRPT-118SRPT62,"Title III (p.219) prints 'Construction and environmental compliance and restoration (emergency)' with 296,000 in the Committee recommendation column only (both comparison columns +296,000); its 2023 appropriation cell is blank. The FY2023 figure is in Other Appropriations (p.224, P.L. 117-328, 556,400), already recorded as OBS-0660 (supplemental_act); whole table pp.212-225 read by text layer",2026-09-27,
CA-0157,ACC-NSF-RRA,2023,Enacted,supplemental,,SRC-CRPT-118SRPT62,"Title III (p.219) prints 'Research and related activities (emergency)' with 420,000 in the Committee recommendation column only (both comparison columns +420,000); its 2023 appropriation cell is blank. The FY2023 figure is in Other Appropriations (p.224, P.L. 117-328, 820,662), already recorded as OBS-0776 (supplemental_act); whole table pp.212-225 read by text layer",2026-09-27,
CA-0158,ACC-NASA-SPACEOPS,2019,President's Budget,rescission,,SRC-CRPT-115HRPT704,"No Space Operations (printed then as LEO and Spaceflight Operations) rescission line anywhere in the comparative table (pp.120-135: Title III, Title V General Provisions and any Other Appropriations sections) for FY2019 President's Budget; read by OCR of every table page; Title III pp.128-129 read from the page images; the table's only NASA rescission line is 'NASA closeouts (rescission)' (-4,000, p.132, FY 2019 Request column), the cancellation of unobligated balances in the closed legacy accounts 080-0114, 080-0111, 080-0110 and 080-0112 (FY2019 Budget Appendix, NASA chapter; S. 3072 as placed on the calendar and P.L. 116-6 Div. C, Sec. 524, which then close them) -- Space Operations (LEO and Spaceflight Operations) is 080-0115, not one of them",2026-09-27,
CA-0159,ACC-NASA-SPACEOPS,2019,Senate Reported,rescission,,SRC-CRPT-115SRPT275,"No Space Operations (printed then as LEO and Spaceflight Operations) rescission line anywhere in the comparative table (pp.152-161: Title III, Title V General Provisions and any Other Appropriations sections) for FY2019 Senate Reported; read by text layer; the table's only NASA rescission line is 'NASA closeouts (rescission)' (-4,000, p.159), the cancellation of unobligated balances in the closed legacy accounts 080-0114, 080-0111, 080-0110 and 080-0112 (FY2019 Budget Appendix, NASA chapter; S. 3072 as placed on the calendar and P.L. 116-6 Div. C, Sec. 524, which then close them) -- Space Operations (LEO and Spaceflight Operations) is 080-0115, not one of them",2026-09-27,
CA-0160,ACC-NASA-SPACEOPS,2019,Enacted,rescission,,SRC-CRPT-116HRPT101,"No Space Operations (printed then as LEO and Spaceflight Operations) rescission line anywhere in the comparative table (pp.139-152: Title III, Title V General Provisions and any Other Appropriations sections) for FY2019 Enacted; read by OCR of every table page; Title III pp.148-149 and p.152 read from the page images; the table's only NASA rescission line is 'NASA closeouts (rescission)' (-3,000, p.152, FY 2019 Enacted column), the cancellation of unobligated balances in the closed legacy accounts 080-0114, 080-0111, 080-0110 and 080-0112 (FY2019 Budget Appendix, NASA chapter; S. 3072 as placed on the calendar and P.L. 116-6 Div. C, Sec. 524, which then close them) -- Space Operations (LEO and Spaceflight Operations) is 080-0115, not one of them",2026-09-27,
CA-0161,ACC-NASA-SCIENCE,2017,President's Budget,rescission,,SRC-CRPT-114HRPT605,"No NASA Science rescission line anywhere in the comparative table (pp.106-118: Title III, Title V General Provisions and any Other Appropriations sections) for FY2017 President's Budget; read by OCR of every table page; Title III pp.114-115 read from the page images",2026-09-27,
CA-0162,ACC-NASA-SCIENCE,2017,House Reported,rescission,,SRC-CRPT-114HRPT605,"No NASA Science rescission line anywhere in the comparative table (pp.106-118: Title III, Title V General Provisions and any Other Appropriations sections) for FY2017 House Reported; read by OCR of every table page; Title III pp.114-115 read from the page images",2026-09-27,
CA-0163,ACC-NASA-SCIENCE,2017,Senate Reported,rescission,,SRC-CRPT-114SRPT239,"No NASA Science rescission line anywhere in the comparative table (pp.134-141: Title III, Title V General Provisions and any Other Appropriations sections) for FY2017 Senate Reported; read by text layer",2026-09-27,
CA-0164,ACC-NASA-SCIENCE,2017,Enacted,rescission,,SRC-CRPT-115HRPT231,"No NASA Science rescission line anywhere in the comparative table (pp.111-124: Title III, Title V General Provisions and any Other Appropriations sections) for FY2017 Enacted; read by OCR of every table page; Title III pp.120-121 read from the page images",2026-09-27,
CA-0165,ACC-NASA-SCIENCE,2018,President's Budget,rescission,,SRC-CRPT-115HRPT231,"No NASA Science rescission line anywhere in the comparative table (pp.111-124: Title III, Title V General Provisions and any Other Appropriations sections) for FY2018 President's Budget; read by OCR of every table page; Title III pp.120-121 read from the page images",2026-09-27,
CA-0166,ACC-NASA-SCIENCE,2018,House Reported,rescission,,SRC-CRPT-115HRPT231,"No NASA Science rescission line anywhere in the comparative table (pp.111-124: Title III, Title V General Provisions and any Other Appropriations sections) for FY2018 House Reported; read by OCR of every table page; Title III pp.120-121 read from the page images",2026-09-27,
CA-0167,ACC-NASA-SCIENCE,2018,Senate Reported,rescission,,SRC-CRPT-115SRPT139,"No NASA Science rescission line anywhere in the comparative table (pp.135-143: Title III, Title V General Provisions and any Other Appropriations sections) for FY2018 Senate Reported; read by text layer",2026-09-27,
CA-0168,ACC-NASA-SCIENCE,2018,Enacted,rescission,,SRC-CRPT-115HRPT704,"No NASA Science rescission line anywhere in the comparative table (pp.120-135: Title III, Title V General Provisions and any Other Appropriations sections) for FY2018 Enacted; read by OCR of every table page; Title III pp.128-129 read from the page images",2026-09-27,
CA-0169,ACC-NASA-SCIENCE,2019,President's Budget,rescission,,SRC-CRPT-115HRPT704,"No NASA Science rescission line anywhere in the comparative table (pp.120-135: Title III, Title V General Provisions and any Other Appropriations sections) for FY2019 President's Budget; read by OCR of every table page; Title III pp.128-129 read from the page images; the table's only NASA rescission line is 'NASA closeouts (rescission)' (-4,000, p.132, FY 2019 Request column), the cancellation of unobligated balances in the closed legacy accounts 080-0114, 080-0111, 080-0110 and 080-0112 (FY2019 Budget Appendix, NASA chapter; S. 3072 as placed on the calendar and P.L. 116-6 Div. C, Sec. 524, which then close them) -- Science is 080-0120, not one of them",2026-09-27,
CA-0170,ACC-NASA-SCIENCE,2019,House Reported,rescission,,SRC-CRPT-115HRPT704,"No NASA Science rescission line anywhere in the comparative table (pp.120-135: Title III, Title V General Provisions and any Other Appropriations sections) for FY2019 House Reported; read by OCR of every table page; Title III pp.128-129 read from the page images; the table's only NASA rescission line is 'NASA closeouts (rescission)' (-4,000, p.132, FY 2019 Request column only; the Bill column prints '---'), the cancellation of unobligated balances in the closed legacy accounts 080-0114, 080-0111, 080-0110 and 080-0112 (FY2019 Budget Appendix, NASA chapter; S. 3072 as placed on the calendar and P.L. 116-6 Div. C, Sec. 524, which then close them) -- Science is 080-0120, not one of them",2026-09-27,
CA-0171,ACC-NASA-SCIENCE,2019,Senate Reported,rescission,,SRC-CRPT-115SRPT275,"No NASA Science rescission line anywhere in the comparative table (pp.152-161: Title III, Title V General Provisions and any Other Appropriations sections) for FY2019 Senate Reported; read by text layer; the table's only NASA rescission line is 'NASA closeouts (rescission)' (-4,000, p.159), the cancellation of unobligated balances in the closed legacy accounts 080-0114, 080-0111, 080-0110 and 080-0112 (FY2019 Budget Appendix, NASA chapter; S. 3072 as placed on the calendar and P.L. 116-6 Div. C, Sec. 524, which then close them) -- Science is 080-0120, not one of them",2026-09-27,
CA-0172,ACC-NASA-SCIENCE,2019,Enacted,rescission,,SRC-CRPT-116HRPT101,"No NASA Science rescission line anywhere in the comparative table (pp.139-152: Title III, Title V General Provisions and any Other Appropriations sections) for FY2019 Enacted; read by OCR of every table page; Title III pp.148-149 and p.152 read from the page images; the table's only NASA rescission line is 'NASA closeouts (rescission)' (-3,000, p.152, FY 2019 Enacted column), the cancellation of unobligated balances in the closed legacy accounts 080-0114, 080-0111, 080-0110 and 080-0112 (FY2019 Budget Appendix, NASA chapter; S. 3072 as placed on the calendar and P.L. 116-6 Div. C, Sec. 524, which then close them) -- Science is 080-0120, not one of them",2026-09-27,
CA-0173,ACC-NASA-SCIENCE,2020,President's Budget,rescission,,SRC-CRPT-116HRPT101,"No NASA Science rescission line anywhere in the comparative table (pp.139-152: Title III, Title V General Provisions and any Other Appropriations sections) for FY2020 President's Budget; read by OCR of every table page; Title III pp.148-149 and p.152 read from the page images; S.Rept. 116-127 p.193 prints 'NASA Science (rescission)' -70,000 in the Committee recommendation column only -- its Budget estimate and 2019 appropriation cells are blank (dot leaders), so the rescission was the Senate's, not the request's",2026-09-27,
CA-0174,ACC-NASA-SCIENCE,2020,House Reported,rescission,,SRC-CRPT-116HRPT101,"No NASA Science rescission line anywhere in the comparative table (pp.139-152: Title III, Title V General Provisions and any Other Appropriations sections) for FY2020 House Reported; read by OCR of every table page; Title III pp.148-149 and p.152 read from the page images",2026-09-27,
CA-0175,ACC-NASA-SCIENCE,2021,President's Budget,rescission,,SRC-CRPT-116HRPT455,"'NASA Science (rescission)' is printed in Title V (p.191) with -70,000 in the FY 2020 Enacted column; its FY 2021 Request cell prints '---' (read from the page image); no other Science rescission line anywhere in the table (pp.178-197)",2026-09-27,
CA-0176,ACC-NASA-SCIENCE,2021,House Reported,rescission,,SRC-CRPT-116HRPT455,"'NASA Science (rescission)' is printed in Title V (p.191) with -70,000 in the FY 2020 Enacted column; its Bill cell prints '---' (read from the page image); no other Science rescission line anywhere in the table (pp.178-197)",2026-09-27,
CA-0177,ACC-NASA-SCIENCE,2021,Enacted,rescission,,SRC-CRPT-117HRPT97,"No NASA Science rescission line anywhere in the comparative table (pp.204-218: Title III, Title V General Provisions and any Other Appropriations sections) for FY2021 Enacted; read by OCR of every table page; Title III pp.213-214 read from the page images",2026-09-27,
CA-0178,ACC-NASA-SCIENCE,2022,President's Budget,rescission,,SRC-CRPT-117HRPT97,"No NASA Science rescission line anywhere in the comparative table (pp.204-218: Title III, Title V General Provisions and any Other Appropriations sections) for FY2022 President's Budget; read by OCR of every table page; Title III pp.213-214 read from the page images",2026-09-27,
CA-0179,ACC-NASA-SCIENCE,2022,House Reported,rescission,,SRC-CRPT-117HRPT97,"No NASA Science rescission line anywhere in the comparative table (pp.204-218: Title III, Title V General Provisions and any Other Appropriations sections) for FY2022 House Reported; read by OCR of every table page; Title III pp.213-214 read from the page images",2026-09-27,
CA-0180,ACC-NASA-SCIENCE,2022,Enacted,rescission,,SRC-CRPT-117HRPT395,"No NASA Science rescission line anywhere in the comparative table (pp.210-230: Title III, Title V General Provisions and any Other Appropriations sections) for FY2022 Enacted; read by OCR of every table page; Title III pp.219-220 and p.224 read from the page images",2026-09-27,
CA-0181,ACC-NASA-SCIENCE,2023,President's Budget,rescission,,SRC-CRPT-117HRPT395,"No NASA Science rescission line anywhere in the comparative table (pp.210-230: Title III, Title V General Provisions and any Other Appropriations sections) for FY2023 President's Budget; read by OCR of every table page; Title III pp.219-220 and p.224 read from the page images",2026-09-27,
CA-0182,ACC-NASA-SCIENCE,2023,House Reported,rescission,,SRC-CRPT-117HRPT395,"No NASA Science rescission line anywhere in the comparative table (pp.210-230: Title III, Title V General Provisions and any Other Appropriations sections) for FY2023 House Reported; read by OCR of every table page; Title III pp.219-220 and p.224 read from the page images",2026-09-27,
CA-0183,ACC-NASA-SCIENCE,2023,Enacted,rescission,,SRC-CRPT-118SRPT62,"No NASA Science rescission line anywhere in the comparative table (pp.212-225: Title III, Title V General Provisions and any Other Appropriations sections) for FY2023 Enacted; read by text layer",2026-09-27,
CA-0184,ACC-NASA-SCIENCE,2024,President's Budget,rescission,,SRC-CRPT-118SRPT62,"No NASA Science rescission line anywhere in the comparative table (pp.212-225: Title III, Title V General Provisions and any Other Appropriations sections) for FY2024 President's Budget; read by text layer",2026-09-27,
CA-0185,ACC-NASA-SCIENCE,2024,Senate Reported,rescission,,SRC-CRPT-118SRPT62,"No NASA Science rescission line anywhere in the comparative table (pp.212-225: Title III, Title V General Provisions and any Other Appropriations sections) for FY2024 Senate Reported; read by text layer",2026-09-27,
CA-0186,ACC-NASA-SCIENCE,2024,Enacted,rescission,,SRC-CRPT-118HRPT582,"No NASA Science rescission line anywhere in the comparative table (pp.235-251: Title III, Title V General Provisions and any Other Appropriations sections) for FY2024 Enacted; read by OCR of every table page; Title III pp.247-248 read from the page images",2026-09-27,
CA-0187,ACC-NASA-SCIENCE,2025,President's Budget,rescission,,SRC-CRPT-118HRPT582,"No NASA Science rescission line anywhere in the comparative table (pp.235-251: Title III, Title V General Provisions and any Other Appropriations sections) for FY2025 President's Budget; read by OCR of every table page; Title III pp.247-248 read from the page images",2026-09-27,
CA-0188,ACC-NASA-SCIENCE,2025,House Reported,rescission,,SRC-CRPT-118HRPT582,"No NASA Science rescission line anywhere in the comparative table (pp.235-251: Title III, Title V General Provisions and any Other Appropriations sections) for FY2025 House Reported; read by OCR of every table page; Title III pp.247-248 read from the page images",2026-09-27,
CA-0189,ACC-NASA-SCIENCE,2025,Senate Reported,rescission,,SRC-CRPT-118SRPT198,"No NASA Science rescission line anywhere in the comparative table (pp.220-231: Title III, Title V General Provisions and any Other Appropriations sections) for FY2025 Senate Reported; read by text layer",2026-09-27,
CA-0190,ACC-NASA-SCIENCE,2025,Enacted,rescission,,SRC-CRPT-119HRPT272,"No NASA Science rescission line anywhere in the comparative table (pp.244-262: Title III, Title V General Provisions and any Other Appropriations sections) for FY2025 Enacted; read by OCR of every table page; Title III pp.256-257 read from the page images",2026-09-27,
CA-0191,ACC-NASA-SCIENCE,2026,President's Budget,rescission,,SRC-EXPL-FY2026-PB,"No NASA Science rescission line anywhere in the comparative table (pp.116-135: Title III, Title V General Provisions and any Other Appropriations sections) for FY2026 President's Budget; read by the uploaded copy fy26_cjs_jes.pdf (same title and cited values; not byte-compared with the rules.house.gov file, which this environment can't reach): OCR of every table page; Title III pp.128-129 read from the page images",2026-09-27,
CA-0192,ACC-NASA-SCIENCE,2026,House Reported,rescission,,SRC-CRPT-119HRPT272,"No NASA Science rescission line anywhere in the comparative table (pp.244-262: Title III, Title V General Provisions and any Other Appropriations sections) for FY2026 House Reported; read by OCR of every table page; Title III pp.256-257 read from the page images",2026-09-27,
CA-0193,ACC-NASA-SCIENCE,2026,Senate Reported,rescission,,SRC-CRPT-119SRPT44,"No NASA Science rescission line anywhere in the comparative table (pp.211-223: Title III, Title V General Provisions and any Other Appropriations sections) for FY2026 Senate Reported; read by text layer",2026-09-27,
CA-0194,ACC-NASA-SCIENCE,2026,Enacted,rescission,,SRC-EXPL-FY2026-PB,"No NASA Science rescission line anywhere in the comparative table (pp.116-135: Title III, Title V General Provisions and any Other Appropriations sections) for FY2026 Enacted; read by the uploaded copy fy26_cjs_jes.pdf (same title and cited values; not byte-compared with the rules.house.gov file, which this environment can't reach): OCR of every table page; Title III pp.128-129 read from the page images",2026-09-27,
CA-0195,ACC-NSF-RRA,2026,President's Budget,supplemental,,SRC-EXPL-FY2026-PB,"No Research and related activities (emergency) supplemental line anywhere in the comparative table (pp.116-135: Title III, Title V General Provisions and any Other Appropriations sections) for FY2026 President's Budget; read by the uploaded copy fy26_cjs_jes.pdf (same title and cited values; not byte-compared with the rules.house.gov file, which this environment can't reach): OCR of every table page; Title III pp.128-129 read from the page images; the NSF section prints Research and related activities and its Defense function sub-line only; the one NSF (emergency) line is Major Research Equipment and Facilities Construction's",2026-09-27,
CA-0196,ACC-NSF-RRA,2026,House Reported,supplemental,,SRC-CRPT-119HRPT272,"No Research and related activities (emergency) supplemental line anywhere in the comparative table (pp.244-262: Title III, Title V General Provisions and any Other Appropriations sections) for FY2026 House Reported; read by OCR of every table page; Title III pp.256-257 read from the page images; the NSF section prints Research and related activities and its Defense function sub-line only; the one NSF (emergency) line is Major Research Equipment and Facilities Construction's",2026-09-27,
CA-0197,ACC-NSF-RRA,2026,Senate Reported,supplemental,,SRC-CRPT-119SRPT44,"No Research and related activities (emergency) supplemental line anywhere in the comparative table (pp.211-223: Title III, Title V General Provisions and any Other Appropriations sections) for FY2026 Senate Reported; read by text layer; the NSF section prints Research and related activities and its Defense function sub-line only; the one NSF (emergency) line is Major Research Equipment and Facilities Construction's",2026-09-27,
CA-0198,ACC-NSF-RRA,2026,Enacted,supplemental,,SRC-EXPL-FY2026-PB,"No Research and related activities (emergency) supplemental line anywhere in the comparative table (pp.116-135: Title III, Title V General Provisions and any Other Appropriations sections) for FY2026 Enacted; read by the uploaded copy fy26_cjs_jes.pdf (same title and cited values; not byte-compared with the rules.house.gov file, which this environment can't reach): OCR of every table page; Title III pp.128-129 read from the page images; the NSF section prints Research and related activities and its Defense function sub-line only; the one NSF (emergency) line is Major Research Equipment and Facilities Construction's",2026-09-27,
