canonical_account_id,canonical_name,agency,workbook_effective_start,workbook_effective_end,computed_effective_start,computed_effective_end,change,first_observation,last_observation,agency_last_observed_fy,basis
ACC-NOAA-ORF,"Operations, Research, and Facilities",Department of Commerce,2017-10-01,,2026-10-01,,start,OBS-0978 FY2027 House Reported (SRC-CBO-HR8845-FY2027),OBS-0980 FY2027 House Reported (SRC-CBO-HR8845-FY2027),2027,"open: last figure is the agency's last collected fiscal year; start is the pilot's first collected year (FY2027 only), not the account's origin"
ACC-NOAA-PDF,Promote and Develop Fishery Products and Research,Department of Commerce,2017-10-01,,2026-10-01,,start,OBS-0981 FY2027 House Reported (SRC-CBO-HR8845-FY2027),OBS-0981 FY2027 House Reported (SRC-CBO-HR8845-FY2027),2027,"open: last figure is the agency's last collected fiscal year; start is the pilot's first collected year (FY2027 only), not the account's origin"
ACC-USPTO-SE,Salaries and Expenses,Department of Commerce,2017-10-01,,2026-10-01,,start,OBS-0971 FY2027 House Reported (SRC-CBO-HR8845-FY2027),OBS-0973 FY2027 House Reported (SRC-CBO-HR8845-FY2027),2027,"open: last figure is the agency's last collected fiscal year; start is the pilot's first collected year (FY2027 only), not the account's origin"
ACC-DOJ-AFF,Assets Forfeiture Fund,Department of Justice,2017-10-01,,2026-10-01,,start,OBS-0968 FY2027 House Reported (SRC-CBO-HR8845-FY2027),OBS-0968 FY2027 House Reported (SRC-CBO-HR8845-FY2027),2027,"open: last figure is the agency's last collected fiscal year; start is the pilot's first collected year (FY2027 only), not the account's origin"
ACC-DOJ-ANTITRUST-SE,"Salaries and Expenses, Antitrust Division",Department of Justice,2017-10-01,,2026-10-01,,start,OBS-0974 FY2027 House Reported (SRC-CBO-HR8845-FY2027),OBS-0975 FY2027 House Reported (SRC-CBO-HR8845-FY2027),2027,"open: last figure is the agency's last collected fiscal year; start is the pilot's first collected year (FY2027 only), not the account's origin"
ACC-DOJ-CVF,Crime Victims Fund,Department of Justice,2017-10-01,,2026-10-01,,start,OBS-0964 FY2027 House Reported (SRC-CBO-HR8845-FY2027),OBS-0967 FY2027 House Reported (SRC-CBO-HR8845-FY2027),2027,"open: last figure is the agency's last collected fiscal year; start is the pilot's first collected year (FY2027 only), not the account's origin"
ACC-DOJ-OIG,Office of Inspector General,Department of Justice,2017-10-01,,2026-10-01,,start,OBS-0985 FY2027 House Reported (SRC-CBO-HR8845-FY2027),OBS-0985 FY2027 House Reported (SRC-CBO-HR8845-FY2027),2027,"open: last figure is the agency's last collected fiscal year; start is the pilot's first collected year (FY2027 only), not the account's origin"
ACC-DOJ-OJP-RESC,Office of Justice Programs Rescission,Department of Justice,2017-10-01,,2026-10-01,,start,OBS-0982 FY2027 House Reported (SRC-CBO-HR8845-FY2027),OBS-0983 FY2027 House Reported (SRC-CBO-HR8845-FY2027),2027,"open: last figure is the agency's last collected fiscal year; start is the pilot's first collected year (FY2027 only), not the account's origin"
ACC-DOJ-USTSF,United States Trustee System Fund,Department of Justice,2017-10-01,,2026-10-01,,start,OBS-0976 FY2027 House Reported (SRC-CBO-HR8845-FY2027),OBS-0977 FY2027 House Reported (SRC-CBO-HR8845-FY2027),2027,"open: last figure is the agency's last collected fiscal year; start is the pilot's first collected year (FY2027 only), not the account's origin"
ACC-DOJ-VAWA,Violence Against Women Prevention and Prosecution Programs,Department of Justice,2017-10-01,,2026-10-01,,start,OBS-0984 FY2027 House Reported (SRC-CBO-HR8845-FY2027),OBS-0984 FY2027 House Reported (SRC-CBO-HR8845-FY2027),2027,"open: last figure is the agency's last collected fiscal year; start is the pilot's first collected year (FY2027 only), not the account's origin"
ACC-DOJ-WCF,Working Capital Fund,Department of Justice,2017-10-01,,2026-10-01,,start,OBS-0969 FY2027 House Reported (SRC-CBO-HR8845-FY2027),OBS-0970 FY2027 House Reported (SRC-CBO-HR8845-FY2027),2027,"open: last figure is the agency's last collected fiscal year; start is the pilot's first collected year (FY2027 only), not the account's origin"
ACC-NSC,National Space Council,Executive Office of the President,2017-10-01,,2016-10-01,,start,OBS-0080 FY2017 President's Budget (SRC-CRPT-114HRPT605),OBS-0041 FY2026 Enacted (SRC-EXPL-FY2026-PB),2026,open: last figure is the agency's last collected fiscal year
ACC-OSTP,Office of Science and Technology Policy,Executive Office of the President,2017-10-01,,2016-10-01,,start,OBS-0040 FY2017 President's Budget (SRC-CRPT-114HRPT605),OBS-0001 FY2026 Enacted (SRC-EXPL-FY2026-PB),2026,open: last figure is the agency's last collected fiscal year
ACC-NASA-AERONAUTICS,Aeronautics,National Aeronautics and Space Administration,2017-10-01,,2016-10-01,,start,OBS-0160 FY2017 President's Budget (SRC-CRPT-114HRPT605),OBS-0121 FY2026 Enacted (SRC-EXPL-FY2026-PB),2026,open: last figure is the agency's last collected fiscal year
ACC-NASA-CONSTRUCTION,Construction and Environmental Compliance and Restoration,National Aeronautics and Space Administration,2017-10-01,,2016-10-01,,start,OBS-0647 FY2017 President's Budget (SRC-CRPT-114HRPT605),OBS-0608 FY2026 Enacted (SRC-EXPL-FY2026-PB),2026,open: last figure is the agency's last collected fiscal year
ACC-NASA-EXPLORATION,Exploration,National Aeronautics and Space Administration,2017-10-01,,2016-10-01,,start,OBS-0567 FY2017 President's Budget (SRC-CRPT-114HRPT605),OBS-0528 FY2026 Enacted (SRC-EXPL-FY2026-PB),2026,open: last figure is the agency's last collected fiscal year
ACC-NASA-EXPLTECH,Exploration Technology,National Aeronautics and Space Administration,2017-10-01,,2018-10-01,2020-09-30,start + end,OBS-0524 FY2019 President's Budget (SRC-CRPT-115HRPT704),OBS-0990 FY2020 President's Budget (SRC-CRPT-116HRPT101),2026,last figure FY2020; the agency's figures continue to FY2026
ACC-NASA-OIG,Office of Inspector General,National Aeronautics and Space Administration,2017-10-01,,2016-10-01,,start,OBS-0320 FY2017 President's Budget (SRC-CRPT-114HRPT605),OBS-0281 FY2026 Enacted (SRC-EXPL-FY2026-PB),2026,open: last figure is the agency's last collected fiscal year
ACC-NASA-SAFETY-SECURITY,"Safety, Security and Mission Services",National Aeronautics and Space Administration,2017-10-01,,2016-10-01,,start,OBS-0280 FY2017 President's Budget (SRC-CRPT-114HRPT605),OBS-0241 FY2026 Enacted (SRC-EXPL-FY2026-PB),2026,open: last figure is the agency's last collected fiscal year
ACC-NASA-SCIENCE,Science,National Aeronautics and Space Administration,2017-10-01,,2016-10-01,,start,OBS-0120 FY2017 President's Budget (SRC-CRPT-114HRPT605),OBS-0081 FY2026 Enacted (SRC-EXPL-FY2026-PB),2026,open: last figure is the agency's last collected fiscal year
ACC-NASA-SPACEOPS,Space Operations,National Aeronautics and Space Administration,2017-10-01,,2016-10-01,,start,OBS-0520 FY2017 President's Budget (SRC-CRPT-114HRPT605),OBS-0481 FY2026 Enacted (SRC-EXPL-FY2026-PB),2026,open: last figure is the agency's last collected fiscal year
ACC-NASA-SPACETECH,Space Technology,National Aeronautics and Space Administration,2017-10-01,,2016-10-01,,start,OBS-0200 FY2017 President's Budget (SRC-CRPT-114HRPT605),OBS-0161 FY2026 Enacted (SRC-EXPL-FY2026-PB),2026,open: last figure is the agency's last collected fiscal year
ACC-NASA-STEM-ENGAGEMENT,"Science, Technology, Engineering, and Mathematics Engagement",National Aeronautics and Space Administration,2017-10-01,,2016-10-01,,start,OBS-0240 FY2017 President's Budget (SRC-CRPT-114HRPT605),OBS-0201 FY2026 Enacted (SRC-EXPL-FY2026-PB),2026,open: last figure is the agency's last collected fiscal year
ACC-NASA-TOTAL,National Aeronautics and Space Administration (agency total),National Aeronautics and Space Administration,2017-10-01,,2016-10-01,,start,OBS-0923 FY2017 President's Budget (SRC-CRPT-114HRPT605),OBS-0884 FY2026 Enacted (SRC-EXPL-FY2026-PB),2026,open: last figure is the agency's last collected fiscal year
ACC-NSF-AGENCY-OPS,Agency Operations and Award Management,National Science Foundation,2017-10-01,,2016-10-01,,start,OBS-0400 FY2017 President's Budget (SRC-CRPT-114HRPT605),OBS-0361 FY2026 Enacted (SRC-EXPL-FY2026-PB),2026,open: last figure is the agency's last collected fiscal year
ACC-NSF-MREFC,Major Research Equipment and Facilities Construction,National Science Foundation,2017-10-01,,2016-10-01,,start,OBS-0843 FY2017 President's Budget (SRC-CRPT-114HRPT605),OBS-0804 FY2026 Enacted (SRC-EXPL-FY2026-PB),2026,open: last figure is the agency's last collected fiscal year
ACC-NSF-NSB,Office of the National Science Board,National Science Foundation,2017-10-01,,2016-10-01,,start,OBS-0440 FY2017 President's Budget (SRC-CRPT-114HRPT605),OBS-0401 FY2026 Enacted (SRC-EXPL-FY2026-PB),2026,open: last figure is the agency's last collected fiscal year
ACC-NSF-OIG,Office of Inspector General,National Science Foundation,2017-10-01,,2016-10-01,,start,OBS-0480 FY2017 President's Budget (SRC-CRPT-114HRPT605),OBS-0441 FY2026 Enacted (SRC-EXPL-FY2026-PB),2026,open: last figure is the agency's last collected fiscal year
ACC-NSF-RRA,Research and Related Activities,National Science Foundation,2017-10-01,,2016-10-01,,start,OBS-0727 FY2017 President's Budget (SRC-CRPT-114HRPT605),OBS-0728 FY2026 Enacted (SRC-EXPL-FY2026-PB),2026,open: last figure is the agency's last collected fiscal year
ACC-NSF-STEM-EDUCATION,STEM Education,National Science Foundation,2017-10-01,,2016-10-01,,start,OBS-0360 FY2017 President's Budget (SRC-CRPT-114HRPT605),OBS-0321 FY2026 Enacted (SRC-EXPL-FY2026-PB),2026,open: last figure is the agency's last collected fiscal year
ACC-NSF-TOTAL,National Science Foundation (agency total),National Science Foundation,2017-10-01,,2016-10-01,,start,OBS-0963 FY2017 President's Budget (SRC-CRPT-114HRPT605),OBS-0924 FY2026 Enacted (SRC-EXPL-FY2026-PB),2026,open: last figure is the agency's last collected fiscal year
