package,url,sha256
BILLS-115hr1625enr,https://www.govinfo.gov/content/pkg/BILLS-115hr1625enr/xml/BILLS-115hr1625enr.xml,accc8796b3c0e74fac6a24be7194367cc01bf1409abda589d06ecae57d1050fe
BILLS-115hr244enr,https://www.govinfo.gov/content/pkg/BILLS-115hr244enr/xml/BILLS-115hr244enr.xml,a938901535465681a2cc783a705064a598710b571cf51821a568c8df872e5f35
BILLS-115hr6157enr,https://www.govinfo.gov/content/pkg/BILLS-115hr6157enr/xml/BILLS-115hr6157enr.xml,d1b9e1eb6c788e49c971a6d36b95c8ade3440ab1b3890f90a6b16cd3349fab9c
BILLS-116hjres31enr,https://www.govinfo.gov/content/pkg/BILLS-116hjres31enr/xml/BILLS-116hjres31enr.xml,eb399b8a93a6dd8da8b5489b08cb5cebeb909e0d62a30bba432e5c2e54f3f469
BILLS-116hr1158enr,https://www.govinfo.gov/content/pkg/BILLS-116hr1158enr/xml/BILLS-116hr1158enr.xml,36dce218f6cad61189e2fceb7400fe174bd00e38cfac7abac4edd3c31395c51d
BILLS-116hr133enr,https://www.govinfo.gov/content/pkg/BILLS-116hr133enr/xml/BILLS-116hr133enr.xml,4d0cf97f95218d17eee1e8557510d7b2abca7274bbbc4aa5b67b9e13a294e9d8
BILLS-116hr1865enr,https://www.govinfo.gov/content/pkg/BILLS-116hr1865enr/xml/BILLS-116hr1865enr.xml,b13ca6e656e4c2a5f870f87101bd74c26a1966863664f38ae76bc8deb69d0495
BILLS-117hr2471enr,https://www.govinfo.gov/content/pkg/BILLS-117hr2471enr/xml/BILLS-117hr2471enr.xml,cab7cbd0c02c7c90f384204c85cfbf7d6c2f2c46738536420a5b5ed4a9379288
BILLS-117hr2617enr,https://www.govinfo.gov/content/pkg/BILLS-117hr2617enr/xml/BILLS-117hr2617enr.xml,fca738f0de385c5849e7965906b4bbc06299f31b157c336875731fdc5b956615
BILLS-118hr2882enr,https://www.govinfo.gov/content/pkg/BILLS-118hr2882enr/xml/BILLS-118hr2882enr.xml,aff5fb4fcc25d443018cda2bd0a0e7b82cfa93876980aa7a64e7ce8d92f502ae
BILLS-118hr4366enr,https://www.govinfo.gov/content/pkg/BILLS-118hr4366enr/xml/BILLS-118hr4366enr.xml,63ae3f506d9e06145b3713736e8c3122e90fe1261abcc8a67b19ab726e14cdb9
BILLS-119hr6938enr,https://www.govinfo.gov/content/pkg/BILLS-119hr6938enr/xml/BILLS-119hr6938enr.xml,98ab04559d3540393ed38a201ee750d47cbd8d67361885ff00dccb02886264ce
BILLS-119hr7148enr,https://www.govinfo.gov/content/pkg/BILLS-119hr7148enr/xml/BILLS-119hr7148enr.xml,a43762f91c31ec7c20fdfb22a52b33e8112f95ae0f05510b9176bafef58e46d8
