subcommittee,fiscal_year,observation_id,canonical_account_id,ours,law,heading,vehicle,result,reason
LHHS,2022,OBS-LHHS-2124,ACC-HHS-ACF-CCDBG,6165330000,6165330000,PAYMENTS TO STATES FOR THE CHILD CARE AND DEVELOPMENT BLOCK GRANT,H.R. 2471 div. H (BILLS-117hr2471enr),pass,
LHHS,2022,OBS-LHHS-2125,ACC-HHS-ACF-CFSP,13438343000,13438343000,CHILDREN AND FAMILIES SERVICES PROGRAMS,H.R. 2471 div. H (BILLS-117hr2471enr),pass,
LHHS,2022,OBS-LHHS-2126,ACC-HHS-ACF-CHILD-SUPPORT,2795000000,2795000000,PAYMENTS TO STATES FOR CHILD SUPPORT ENFORCEMENT AND FAMILY SUPPORT PROGRAMS,H.R. 2471 div. H (BILLS-117hr2471enr),pass,
LHHS,2022,OBS-LHHS-2127,ACC-HHS-ACF-FOSTER-CARE,10163000000,6963000000,PAYMENTS FOR FOSTER CARE AND PERMANENCY,H.R. 2471 div. H (BILLS-117hr2471enr),pass,"match (the sum of the heading's 2 paragraphs): $6,963,000,000 + $3,200,000,000 = 10,163,000,000 as recorded"
LHHS,2022,OBS-LHHS-2128,ACC-HHS-ACF-HEAD-START,11036820000,,,H.R. 2471 div. H (BILLS-117hr2471enr),,no heading of that name under the account's agency in the division
LHHS,2022,OBS-LHHS-2129,ACC-HHS-ACF-LIHEAP,3800304000,3800304000,LOW INCOME HOME ENERGY ASSISTANCE,H.R. 2471 div. H (BILLS-117hr2471enr),pass,
LHHS,2022,OBS-LHHS-2130,ACC-HHS-ACF-PSSF,427515000,345000000,PROMOTING SAFE AND STABLE FAMILIES,H.R. 2471 div. H (BILLS-117hr2471enr),info,"the headline is the first amount plus $82,515,000 printed later in the same paragraph"
LHHS,2022,OBS-LHHS-2131,ACC-HHS-ACF-REFUGEE,8925214000,4825214000,REFUGEE AND ENTRANT ASSISTANCE,H.R. 2471 div. H (BILLS-117hr2471enr),info,"the headline is the first amount plus $1,600,000,000 + $2,500,000,000 from other laws printed within the figure (another law, by design; VAL-LHHS-08927)"
LHHS,2022,OBS-LHHS-2132,ACC-HHS-ACF-SSBG,1700000000,1700000000,SOCIAL SERVICES BLOCK GRANT,H.R. 2471 div. H (BILLS-117hr2471enr),pass,
LHHS,2022,OBS-LHHS-2139,ACC-HHS-CDC-BIRTH-DEFECTS,177060000,177060000,"BIRTH DEFECTS, DEVELOPMENTAL DISABILITIES, DISABILITIES AND HEALTH",H.R. 2471 div. H (BILLS-117hr2471enr),pass,
LHHS,2022,OBS-LHHS-2140,ACC-HHS-CDC-BUILDINGS-FACILITIES,30000000,30000000,BUILDINGS AND FACILITIES,H.R. 2471 div. H (BILLS-117hr2471enr),pass,
LHHS,2022,OBS-LHHS-2141,ACC-HHS-CDC-CHRONIC-DISEASE,1083714000,1083714000,CHRONIC DISEASE PREVENTION AND HEALTH PROMOTION,H.R. 2471 div. H (BILLS-117hr2471enr),pass,
LHHS,2022,OBS-LHHS-2142,ACC-HHS-CDC-EEOICP,55358000,55358000,ENERGY EMPLOYEES OCCUPATIONAL ILLNESS COMPENSATION PROGRAM,H.R. 2471 div. H (BILLS-117hr2471enr),pass,
LHHS,2022,OBS-LHHS-2143,ACC-HHS-CDC-EMERGING-ZOONOTIC,641272000,641272000,EMERGING AND ZOONOTIC INFECTIOUS DISEASES,H.R. 2471 div. H (BILLS-117hr2471enr),pass,
LHHS,2022,OBS-LHHS-2144,ACC-HHS-CDC-ENVIRONMENTAL-HEALTH,209850000,209850000,ENVIRONMENTAL HEALTH,H.R. 2471 div. H (BILLS-117hr2471enr),pass,
LHHS,2022,OBS-LHHS-2145,ACC-HHS-CDC-GLOBAL-HEALTH,646843000,646843000,GLOBAL HEALTH,H.R. 2471 div. H (BILLS-117hr2471enr),pass,
LHHS,2022,OBS-LHHS-2146,ACC-HHS-CDC-HIV-HEPATITIS-STD-TB,1345056000,1345056000,"HIV/AIDS, VIRAL HEPATITIS, SEXUALLY TRANSMITTED DISEASES, AND TUBERCULOSIS PREVENTION",H.R. 2471 div. H (BILLS-117hr2471enr),pass,
LHHS,2022,OBS-LHHS-2147,ACC-HHS-CDC-IMMUNIZATION,448805000,448805000,IMMUNIZATION AND RESPIRATORY DISEASES,H.R. 2471 div. H (BILLS-117hr2471enr),pass,
LHHS,2022,OBS-LHHS-2148,ACC-HHS-CDC-INJURY-PREVENTION,714879000,714879000,INJURY PREVENTION AND CONTROL,H.R. 2471 div. H (BILLS-117hr2471enr),pass,
LHHS,2022,OBS-LHHS-2149,ACC-HHS-CDC-NIOSH,351800000,351800000,NATIONAL INSTITUTE FOR OCCUPATIONAL SAFETY AND HEALTH,H.R. 2471 div. H (BILLS-117hr2471enr),pass,
LHHS,2022,OBS-LHHS-2150,ACC-HHS-CDC-PREPAREDNESS,862200000,862200000,PUBLIC HEALTH PREPAREDNESS AND RESPONSE,H.R. 2471 div. H (BILLS-117hr2471enr),pass,
LHHS,2022,OBS-LHHS-2151,ACC-HHS-CDC-PROGRAM-SUPPORT,333570000,333570000,CDC-WIDE ACTIVITIES AND PROGRAM SUPPORT,H.R. 2471 div. H (BILLS-117hr2471enr),pass,
LHHS,2022,OBS-LHHS-2152,ACC-HHS-CDC-SCIENTIFIC-SERVICES,651997000,651997000,PUBLIC HEALTH SCIENTIFIC SERVICES,H.R. 2471 div. H (BILLS-117hr2471enr),pass,
LHHS,2022,OBS-LHHS-2155,ACC-HHS-CMS-HCFAC,873000000,873000000,HEALTH CARE FRAUD AND ABUSE CONTROL ACCOUNT,H.R. 2471 div. H (BILLS-117hr2471enr),pass,
LHHS,2022,OBS-LHHS-2156,ACC-HHS-CMS-MEDICAID,368666106000,368666106000,GRANTS TO STATES FOR MEDICAID,H.R. 2471 div. H (BILLS-117hr2471enr),pass,
LHHS,2022,OBS-LHHS-2161,ACC-HHS-CMS-PROGRAM-MANAGEMENT,3669744000,3669744000,PROGRAM MANAGEMENT,H.R. 2471 div. H (BILLS-117hr2471enr),pass,
LHHS,2022,OBS-LHHS-2163,ACC-HHS-CMS-TRUST-FUND-PAYMENTS,487862000000,487862000000,PAYMENTS TO THE HEALTH CARE TRUST FUNDS,H.R. 2471 div. H (BILLS-117hr2471enr),pass,
LHHS,2022,OBS-LHHS-2164,ACC-HHS-HRSA-CCPF,5000000,5000000,COVERED COUNTERMEASURES PROCESS FUND,H.R. 2471 div. H (BILLS-117hr2471enr),pass,
LHHS,2022,OBS-LHHS-2165,ACC-HHS-HRSA-FAMILY-PLANNING,286479000,286479000,FAMILY PLANNING,H.R. 2471 div. H (BILLS-117hr2471enr),pass,
LHHS,2022,OBS-LHHS-2166,ACC-HHS-HRSA-HEALTH-CENTERS,1747772000,,,H.R. 2471 div. H (BILLS-117hr2471enr),,no heading of that name under the account's agency in the division
LHHS,2022,OBS-LHHS-2167,ACC-HHS-HRSA-HEALTH-SYSTEMS,133093000,133093000,HEALTH CARE SYSTEMS,H.R. 2471 div. H (BILLS-117hr2471enr),pass,
LHHS,2022,OBS-LHHS-2168,ACC-HHS-HRSA-HEALTH-WORKFORCE,1295742000,1295742000,HEALTH WORKFORCE,H.R. 2471 div. H (BILLS-117hr2471enr),pass,
LHHS,2022,OBS-LHHS-2169,ACC-HHS-HRSA-MCH,1018624000,1018624000,MATERNAL AND CHILD HEALTH,H.R. 2471 div. H (BILLS-117hr2471enr),pass,
LHHS,2022,OBS-LHHS-2170,ACC-HHS-HRSA-PRIMARY-CARE,1748772000,1748772000,PRIMARY HEALTH CARE,H.R. 2471 div. H (BILLS-117hr2471enr),pass,
LHHS,2022,OBS-LHHS-2171,ACC-HHS-HRSA-PROGRAM-SUPPORT,1213196000,1213196000,PROGRAM MANAGEMENT,H.R. 2471 div. H (BILLS-117hr2471enr),pass,
LHHS,2022,OBS-LHHS-2172,ACC-HHS-HRSA-RURAL-HEALTH,366112000,366112000,RURAL HEALTH,H.R. 2471 div. H (BILLS-117hr2471enr),pass,
LHHS,2022,OBS-LHHS-2173,ACC-HHS-HRSA-RYAN-WHITE,2494776000,2494776000,RYAN WHITE HIV/AIDS PROGRAM,H.R. 2471 div. H (BILLS-117hr2471enr),pass,
LHHS,2022,OBS-LHHS-2175,ACC-HHS-HRSA-VICTF,329978000,13200000,VACCINE INJURY COMPENSATION PROGRAM TRUST FUND,H.R. 2471 div. H (BILLS-117hr2471enr),info,"trust-fund limitation, fees or collections in the first amount (by design)"
LHHS,2022,OBS-LHHS-2176,ACC-HHS-NIH-ARPA-H,1000000000,,,H.R. 2471 div. H (BILLS-117hr2471enr),,no heading of that name under the account's agency in the division
LHHS,2022,OBS-LHHS-2177,ACC-HHS-NIH-BUILDINGS-FACILITIES,250000000,250000000,BUILDINGS AND FACILITIES,H.R. 2471 div. H (BILLS-117hr2471enr),pass,
LHHS,2022,OBS-LHHS-2178,ACC-HHS-NIH-CURES,496000000,496000000,"NIH INNOVATION ACCOUNT, CURES ACT",H.R. 2471 div. H (BILLS-117hr2471enr),pass,
LHHS,2022,OBS-LHHS-2179,ACC-HHS-NIH-FIC,86880000,86880000,JOHN E. FOGARTY INTERNATIONAL CENTER,H.R. 2471 div. H (BILLS-117hr2471enr),pass,
LHHS,2022,OBS-LHHS-2180,ACC-HHS-NIH-NCATS,882265000,882265000,NATIONAL CENTER FOR ADVANCING TRANSLATIONAL SCIENCES,H.R. 2471 div. H (BILLS-117hr2471enr),pass,
LHHS,2022,OBS-LHHS-2181,ACC-HHS-NIH-NCCIH,159365000,159365000,NATIONAL CENTER FOR COMPLEMENTARY AND INTEGRATIVE HEALTH,H.R. 2471 div. H (BILLS-117hr2471enr),pass,
LHHS,2022,OBS-LHHS-2182,ACC-HHS-NIH-NCI,6718522000,6718522000,NATIONAL CANCER INSTITUTE,H.R. 2471 div. H (BILLS-117hr2471enr),pass,
LHHS,2022,OBS-LHHS-2183,ACC-HHS-NIH-NEI,863918000,863918000,NATIONAL EYE INSTITUTE,H.R. 2471 div. H (BILLS-117hr2471enr),pass,
LHHS,2022,OBS-LHHS-2184,ACC-HHS-NIH-NHGRI,639062000,639062000,NATIONAL HUMAN GENOME RESEARCH INSTITUTE,H.R. 2471 div. H (BILLS-117hr2471enr),pass,
LHHS,2022,OBS-LHHS-2185,ACC-HHS-NIH-NHLBI,3808494000,3808494000,"NATIONAL HEART, LUNG, AND BLOOD INSTITUTE",H.R. 2471 div. H (BILLS-117hr2471enr),pass,
LHHS,2022,OBS-LHHS-2186,ACC-HHS-NIH-NIA,4219936000,4219936000,NATIONAL INSTITUTE ON AGING,H.R. 2471 div. H (BILLS-117hr2471enr),pass,
LHHS,2022,OBS-LHHS-2187,ACC-HHS-NIH-NIAAA,573651000,573651000,NATIONAL INSTITUTE ON ALCOHOL ABUSE AND ALCOHOLISM,H.R. 2471 div. H (BILLS-117hr2471enr),pass,
LHHS,2022,OBS-LHHS-2188,ACC-HHS-NIH-NIAID,6322728000,6322728000,NATIONAL INSTITUTE OF ALLERGY AND INFECTIOUS DISEASES,H.R. 2471 div. H (BILLS-117hr2471enr),pass,
LHHS,2022,OBS-LHHS-2189,ACC-HHS-NIH-NIAMS,655699000,655699000,NATIONAL INSTITUTE OF ARTHRITIS AND MUSCULOSKELETAL AND SKIN DISEASES,H.R. 2471 div. H (BILLS-117hr2471enr),pass,
LHHS,2022,OBS-LHHS-2190,ACC-HHS-NIH-NIBIB,424590000,424590000,NATIONAL INSTITUTE OF BIOMEDICAL IMAGING AND BIOENGINEERING,H.R. 2471 div. H (BILLS-117hr2471enr),pass,
LHHS,2022,OBS-LHHS-2191,ACC-HHS-NIH-NICHD,1683009000,1683009000,EUNICE KENNEDY SHRIVER NATIONAL INSTITUTE OF CHILD HEALTH AND HUMAN DEVELOPMENT,H.R. 2471 div. H (BILLS-117hr2471enr),pass,
LHHS,2022,OBS-LHHS-2192,ACC-HHS-NIH-NIDA,1595474000,1595474000,NATIONAL INSTITUTE ON DRUG ABUSE,H.R. 2471 div. H (BILLS-117hr2471enr),pass,
LHHS,2022,OBS-LHHS-2193,ACC-HHS-NIH-NIDCD,514885000,514885000,NATIONAL INSTITUTE ON DEAFNESS AND OTHER COMMUNICATION DISORDERS,H.R. 2471 div. H (BILLS-117hr2471enr),pass,
LHHS,2022,OBS-LHHS-2194,ACC-HHS-NIH-NIDCR,501231000,501231000,NATIONAL INSTITUTE OF DENTAL AND CRANIOFACIAL RESEARCH,H.R. 2471 div. H (BILLS-117hr2471enr),pass,
LHHS,2022,OBS-LHHS-2195,ACC-HHS-NIH-NIDDK,2203926000,2203926000,NATIONAL INSTITUTE OF DIABETES AND DIGESTIVE AND KIDNEY DISEASES,H.R. 2471 div. H (BILLS-117hr2471enr),pass,
LHHS,2022,OBS-LHHS-2196,ACC-HHS-NIH-NIEHS,842169000,842169000,NATIONAL INSTITUTE OF ENVIRONMENTAL HEALTH SCIENCES,H.R. 2471 div. H (BILLS-117hr2471enr),pass,
LHHS,2022,OBS-LHHS-2197,ACC-HHS-NIH-NIGMS,1783060000,3092373000,NATIONAL INSTITUTE OF GENERAL MEDICAL SCIENCES,H.R. 2471 div. H (BILLS-117hr2471enr),info,"the first amount is made available from the PHS evaluation set-aside (section 241), not appropriated budget authority (by design)"
LHHS,2022,OBS-LHHS-2198,ACC-HHS-NIH-NIMH,2140976000,2140976000,NATIONAL INSTITUTE OF MENTAL HEALTH,H.R. 2471 div. H (BILLS-117hr2471enr),pass,
LHHS,2022,OBS-LHHS-2199,ACC-HHS-NIH-NIMHD,459056000,459056000,NATIONAL INSTITUTE ON MINORITY HEALTH AND HEALTH DISPARITIES,H.R. 2471 div. H (BILLS-117hr2471enr),pass,
LHHS,2022,OBS-LHHS-2200,ACC-HHS-NIH-NINDS,2535370000,2535370000,NATIONAL INSTITUTE OF NEUROLOGICAL DISORDERS AND STROKE,H.R. 2471 div. H (BILLS-117hr2471enr),pass,
LHHS,2022,OBS-LHHS-2201,ACC-HHS-NIH-NINR,180862000,180862000,NATIONAL INSTITUTE OF NURSING RESEARCH,H.R. 2471 div. H (BILLS-117hr2471enr),pass,
LHHS,2022,OBS-LHHS-2202,ACC-HHS-NIH-NLM,479439000,479439000,NATIONAL LIBRARY OF MEDICINE,H.R. 2471 div. H (BILLS-117hr2471enr),pass,
LHHS,2022,OBS-LHHS-2259,ACC-HHS-NIH-OD,2629120000,2616520000,OFFICE OF THE DIRECTOR,H.R. 2471 div. H (BILLS-117hr2471enr),info,"the headline is the first amount plus $12,600,000 printed later in the same paragraph"
LHHS,2022,OBS-LHHS-2206,ACC-HHS-OS-COMMISSIONED-OFFICERS,673278000,,RETIREMENT PAY AND MEDICAL BENEFITS FOR COMMISSIONED OFFICERS,H.R. 2471 div. H (BILLS-117hr2471enr),info,no dollar amount in the heading's paragraph (such sums / amounts under sub-headings)
LHHS,2022,OBS-LHHS-2207,ACC-HHS-OS-GDM,506294000,506294000,GENERAL DEPARTMENTAL MANAGEMENT,H.R. 2471 div. H (BILLS-117hr2471enr),pass,
LHHS,2022,OBS-LHHS-2208,ACC-HHS-OS-OCR,39798000,39798000,OFFICE FOR CIVIL RIGHTS,H.R. 2471 div. H (BILLS-117hr2471enr),pass,
LHHS,2022,OBS-LHHS-2209,ACC-HHS-OS-OIG,82400000,82400000,OFFICE OF INSPECTOR GENERAL,H.R. 2471 div. H (BILLS-117hr2471enr),pass,
LHHS,2022,OBS-LHHS-2210,ACC-HHS-OS-OMHA,196000000,196000000,MEDICARE HEARINGS AND APPEALS,H.R. 2471 div. H (BILLS-117hr2471enr),pass,
LHHS,2022,OBS-LHHS-2211,ACC-HHS-OS-ONC,0,64238000,OFFICE OF THE NATIONAL COORDINATOR FOR HEALTH INFORMATION TECHNOLOGY,H.R. 2471 div. H (BILLS-117hr2471enr),info,"the first amount is made available from the PHS evaluation set-aside (section 241), not appropriated budget authority (by design)"
LHHS,2022,OBS-LHHS-2212,ACC-HHS-OS-PHSSEF,3199678000,1274678000,PUBLIC HEALTH AND SOCIAL SERVICES EMERGENCY FUND,H.R. 2471 div. H (BILLS-117hr2471enr),pass,"match (the sum of the heading's 4 paragraphs): $1,274,678,000 + $780,000,000 + $845,000,000 + $300,000,000 = 3,199,678,000 as recorded"
LHHS,2022,OBS-LHHS-2215,ACC-HHS-SAMHSA-MENTAL-HEALTH,2048090000,2048090000,MENTAL HEALTH,H.R. 2471 div. H (BILLS-117hr2471enr),pass,
LHHS,2022,OBS-LHHS-2216,ACC-HHS-SAMHSA-PREVENTION,218219000,218219000,SUBSTANCE ABUSE PREVENTION,H.R. 2471 div. H (BILLS-117hr2471enr),pass,
LHHS,2022,OBS-LHHS-2217,ACC-HHS-SAMHSA-PROGRAM-SUPPORT,260230000,260230000,HEALTH SURVEILLANCE AND PROGRAM SUPPORT,H.R. 2471 div. H (BILLS-117hr2471enr),pass,
LHHS,2022,OBS-LHHS-2220,ACC-HHS-SAMHSA-TREATMENT,3873396000,3873396000,SUBSTANCE ABUSE TREATMENT,H.R. 2471 div. H (BILLS-117hr2471enr),pass,
LHHS,2023,OBS-LHHS-0585,ACC-HHS-ACF-CCDBG,8021387000,8021387000,PAYMENTS TO STATES FOR THE CHILD CARE AND DEVELOPMENT BLOCK GRANT,H.R. 2617 div. H (BILLS-117hr2617enr),pass,
LHHS,2023,OBS-LHHS-0602,ACC-HHS-ACF-CFSP,14618437000,14618437000,CHILDREN AND FAMILIES SERVICES PROGRAMS,H.R. 2617 div. H (BILLS-117hr2617enr),pass,
LHHS,2023,OBS-LHHS-0619,ACC-HHS-ACF-CHILD-SUPPORT,2883000000,2883000000,PAYMENTS TO STATES FOR CHILD SUPPORT ENFORCEMENT AND FAMILY SUPPORT PROGRAMS,H.R. 2617 div. H (BILLS-117hr2617enr),pass,
LHHS,2023,OBS-LHHS-0636,ACC-HHS-ACF-FOSTER-CARE,10806000000,7606000000,PAYMENTS FOR FOSTER CARE AND PERMANENCY,H.R. 2617 div. H (BILLS-117hr2617enr),pass,"match (the sum of the heading's 2 paragraphs): $7,606,000,000 + $3,200,000,000 = 10,806,000,000 as recorded"
LHHS,2023,OBS-LHHS-0001,ACC-HHS-ACF-HEAD-START,11996820000,,,H.R. 2617 div. H (BILLS-117hr2617enr),,no heading of that name under the account's agency in the division
LHHS,2023,OBS-LHHS-0014,ACC-HHS-ACF-LIHEAP,4000000000,1500000000,LOW INCOME HOME ENERGY ASSISTANCE,H.R. 2617 div. H (BILLS-117hr2617enr),pass,"match (combined across divisions: H + N): $1,500,000,000 + $2,500,000,000 = 4,000,000,000 as recorded (div. H names that second paragraph in its allocation proviso; div. N's first paragraph, $1,000,000,000, is not in this figure). Includes $2,500,000,000 from Division N (Disaster Relief Supplemental Appropriations Act, 2023) of P.L. 117-328."
LHHS,2023,OBS-LHHS-0653,ACC-HHS-ACF-PSSF,431515000,345000000,PROMOTING SAFE AND STABLE FAMILIES,H.R. 2617 div. H (BILLS-117hr2617enr),info,"the headline is the first amount plus $86,515,000 printed later in the same paragraph"
LHHS,2023,OBS-LHHS-0670,ACC-HHS-ACF-REFUGEE,6427214000,6427214000,REFUGEE AND ENTRANT ASSISTANCE,H.R. 2617 div. H (BILLS-117hr2617enr),pass,
LHHS,2023,OBS-LHHS-0687,ACC-HHS-ACF-SSBG,1700000000,1700000000,SOCIAL SERVICES BLOCK GRANT,H.R. 2617 div. H (BILLS-117hr2617enr),pass,
LHHS,2023,OBS-LHHS-0704,ACC-HHS-ASPR-OPER,566686000,,,H.R. 2617 div. H (BILLS-117hr2617enr),,no heading of that name under the account's agency in the division
LHHS,2023,OBS-LHHS-0718,ACC-HHS-ASPR-RDP,3062991000,,,H.R. 2617 div. H (BILLS-117hr2617enr),,no heading of that name under the account's agency in the division
LHHS,2023,OBS-LHHS-0732,ACC-HHS-CDC-BIRTH-DEFECTS,205560000,205560000,"BIRTH DEFECTS, DEVELOPMENTAL DISABILITIES, DISABILITIES AND HEALTH",H.R. 2617 div. H (BILLS-117hr2617enr),pass,
LHHS,2023,OBS-LHHS-0748,ACC-HHS-CDC-BUILDINGS-FACILITIES,40000000,40000000,BUILDINGS AND FACILITIES,H.R. 2617 div. H (BILLS-117hr2617enr),pass,
LHHS,2023,OBS-LHHS-0765,ACC-HHS-CDC-CHRONIC-DISEASE,1175464000,1175464000,CHRONIC DISEASE PREVENTION AND HEALTH PROMOTION,H.R. 2617 div. H (BILLS-117hr2617enr),pass,
LHHS,2023,OBS-LHHS-0782,ACC-HHS-CDC-EEOICP,55358000,55358000,ENERGY EMPLOYEES OCCUPATIONAL ILLNESS COMPENSATION PROGRAM,H.R. 2617 div. H (BILLS-117hr2617enr),pass,
LHHS,2023,OBS-LHHS-0798,ACC-HHS-CDC-EMERGING-ZOONOTIC,698772000,698772000,EMERGING AND ZOONOTIC INFECTIOUS DISEASES,H.R. 2617 div. H (BILLS-117hr2617enr),pass,
LHHS,2023,OBS-LHHS-0815,ACC-HHS-CDC-ENVIRONMENTAL-HEALTH,229850000,229850000,ENVIRONMENTAL HEALTH,H.R. 2617 div. H (BILLS-117hr2617enr),pass,
LHHS,2023,OBS-LHHS-0832,ACC-HHS-CDC-GLOBAL-HEALTH,692843000,692843000,GLOBAL HEALTH,H.R. 2617 div. H (BILLS-117hr2617enr),pass,
LHHS,2023,OBS-LHHS-0849,ACC-HHS-CDC-HIV-HEPATITIS-STD-TB,1391056000,1391056000,"HIV/AIDS, VIRAL HEPATITIS, SEXUALLY TRANSMITTED DISEASES, AND TUBERCULOSIS PREVENTION",H.R. 2617 div. H (BILLS-117hr2617enr),pass,
LHHS,2023,OBS-LHHS-0866,ACC-HHS-CDC-IMMUNIZATION,499941000,499941000,IMMUNIZATION AND RESPIRATORY DISEASES,H.R. 2617 div. H (BILLS-117hr2617enr),pass,
LHHS,2023,OBS-LHHS-0883,ACC-HHS-CDC-INJURY-PREVENTION,761379000,761379000,INJURY PREVENTION AND CONTROL,H.R. 2617 div. H (BILLS-117hr2617enr),pass,
LHHS,2023,OBS-LHHS-0900,ACC-HHS-CDC-NIOSH,362800000,362800000,NATIONAL INSTITUTE FOR OCCUPATIONAL SAFETY AND HEALTH,H.R. 2617 div. H (BILLS-117hr2617enr),pass,
LHHS,2023,OBS-LHHS-0917,ACC-HHS-CDC-PREPAREDNESS,883200000,883200000,PUBLIC HEALTH PREPAREDNESS AND RESPONSE,H.R. 2617 div. H (BILLS-117hr2617enr),pass,
LHHS,2023,OBS-LHHS-0934,ACC-HHS-CDC-PROGRAM-SUPPORT,563570000,563570000,CDC-WIDE ACTIVITIES AND PROGRAM SUPPORT,H.R. 2617 div. H (BILLS-117hr2617enr),pass,
LHHS,2023,OBS-LHHS-0947,ACC-HHS-CDC-SCIENTIFIC-SERVICES,754497000,754497000,PUBLIC HEALTH SCIENTIFIC SERVICES,H.R. 2617 div. H (BILLS-117hr2617enr),pass,
LHHS,2023,OBS-LHHS-0964,ACC-HHS-CMS-HCFAC,893000000,893000000,HEALTH CARE FRAUD AND ABUSE CONTROL ACCOUNT,H.R. 2617 div. H (BILLS-117hr2617enr),pass,
LHHS,2023,OBS-LHHS-2231,ACC-HHS-CMS-MEDICAID,367357090000,367357090000,GRANTS TO STATES FOR MEDICAID,H.R. 2617 div. H (BILLS-117hr2617enr),pass,
LHHS,2023,OBS-LHHS-0200,ACC-HHS-CMS-PROGRAM-MANAGEMENT,3669744000,3669744000,PROGRAM MANAGEMENT,H.R. 2617 div. H (BILLS-117hr2617enr),pass,
LHHS,2023,OBS-LHHS-0226,ACC-HHS-CMS-TRUST-FUND-PAYMENTS,548130000000,548130000000,PAYMENTS TO THE HEALTH CARE TRUST FUNDS,H.R. 2617 div. H (BILLS-117hr2617enr),pass,
LHHS,2023,OBS-LHHS-0981,ACC-HHS-HRSA-CCPF,7000000,7000000,COVERED COUNTERMEASURES PROCESS FUND,H.R. 2617 div. H (BILLS-117hr2617enr),pass,
LHHS,2023,OBS-LHHS-0995,ACC-HHS-HRSA-FAMILY-PLANNING,286479000,286479000,FAMILY PLANNING,H.R. 2617 div. H (BILLS-117hr2617enr),pass,
LHHS,2023,OBS-LHHS-0270,ACC-HHS-HRSA-HEALTH-CENTERS,1857772000,,,H.R. 2617 div. H (BILLS-117hr2617enr),,no heading of that name under the account's agency in the division
LHHS,2023,OBS-LHHS-1012,ACC-HHS-HRSA-HEALTH-SYSTEMS,99009000,99009000,HEALTH SYSTEMS,H.R. 2617 div. H (BILLS-117hr2617enr),pass,
LHHS,2023,OBS-LHHS-1029,ACC-HHS-HRSA-HEALTH-WORKFORCE,1390376000,1390376000,HEALTH WORKFORCE,H.R. 2617 div. H (BILLS-117hr2617enr),pass,
LHHS,2023,OBS-LHHS-1046,ACC-HHS-HRSA-MCH,1171430000,1171430000,MATERNAL AND CHILD HEALTH,H.R. 2617 div. H (BILLS-117hr2617enr),pass,
LHHS,2023,OBS-LHHS-0283,ACC-HHS-HRSA-PRIMARY-CARE,1858772000,1858772000,PRIMARY HEALTH CARE,H.R. 2617 div. H (BILLS-117hr2617enr),pass,
LHHS,2023,OBS-LHHS-1063,ACC-HHS-HRSA-PROGRAM-SUPPORT,1735769000,1735769000,HRSA-WIDE ACTIVITIES AND PROGRAM SUPPORT,H.R. 2617 div. H (BILLS-117hr2617enr),pass,
LHHS,2023,OBS-LHHS-1080,ACC-HHS-HRSA-RURAL-HEALTH,352407000,352407000,RURAL HEALTH,H.R. 2617 div. H (BILLS-117hr2617enr),pass,
LHHS,2023,OBS-LHHS-1097,ACC-HHS-HRSA-RYAN-WHITE,2571041000,2571041000,RYAN WHITE HIV/AIDS PROGRAM,H.R. 2617 div. H (BILLS-117hr2617enr),pass,
LHHS,2023,OBS-LHHS-0309,ACC-HHS-HRSA-VICTF,271570000,15200000,VACCINE INJURY COMPENSATION PROGRAM TRUST FUND,H.R. 2617 div. H (BILLS-117hr2617enr),info,"trust-fund limitation, fees or collections in the first amount (by design)"
LHHS,2023,OBS-LHHS-1114,ACC-HHS-NIH-ARPA-H,1500000000,,,H.R. 2617 div. H (BILLS-117hr2617enr),,no heading of that name under the account's agency in the division
LHHS,2023,OBS-LHHS-1134,ACC-HHS-NIH-BUILDINGS-FACILITIES,350000000,350000000,BUILDINGS AND FACILITIES,H.R. 2617 div. H (BILLS-117hr2617enr),pass,
LHHS,2023,OBS-LHHS-0338,ACC-HHS-NIH-CURES,1085000000,1085000000,"NIH INNOVATION ACCOUNT, CURES ACT",H.R. 2617 div. H (BILLS-117hr2617enr),pass,
LHHS,2023,OBS-LHHS-1152,ACC-HHS-NIH-FIC,95162000,95162000,JOHN E. FOGARTY INTERNATIONAL CENTER,H.R. 2617 div. H (BILLS-117hr2617enr),pass,
LHHS,2023,OBS-LHHS-1169,ACC-HHS-NIH-NCATS,923323000,923323000,NATIONAL CENTER FOR ADVANCING TRANSLATIONAL SCIENCES,H.R. 2617 div. H (BILLS-117hr2617enr),pass,
LHHS,2023,OBS-LHHS-1186,ACC-HHS-NIH-NCCIH,170384000,170384000,NATIONAL CENTER FOR COMPLEMENTARY AND INTEGRATIVE HEALTH,H.R. 2617 div. H (BILLS-117hr2617enr),pass,
LHHS,2023,OBS-LHHS-0322,ACC-HHS-NIH-NCI,7104159000,7104159000,NATIONAL CANCER INSTITUTE,H.R. 2617 div. H (BILLS-117hr2617enr),pass,
LHHS,2023,OBS-LHHS-1203,ACC-HHS-NIH-NEI,896549000,896549000,NATIONAL EYE INSTITUTE,H.R. 2617 div. H (BILLS-117hr2617enr),pass,
LHHS,2023,OBS-LHHS-1222,ACC-HHS-NIH-NHGRI,663200000,663200000,NATIONAL HUMAN GENOME RESEARCH INSTITUTE,H.R. 2617 div. H (BILLS-117hr2617enr),pass,
LHHS,2023,OBS-LHHS-1239,ACC-HHS-NIH-NHLBI,3982345000,3982345000,"NATIONAL HEART, LUNG, AND BLOOD INSTITUTE",H.R. 2617 div. H (BILLS-117hr2617enr),pass,
LHHS,2023,OBS-LHHS-1256,ACC-HHS-NIH-NIA,4407623000,4407623000,NATIONAL INSTITUTE ON AGING,H.R. 2617 div. H (BILLS-117hr2617enr),pass,
LHHS,2023,OBS-LHHS-1273,ACC-HHS-NIH-NIAAA,595318000,595318000,NATIONAL INSTITUTE ON ALCOHOL ABUSE AND ALCOHOLISM,H.R. 2617 div. H (BILLS-117hr2617enr),pass,
LHHS,2023,OBS-LHHS-1290,ACC-HHS-NIH-NIAID,6562279000,6562279000,NATIONAL INSTITUTE OF ALLERGY AND INFECTIOUS DISEASES,H.R. 2617 div. H (BILLS-117hr2617enr),pass,
LHHS,2023,OBS-LHHS-1307,ACC-HHS-NIH-NIAMS,685465000,685465000,NATIONAL INSTITUTE OF ARTHRITIS AND MUSCULOSKELETAL AND SKIN DISEASES,H.R. 2617 div. H (BILLS-117hr2617enr),pass,
LHHS,2023,OBS-LHHS-1324,ACC-HHS-NIH-NIBIB,440627000,440627000,NATIONAL INSTITUTE OF BIOMEDICAL IMAGING AND BIOENGINEERING,H.R. 2617 div. H (BILLS-117hr2617enr),pass,
LHHS,2023,OBS-LHHS-1341,ACC-HHS-NIH-NICHD,1749078000,1749078000,EUNICE KENNEDY SHRIVER NATIONAL INSTITUTE OF CHILD HEALTH AND HUMAN DEVELOPMENT,H.R. 2617 div. H (BILLS-117hr2617enr),pass,
LHHS,2023,OBS-LHHS-1358,ACC-HHS-NIH-NIDA,1662695000,1662695000,NATIONAL INSTITUTE ON DRUG ABUSE,H.R. 2617 div. H (BILLS-117hr2617enr),pass,
LHHS,2023,OBS-LHHS-1375,ACC-HHS-NIH-NIDCD,534333000,534333000,NATIONAL INSTITUTE ON DEAFNESS AND OTHER COMMUNICATION DISORDERS,H.R. 2617 div. H (BILLS-117hr2617enr),pass,
LHHS,2023,OBS-LHHS-1391,ACC-HHS-NIH-NIDCR,520163000,520163000,NATIONAL INSTITUTE OF DENTAL AND CRANIOFACIAL RESEARCH,H.R. 2617 div. H (BILLS-117hr2617enr),pass,
LHHS,2023,OBS-LHHS-1408,ACC-HHS-NIH-NIDDK,2300721000,2300721000,NATIONAL INSTITUTE OF DIABETES AND DIGESTIVE AND KIDNEY DISEASES,H.R. 2617 div. H (BILLS-117hr2617enr),pass,
LHHS,2023,OBS-LHHS-1425,ACC-HHS-NIH-NIEHS,913979000,913979000,NATIONAL INSTITUTE OF ENVIRONMENTAL HEALTH SCIENCES,H.R. 2617 div. H (BILLS-117hr2617enr),pass,
LHHS,2023,OBS-LHHS-1442,ACC-HHS-NIH-NIGMS,1827197000,3239679000,NATIONAL INSTITUTE OF GENERAL MEDICAL SCIENCES,H.R. 2617 div. H (BILLS-117hr2617enr),info,"the first amount is made available from the PHS evaluation set-aside (section 241), not appropriated budget authority (by design)"
LHHS,2023,OBS-LHHS-1459,ACC-HHS-NIH-NIMH,2112843000,2112843000,NATIONAL INSTITUTE OF MENTAL HEALTH,H.R. 2617 div. H (BILLS-117hr2617enr),pass,
LHHS,2023,OBS-LHHS-1476,ACC-HHS-NIH-NIMHD,524395000,524395000,NATIONAL INSTITUTE ON MINORITY HEALTH AND HEALTH DISPARITIES,H.R. 2617 div. H (BILLS-117hr2617enr),pass,
LHHS,2023,OBS-LHHS-1493,ACC-HHS-NIH-NINDS,2588925000,2588925000,NATIONAL INSTITUTE OF NEUROLOGICAL DISORDERS AND STROKE,H.R. 2617 div. H (BILLS-117hr2617enr),pass,
LHHS,2023,OBS-LHHS-1510,ACC-HHS-NIH-NINR,197693000,197693000,NATIONAL INSTITUTE OF NURSING RESEARCH,H.R. 2617 div. H (BILLS-117hr2617enr),pass,
LHHS,2023,OBS-LHHS-1527,ACC-HHS-NIH-NLM,497548000,497548000,NATIONAL LIBRARY OF MEDICINE,H.R. 2617 div. H (BILLS-117hr2617enr),pass,
LHHS,2023,OBS-LHHS-1544,ACC-HHS-NIH-OD,2655514000,2642914000,OFFICE OF THE DIRECTOR,H.R. 2617 div. H (BILLS-117hr2617enr),info,"the headline is the first amount plus $12,600,000 printed later in the same paragraph"
LHHS,2023,OBS-LHHS-1562,ACC-HHS-OS-COMMISSIONED-OFFICERS,710327000,,RETIREMENT PAY AND MEDICAL BENEFITS FOR COMMISSIONED OFFICERS,H.R. 2617 div. H (BILLS-117hr2617enr),info,no dollar amount in the heading's paragraph (such sums / amounts under sub-headings)
LHHS,2023,OBS-LHHS-1579,ACC-HHS-OS-GDM,537144000,537144000,GENERAL DEPARTMENTAL MANAGEMENT,H.R. 2617 div. H (BILLS-117hr2617enr),pass,
LHHS,2023,OBS-LHHS-1596,ACC-HHS-OS-OCR,39798000,39798000,OFFICE FOR CIVIL RIGHTS,H.R. 2617 div. H (BILLS-117hr2617enr),pass,
LHHS,2023,OBS-LHHS-1613,ACC-HHS-OS-OIG,87000000,87000000,OFFICE OF INSPECTOR GENERAL,H.R. 2617 div. H (BILLS-117hr2617enr),pass,
LHHS,2023,OBS-LHHS-1630,ACC-HHS-OS-OMHA,196000000,196000000,MEDICARE HEARINGS AND APPEALS,H.R. 2617 div. H (BILLS-117hr2617enr),pass,
LHHS,2023,OBS-LHHS-1655,ACC-HHS-OS-PHSSEF,137892000,1647569000,PUBLIC HEALTH AND SOCIAL SERVICES EMERGENCY FUND,H.R. 2617 div. H (BILLS-117hr2617enr),info,the law's first amount is larger than the headline (program level or amounts made available elsewhere)
LHHS,2023,OBS-LHHS-1664,ACC-HHS-SAMHSA-MENTAL-HEALTH,2755507000,2693507000,MENTAL HEALTH,H.R. 2617 div. H (BILLS-117hr2617enr),info,"2,755,507,000 as recorded = $2,693,507,000 (P.L. 117-328 div. H) + $62,000,000 for 988 Suicide Lifeline activities appropriated by P.L. 117-180 (H.R. 6833, the FY2023 continuing resolution, div. A sec. 145); S.Rept. 118-84 p.380 prints that row as 'CR Funding--Public Law 117-180 Suicide Lifeline 62,000' inside the 2023 appropriation (another law, by design)"
LHHS,2023,OBS-LHHS-1681,ACC-HHS-SAMHSA-PREVENTION,236879000,236879000,SUBSTANCE ABUSE PREVENTION,H.R. 2617 div. H (BILLS-117hr2617enr),pass,
LHHS,2023,OBS-LHHS-1698,ACC-HHS-SAMHSA-PROGRAM-SUPPORT,301932000,301932000,HEALTH SURVEILLANCE AND PROGRAM SUPPORT,H.R. 2617 div. H (BILLS-117hr2617enr),pass,
LHHS,2023,OBS-LHHS-1715,ACC-HHS-SAMHSA-TREATMENT,4076098000,4076098000,SUBSTANCE ABUSE TREATMENT,H.R. 2617 div. H (BILLS-117hr2617enr),pass,
LHHS,2024,OBS-LHHS-0589,ACC-HHS-ACF-CCDBG,8746387000,8746387000,PAYMENTS TO STATES FOR THE CHILD CARE AND DEVELOPMENT BLOCK GRANT,H.R. 2882 div. D (BILLS-118hr2882enr),pass,
LHHS,2024,OBS-LHHS-0606,ACC-HHS-ACF-CFSP,14829100000,14829100000,CHILDREN AND FAMILIES SERVICES PROGRAMS,H.R. 2882 div. D (BILLS-118hr2882enr),pass,
LHHS,2024,OBS-LHHS-0623,ACC-HHS-ACF-CHILD-SUPPORT,4709000000,3309000000,PAYMENTS TO STATES FOR CHILD SUPPORT ENFORCEMENT AND FAMILY SUPPORT PROGRAMS,H.R. 2882 div. D (BILLS-118hr2882enr),info,"the headline is the first amount plus $1,400,000,000 printed later in the same paragraph"
LHHS,2024,OBS-LHHS-0640,ACC-HHS-ACF-FOSTER-CARE,11994000000,8594000000,PAYMENTS FOR FOSTER CARE AND PERMANENCY,H.R. 2882 div. D (BILLS-118hr2882enr),pass,"match (the sum of the heading's 2 paragraphs): $8,594,000,000 + $3,400,000,000 = 11,994,000,000 as recorded"
LHHS,2024,OBS-LHHS-0002,ACC-HHS-ACF-HEAD-START,12271820000,,,H.R. 2882 div. D (BILLS-118hr2882enr),,no heading of that name under the account's agency in the division
LHHS,2024,OBS-LHHS-0015,ACC-HHS-ACF-LIHEAP,4025000000,4025000000,LOW INCOME HOME ENERGY ASSISTANCE,H.R. 2882 div. D (BILLS-118hr2882enr),pass,
LHHS,2024,OBS-LHHS-0657,ACC-HHS-ACF-PSSF,417515000,345000000,PROMOTING SAFE AND STABLE FAMILIES,H.R. 2882 div. D (BILLS-118hr2882enr),info,"the headline is the first amount plus $72,515,000 printed later in the same paragraph"
LHHS,2024,OBS-LHHS-0674,ACC-HHS-ACF-REFUGEE,6327214000,6327214000,REFUGEE AND ENTRANT ASSISTANCE,H.R. 2882 div. D (BILLS-118hr2882enr),pass,
LHHS,2024,OBS-LHHS-0691,ACC-HHS-ACF-SSBG,1700000000,1700000000,SOCIAL SERVICES BLOCK GRANT,H.R. 2882 div. D (BILLS-118hr2882enr),pass,
LHHS,2024,OBS-LHHS-0705,ACC-HHS-ASPR-OPER,499606000,499606000,"OPERATIONS, PREPAREDNESS, AND EMERGENCY RESPONSE",H.R. 2882 div. D (BILLS-118hr2882enr),pass,
LHHS,2024,OBS-LHHS-0719,ACC-HHS-ASPR-RDP,3135000000,3135000000,"RESEARCH, DEVELOPMENT, AND PROCUREMENT",H.R. 2882 div. D (BILLS-118hr2882enr),pass,
LHHS,2024,OBS-LHHS-0735,ACC-HHS-CDC-BIRTH-DEFECTS,206060000,206060000,"BIRTH DEFECTS, DEVELOPMENTAL DISABILITIES, DISABILITIES AND HEALTH",H.R. 2882 div. D (BILLS-118hr2882enr),pass,
LHHS,2024,OBS-LHHS-0752,ACC-HHS-CDC-BUILDINGS-FACILITIES,40000000,40000000,BUILDINGS AND FACILITIES,H.R. 2882 div. D (BILLS-118hr2882enr),pass,
LHHS,2024,OBS-LHHS-0769,ACC-HHS-CDC-CHRONIC-DISEASE,1192647000,1192647000,CHRONIC DISEASE PREVENTION AND HEALTH PROMOTION,H.R. 2882 div. D (BILLS-118hr2882enr),pass,
LHHS,2024,OBS-LHHS-0785,ACC-HHS-CDC-EEOICP,55358000,55358000,ENERGY EMPLOYEES OCCUPATIONAL ILLNESS COMPENSATION PROGRAM,H.R. 2882 div. D (BILLS-118hr2882enr),pass,
LHHS,2024,OBS-LHHS-0802,ACC-HHS-CDC-EMERGING-ZOONOTIC,708272000,708272000,EMERGING AND ZOONOTIC INFECTIOUS DISEASES,H.R. 2882 div. D (BILLS-118hr2882enr),pass,
LHHS,2024,OBS-LHHS-0819,ACC-HHS-CDC-ENVIRONMENTAL-HEALTH,191850000,191850000,ENVIRONMENTAL HEALTH,H.R. 2882 div. D (BILLS-118hr2882enr),pass,
LHHS,2024,OBS-LHHS-0836,ACC-HHS-CDC-GLOBAL-HEALTH,692843000,692843000,GLOBAL HEALTH,H.R. 2882 div. D (BILLS-118hr2882enr),pass,
LHHS,2024,OBS-LHHS-0853,ACC-HHS-CDC-HIV-HEPATITIS-STD-TB,1391056000,1391056000,"HIV/AIDS, VIRAL HEPATITIS, SEXUALLY TRANSMITTED DISEASES, AND TUBERCULOSIS PREVENTION",H.R. 2882 div. D (BILLS-118hr2882enr),pass,
LHHS,2024,OBS-LHHS-0870,ACC-HHS-CDC-IMMUNIZATION,237358000,237358000,IMMUNIZATION AND RESPIRATORY DISEASES,H.R. 2882 div. D (BILLS-118hr2882enr),pass,
LHHS,2024,OBS-LHHS-0887,ACC-HHS-CDC-INJURY-PREVENTION,761379000,761379000,INJURY PREVENTION AND CONTROL,H.R. 2882 div. D (BILLS-118hr2882enr),pass,
LHHS,2024,OBS-LHHS-0904,ACC-HHS-CDC-NIOSH,362800000,362800000,NATIONAL INSTITUTE FOR OCCUPATIONAL SAFETY AND HEALTH,H.R. 2882 div. D (BILLS-118hr2882enr),pass,
LHHS,2024,OBS-LHHS-0921,ACC-HHS-CDC-PREPAREDNESS,938200000,938200000,PUBLIC HEALTH PREPAREDNESS AND RESPONSE,H.R. 2882 div. D (BILLS-118hr2882enr),pass,
LHHS,2024,OBS-LHHS-0935,ACC-HHS-CDC-PROGRAM-SUPPORT,503570000,503570000,CDC-WIDE ACTIVITIES AND PROGRAM SUPPORT,H.R. 2882 div. D (BILLS-118hr2882enr),pass,
LHHS,2024,OBS-LHHS-0951,ACC-HHS-CDC-SCIENTIFIC-SERVICES,711553000,711553000,PUBLIC HEALTH SCIENTIFIC SERVICES,H.R. 2882 div. D (BILLS-118hr2882enr),pass,
LHHS,2024,OBS-LHHS-0968,ACC-HHS-CMS-HCFAC,915000000,915000000,HEALTH CARE FRAUD AND ABUSE CONTROL ACCOUNT,H.R. 2882 div. D (BILLS-118hr2882enr),pass,
LHHS,2024,OBS-LHHS-0150,ACC-HHS-CMS-MEDICAID,406956850000,406956850000,GRANTS TO STATES FOR MEDICAID,H.R. 2882 div. D (BILLS-118hr2882enr),pass,
LHHS,2024,OBS-LHHS-0201,ACC-HHS-CMS-PROGRAM-MANAGEMENT,3669744000,3669744000,PROGRAM MANAGEMENT,H.R. 2882 div. D (BILLS-118hr2882enr),pass,
LHHS,2024,OBS-LHHS-0227,ACC-HHS-CMS-TRUST-FUND-PAYMENTS,476725000000,476725000000,PAYMENTS TO THE HEALTH CARE TRUST FUNDS,H.R. 2882 div. D (BILLS-118hr2882enr),pass,
LHHS,2024,OBS-LHHS-0246,ACC-HHS-GP-MEDICARE-OPERATIONS,455000000,,,H.R. 2882 div. D (BILLS-118hr2882enr),,no heading of that name under the account's agency in the division
LHHS,2024,OBS-LHHS-0985,ACC-HHS-HRSA-CCPF,7000000,7000000,COVERED COUNTERMEASURES PROCESS FUND,H.R. 2882 div. D (BILLS-118hr2882enr),pass,
LHHS,2024,OBS-LHHS-0999,ACC-HHS-HRSA-FAMILY-PLANNING,286479000,286479000,FAMILY PLANNING,H.R. 2882 div. D (BILLS-118hr2882enr),pass,
LHHS,2024,OBS-LHHS-0271,ACC-HHS-HRSA-HEALTH-CENTERS,1857772000,,,H.R. 2882 div. D (BILLS-118hr2882enr),,no heading of that name under the account's agency in the division
LHHS,2024,OBS-LHHS-1016,ACC-HHS-HRSA-HEALTH-SYSTEMS,122009000,122009000,HEALTH SYSTEMS,H.R. 2882 div. D (BILLS-118hr2882enr),pass,
LHHS,2024,OBS-LHHS-1033,ACC-HHS-HRSA-HEALTH-WORKFORCE,1404376000,1404376000,HEALTH WORKFORCE,H.R. 2882 div. D (BILLS-118hr2882enr),pass,
LHHS,2024,OBS-LHHS-1050,ACC-HHS-HRSA-MCH,1170430000,1170430000,MATERNAL AND CHILD HEALTH,H.R. 2882 div. D (BILLS-118hr2882enr),pass,
LHHS,2024,OBS-LHHS-0284,ACC-HHS-HRSA-PRIMARY-CARE,1858772000,1858772000,PRIMARY HEALTH CARE,H.R. 2882 div. D (BILLS-118hr2882enr),pass,
LHHS,2024,OBS-LHHS-1067,ACC-HHS-HRSA-PROGRAM-SUPPORT,1110376000,1110376000,HRSA-WIDE ACTIVITIES AND PROGRAM SUPPORT,H.R. 2882 div. D (BILLS-118hr2882enr),pass,
LHHS,2024,OBS-LHHS-1084,ACC-HHS-HRSA-RURAL-HEALTH,364607000,364607000,RURAL HEALTH,H.R. 2882 div. D (BILLS-118hr2882enr),pass,
LHHS,2024,OBS-LHHS-1101,ACC-HHS-HRSA-RYAN-WHITE,2571041000,2571041000,RYAN WHITE HIV/AIDS PROGRAM,H.R. 2882 div. D (BILLS-118hr2882enr),pass,
LHHS,2024,OBS-LHHS-0310,ACC-HHS-HRSA-VICTF,276697000,15200000,VACCINE INJURY COMPENSATION PROGRAM TRUST FUND,H.R. 2882 div. D (BILLS-118hr2882enr),info,"trust-fund limitation, fees or collections in the first amount (by design)"
LHHS,2024,OBS-LHHS-1118,ACC-HHS-NIH-ARPA-H,1500000000,1500000000,ADVANCED RESEARCH PROJECTS AGENCY FOR HEALTH,H.R. 2882 div. D (BILLS-118hr2882enr),pass,
LHHS,2024,OBS-LHHS-1138,ACC-HHS-NIH-BUILDINGS-FACILITIES,350000000,350000000,BUILDINGS AND FACILITIES,H.R. 2882 div. D (BILLS-118hr2882enr),pass,
LHHS,2024,OBS-LHHS-0342,ACC-HHS-NIH-CURES,407000000,407000000,"NIH INNOVATION ACCOUNT, CURES ACT",H.R. 2882 div. D (BILLS-118hr2882enr),pass,
LHHS,2024,OBS-LHHS-1156,ACC-HHS-NIH-FIC,95162000,95162000,JOHN E. FOGARTY INTERNATIONAL CENTER,H.R. 2882 div. D (BILLS-118hr2882enr),pass,
LHHS,2024,OBS-LHHS-1173,ACC-HHS-NIH-NCATS,928323000,928323000,NATIONAL CENTER FOR ADVANCING TRANSLATIONAL SCIENCES,H.R. 2882 div. D (BILLS-118hr2882enr),pass,
LHHS,2024,OBS-LHHS-1190,ACC-HHS-NIH-NCCIH,170384000,170384000,NATIONAL CENTER FOR COMPLEMENTARY AND INTEGRATIVE HEALTH,H.R. 2882 div. D (BILLS-118hr2882enr),pass,
LHHS,2024,OBS-LHHS-0323,ACC-HHS-NIH-NCI,7224159000,7224159000,NATIONAL CANCER INSTITUTE,H.R. 2882 div. D (BILLS-118hr2882enr),pass,
LHHS,2024,OBS-LHHS-1207,ACC-HHS-NIH-NEI,896549000,896549000,NATIONAL EYE INSTITUTE,H.R. 2882 div. D (BILLS-118hr2882enr),pass,
LHHS,2024,OBS-LHHS-1226,ACC-HHS-NIH-NHGRI,663200000,663200000,NATIONAL HUMAN GENOME RESEARCH INSTITUTE,H.R. 2882 div. D (BILLS-118hr2882enr),pass,
LHHS,2024,OBS-LHHS-1243,ACC-HHS-NIH-NHLBI,3982345000,3982345000,"NATIONAL HEART, LUNG, AND BLOOD INSTITUTE",H.R. 2882 div. D (BILLS-118hr2882enr),pass,
LHHS,2024,OBS-LHHS-1260,ACC-HHS-NIH-NIA,4507623000,4507623000,NATIONAL INSTITUTE ON AGING,H.R. 2882 div. D (BILLS-118hr2882enr),pass,
LHHS,2024,OBS-LHHS-1277,ACC-HHS-NIH-NIAAA,595318000,595318000,NATIONAL INSTITUTE ON ALCOHOL ABUSE AND ALCOHOLISM,H.R. 2882 div. D (BILLS-118hr2882enr),pass,
LHHS,2024,OBS-LHHS-1294,ACC-HHS-NIH-NIAID,6562279000,6562279000,NATIONAL INSTITUTE OF ALLERGY AND INFECTIOUS DISEASES,H.R. 2882 div. D (BILLS-118hr2882enr),pass,
LHHS,2024,OBS-LHHS-1311,ACC-HHS-NIH-NIAMS,685465000,685465000,NATIONAL INSTITUTE OF ARTHRITIS AND MUSCULOSKELETAL AND SKIN DISEASES,H.R. 2882 div. D (BILLS-118hr2882enr),pass,
LHHS,2024,OBS-LHHS-1328,ACC-HHS-NIH-NIBIB,440627000,440627000,NATIONAL INSTITUTE OF BIOMEDICAL IMAGING AND BIOENGINEERING,H.R. 2882 div. D (BILLS-118hr2882enr),pass,
LHHS,2024,OBS-LHHS-1345,ACC-HHS-NIH-NICHD,1759078000,1759078000,EUNICE KENNEDY SHRIVER NATIONAL INSTITUTE OF CHILD HEALTH AND HUMAN DEVELOPMENT,H.R. 2882 div. D (BILLS-118hr2882enr),pass,
LHHS,2024,OBS-LHHS-1362,ACC-HHS-NIH-NIDA,1662695000,1662695000,NATIONAL INSTITUTE ON DRUG ABUSE,H.R. 2882 div. D (BILLS-118hr2882enr),pass,
LHHS,2024,OBS-LHHS-1378,ACC-HHS-NIH-NIDCD,534333000,534333000,NATIONAL INSTITUTE ON DEAFNESS AND OTHER COMMUNICATION DISORDERS,H.R. 2882 div. D (BILLS-118hr2882enr),pass,
LHHS,2024,OBS-LHHS-1395,ACC-HHS-NIH-NIDCR,520163000,520163000,NATIONAL INSTITUTE OF DENTAL AND CRANIOFACIAL RESEARCH,H.R. 2882 div. D (BILLS-118hr2882enr),pass,
LHHS,2024,OBS-LHHS-1412,ACC-HHS-NIH-NIDDK,2310721000,2310721000,NATIONAL INSTITUTE OF DIABETES AND DIGESTIVE AND KIDNEY DISEASES,H.R. 2882 div. D (BILLS-118hr2882enr),pass,
LHHS,2024,OBS-LHHS-1429,ACC-HHS-NIH-NIEHS,913979000,913979000,NATIONAL INSTITUTE OF ENVIRONMENTAL HEALTH SCIENCES,H.R. 2882 div. D (BILLS-118hr2882enr),pass,
LHHS,2024,OBS-LHHS-1446,ACC-HHS-NIH-NIGMS,1832197000,3244679000,NATIONAL INSTITUTE OF GENERAL MEDICAL SCIENCES,H.R. 2882 div. D (BILLS-118hr2882enr),info,"the first amount is made available from the PHS evaluation set-aside (section 241), not appropriated budget authority (by design)"
LHHS,2024,OBS-LHHS-1463,ACC-HHS-NIH-NIMH,2187843000,2187843000,NATIONAL INSTITUTE OF MENTAL HEALTH,H.R. 2882 div. D (BILLS-118hr2882enr),pass,
LHHS,2024,OBS-LHHS-1480,ACC-HHS-NIH-NIMHD,534395000,534395000,NATIONAL INSTITUTE ON MINORITY HEALTH AND HEALTH DISPARITIES,H.R. 2882 div. D (BILLS-118hr2882enr),pass,
LHHS,2024,OBS-LHHS-1497,ACC-HHS-NIH-NINDS,2603925000,2603925000,NATIONAL INSTITUTE OF NEUROLOGICAL DISORDERS AND STROKE,H.R. 2882 div. D (BILLS-118hr2882enr),pass,
LHHS,2024,OBS-LHHS-1514,ACC-HHS-NIH-NINR,197693000,197693000,NATIONAL INSTITUTE OF NURSING RESEARCH,H.R. 2882 div. D (BILLS-118hr2882enr),pass,
LHHS,2024,OBS-LHHS-1531,ACC-HHS-NIH-NLM,497548000,497548000,NATIONAL LIBRARY OF MEDICINE,H.R. 2882 div. D (BILLS-118hr2882enr),pass,
LHHS,2024,OBS-LHHS-1548,ACC-HHS-NIH-OD,2605514000,2592914000,OFFICE OF THE DIRECTOR,H.R. 2882 div. D (BILLS-118hr2882enr),info,"the headline is the first amount plus $12,600,000 printed later in the same paragraph"
LHHS,2024,OBS-LHHS-1566,ACC-HHS-OS-COMMISSIONED-OFFICERS,792691000,,RETIREMENT PAY AND MEDICAL BENEFITS FOR COMMISSIONED OFFICERS,H.R. 2882 div. D (BILLS-118hr2882enr),info,no dollar amount in the heading's paragraph (such sums / amounts under sub-headings)
LHHS,2024,OBS-LHHS-1583,ACC-HHS-OS-GDM,646127000,537144000,GENERAL DEPARTMENTAL MANAGEMENT,H.R. 2882 div. D (BILLS-118hr2882enr),pass,"match (the sum of the heading's 2 paragraphs): $537,144,000 + $108,983,000 = 646,127,000 as recorded"
LHHS,2024,OBS-LHHS-1600,ACC-HHS-OS-OCR,39798000,39798000,OFFICE FOR CIVIL RIGHTS,H.R. 2882 div. D (BILLS-118hr2882enr),pass,
LHHS,2024,OBS-LHHS-1617,ACC-HHS-OS-OIG,87000000,87000000,OFFICE OF INSPECTOR GENERAL,H.R. 2882 div. D (BILLS-118hr2882enr),pass,
LHHS,2024,OBS-LHHS-1634,ACC-HHS-OS-OMHA,196000000,196000000,MEDICARE HEARINGS AND APPEALS,H.R. 2882 div. D (BILLS-118hr2882enr),pass,
LHHS,2024,OBS-LHHS-1649,ACC-HHS-OS-ONC,0,69238000,OFFICE OF THE NATIONAL COORDINATOR FOR HEALTH INFORMATION TECHNOLOGY,H.R. 2882 div. D (BILLS-118hr2882enr),info,"the first amount is made available from the PHS evaluation set-aside (section 241), not appropriated budget authority (by design)"
LHHS,2024,OBS-LHHS-1659,ACC-HHS-OS-PHSSEF,0,,,H.R. 2882 div. D (BILLS-118hr2882enr),,no heading of that name under the account's agency in the division
LHHS,2024,OBS-LHHS-1668,ACC-HHS-SAMHSA-MENTAL-HEALTH,2775507000,2775507000,MENTAL HEALTH,H.R. 2882 div. D (BILLS-118hr2882enr),pass,
LHHS,2024,OBS-LHHS-1685,ACC-HHS-SAMHSA-PREVENTION,236879000,236879000,SUBSTANCE ABUSE PREVENTION,H.R. 2882 div. D (BILLS-118hr2882enr),pass,
LHHS,2024,OBS-LHHS-1702,ACC-HHS-SAMHSA-PROGRAM-SUPPORT,138155000,210245000,HEALTH SURVEILLANCE AND PROGRAM SUPPORT,H.R. 2882 div. D (BILLS-118hr2882enr),info,"the first amount is made available from the PHS evaluation set-aside (section 241), not appropriated budget authority (by design)"
LHHS,2024,OBS-LHHS-1719,ACC-HHS-SAMHSA-TREATMENT,4078098000,4078098000,SUBSTANCE ABUSE TREATMENT,H.R. 2882 div. D (BILLS-118hr2882enr),pass,
LHHS,2025,,,,,,,,H.R. 1968 is a full-year CR: no amounts by heading
LHHS,2026,OBS-LHHS-0596,ACC-HHS-ACF-CCDBG,8831387000,8831387000,PAYMENTS TO STATES FOR THE CHILD CARE AND DEVELOPMENT BLOCK GRANT,H.R. 7148 div. B (BILLS-119hr7148enr),pass,
LHHS,2026,OBS-LHHS-0613,ACC-HHS-ACF-CFSP,14923390000,14923390000,CHILDREN AND FAMILIES SERVICES PROGRAMS,H.R. 7148 div. B (BILLS-119hr7148enr),pass,
LHHS,2026,OBS-LHHS-0630,ACC-HHS-ACF-CHILD-SUPPORT,5947000000,4147000000,PAYMENTS TO STATES FOR CHILD SUPPORT ENFORCEMENT AND FAMILY SUPPORT PROGRAMS,H.R. 7148 div. B (BILLS-119hr7148enr),info,"the headline is the first amount plus $1,800,000,000 printed later in the same paragraph"
LHHS,2026,OBS-LHHS-0647,ACC-HHS-ACF-FOSTER-CARE,10643000000,6843000000,PAYMENTS FOR FOSTER CARE AND PERMANENCY,H.R. 7148 div. B (BILLS-119hr7148enr),pass,"match (the sum of the heading's 2 paragraphs): $6,843,000,000 + $3,800,000,000 = 10,643,000,000 as recorded"
LHHS,2026,OBS-LHHS-0008,ACC-HHS-ACF-HEAD-START,12356820000,,,H.R. 7148 div. B (BILLS-119hr7148enr),,no heading of that name under the account's agency in the division
LHHS,2026,OBS-LHHS-0021,ACC-HHS-ACF-LIHEAP,4045000000,4045000000,LOW INCOME HOME ENERGY ASSISTANCE,H.R. 7148 div. B (BILLS-119hr7148enr),pass,
LHHS,2026,OBS-LHHS-0664,ACC-HHS-ACF-PSSF,482515000,420000000,PROMOTING SAFE AND STABLE FAMILIES,H.R. 7148 div. B (BILLS-119hr7148enr),info,"the headline is the first amount plus $62,515,000 printed later in the same paragraph"
LHHS,2026,OBS-LHHS-0681,ACC-HHS-ACF-REFUGEE,5163956000,5163956000,REFUGEE AND ENTRANT ASSISTANCE,H.R. 7148 div. B (BILLS-119hr7148enr),pass,
LHHS,2026,OBS-LHHS-0698,ACC-HHS-ACF-SSBG,1700000000,1700000000,SOCIAL SERVICES BLOCK GRANT,H.R. 7148 div. B (BILLS-119hr7148enr),pass,
LHHS,2026,OBS-LHHS-0712,ACC-HHS-ASPR-OPER,484606000,484606000,"OPERATIONS, PREPAREDNESS, AND EMERGENCY RESPONSE",H.R. 7148 div. B (BILLS-119hr7148enr),pass,
LHHS,2026,OBS-LHHS-0726,ACC-HHS-ASPR-RDP,3207991000,3207991000,"RESEARCH, DEVELOPMENT, AND PROCUREMENT",H.R. 7148 div. B (BILLS-119hr7148enr),pass,
LHHS,2026,OBS-LHHS-0742,ACC-HHS-CDC-BIRTH-DEFECTS,205060000,205060000,"BIRTH DEFECTS, DEVELOPMENTAL DISABILITIES, DISABILITIES AND HEALTH",H.R. 7148 div. B (BILLS-119hr7148enr),pass,
LHHS,2026,OBS-LHHS-0759,ACC-HHS-CDC-BUILDINGS-FACILITIES,40000000,40000000,BUILDINGS AND FACILITIES,H.R. 7148 div. B (BILLS-119hr7148enr),pass,
LHHS,2026,OBS-LHHS-0776,ACC-HHS-CDC-CHRONIC-DISEASE,983830000,983830000,CHRONIC DISEASE PREVENTION AND HEALTH PROMOTION,H.R. 7148 div. B (BILLS-119hr7148enr),pass,
LHHS,2026,OBS-LHHS-0792,ACC-HHS-CDC-EEOICP,55358000,55358000,ENERGY EMPLOYEES OCCUPATIONAL ILLNESS COMPENSATION PROGRAM,H.R. 7148 div. B (BILLS-119hr7148enr),pass,
LHHS,2026,OBS-LHHS-0809,ACC-HHS-CDC-EMERGING-ZOONOTIC,729272000,729272000,EMERGING AND ZOONOTIC INFECTIOUS DISEASES,H.R. 7148 div. B (BILLS-119hr7148enr),pass,
LHHS,2026,OBS-LHHS-0826,ACC-HHS-CDC-ENVIRONMENTAL-HEALTH,191850000,,ENVIRONMENTAL HEALTH,H.R. 7148 div. B (BILLS-119hr7148enr),info,no dollar amount in the heading's paragraph (such sums / amounts under sub-headings)
LHHS,2026,OBS-LHHS-0843,ACC-HHS-CDC-GLOBAL-HEALTH,692843000,692843000,GLOBAL HEALTH,H.R. 7148 div. B (BILLS-119hr7148enr),pass,
LHHS,2026,OBS-LHHS-0860,ACC-HHS-CDC-HIV-HEPATITIS-STD-TB,1384056000,1384056000,"HIV/AIDS, VIRAL HEPATITIS, SEXUALLY TRANSMITTED DISEASES, AND TUBERCULOSIS PREVENTION",H.R. 7148 div. B (BILLS-119hr7148enr),pass,
LHHS,2026,OBS-LHHS-0877,ACC-HHS-CDC-IMMUNIZATION,316901000,316901000,IMMUNIZATION AND RESPIRATORY DISEASES,H.R. 7148 div. B (BILLS-119hr7148enr),pass,
LHHS,2026,OBS-LHHS-0894,ACC-HHS-CDC-INJURY-PREVENTION,761379000,761379000,INJURY PREVENTION AND CONTROL,H.R. 7148 div. B (BILLS-119hr7148enr),pass,
LHHS,2026,OBS-LHHS-0911,ACC-HHS-CDC-NIOSH,366800000,366800000,NATIONAL INSTITUTE FOR OCCUPATIONAL SAFETY AND HEALTH,H.R. 7148 div. B (BILLS-119hr7148enr),pass,
LHHS,2026,OBS-LHHS-0928,ACC-HHS-CDC-PREPAREDNESS,913200000,913200000,PUBLIC HEALTH PREPAREDNESS AND RESPONSE,H.R. 7148 div. B (BILLS-119hr7148enr),pass,
LHHS,2026,OBS-LHHS-0941,ACC-HHS-CDC-PROGRAM-SUPPORT,396570000,396570000,CDC-WIDE ACTIVITIES AND PROGRAM SUPPORT,H.R. 7148 div. B (BILLS-119hr7148enr),pass,
LHHS,2026,OBS-LHHS-0958,ACC-HHS-CDC-SCIENTIFIC-SERVICES,724553000,724553000,PUBLIC HEALTH SCIENTIFIC SERVICES,H.R. 7148 div. B (BILLS-119hr7148enr),pass,
LHHS,2026,OBS-LHHS-0975,ACC-HHS-CMS-HCFAC,941000000,941000000,HEALTH CARE FRAUD AND ABUSE CONTROL ACCOUNT,H.R. 7148 div. B (BILLS-119hr7148enr),pass,
LHHS,2026,OBS-LHHS-0170,ACC-HHS-CMS-MEDICAID,508148791000,508148791000,GRANTS TO STATES FOR MEDICAID,H.R. 7148 div. B (BILLS-119hr7148enr),pass,
LHHS,2026,OBS-LHHS-0207,ACC-HHS-CMS-PROGRAM-MANAGEMENT,3669744000,3669744000,PROGRAM MANAGEMENT,H.R. 7148 div. B (BILLS-119hr7148enr),pass,
LHHS,2026,OBS-LHHS-0233,ACC-HHS-CMS-TRUST-FUND-PAYMENTS,593817000000,593817000000,PAYMENTS TO THE HEALTH CARE TRUST FUNDS,H.R. 7148 div. B (BILLS-119hr7148enr),pass,
LHHS,2026,OBS-LHHS-0243,ACC-HHS-GP-MEDICARE-LIMITATION,2000000,,,H.R. 7148 div. B (BILLS-119hr7148enr),,no heading of that name under the account's agency in the division
LHHS,2026,OBS-LHHS-0250,ACC-HHS-GP-MEDICARE-OPERATIONS,455000000,,,H.R. 7148 div. B (BILLS-119hr7148enr),,no heading of that name under the account's agency in the division
LHHS,2026,OBS-LHHS-1006,ACC-HHS-HRSA-FAMILY-PLANNING,286479000,286479000,FAMILY PLANNING,H.R. 7148 div. B (BILLS-119hr7148enr),pass,
LHHS,2026,OBS-LHHS-0277,ACC-HHS-HRSA-HEALTH-CENTERS,1857772000,,,H.R. 7148 div. B (BILLS-119hr7148enr),,no heading of that name under the account's agency in the division
LHHS,2026,OBS-LHHS-1023,ACC-HHS-HRSA-HEALTH-SYSTEMS,127009000,127009000,HEALTH SYSTEMS,H.R. 7148 div. B (BILLS-119hr7148enr),pass,
LHHS,2026,OBS-LHHS-1040,ACC-HHS-HRSA-HEALTH-WORKFORCE,1413776000,1413776000,HEALTH WORKFORCE,H.R. 7148 div. B (BILLS-119hr7148enr),pass,
LHHS,2026,OBS-LHHS-1057,ACC-HHS-HRSA-MCH,1181680000,1181680000,MATERNAL AND CHILD HEALTH,H.R. 7148 div. B (BILLS-119hr7148enr),pass,
LHHS,2026,OBS-LHHS-0290,ACC-HHS-HRSA-PRIMARY-CARE,1858772000,1858772000,PRIMARY HEALTH CARE,H.R. 7148 div. B (BILLS-119hr7148enr),pass,
LHHS,2026,OBS-LHHS-1074,ACC-HHS-HRSA-PROGRAM-SUPPORT,1076181000,1076181000,HRSA-WIDE ACTIVITIES AND PROGRAM SUPPORT,H.R. 7148 div. B (BILLS-119hr7148enr),pass,
LHHS,2026,OBS-LHHS-1091,ACC-HHS-HRSA-RURAL-HEALTH,417907000,392907000,RURAL HEALTH,H.R. 7148 div. B (BILLS-119hr7148enr),pass,"match (the sum of the heading's 2 paragraphs): $392,907,000 + $25,000,000 = 417,907,000 as recorded"
LHHS,2026,OBS-LHHS-1108,ACC-HHS-HRSA-RYAN-WHITE,2571041000,2571041000,RYAN WHITE HIV/AIDS PROGRAM,H.R. 7148 div. B (BILLS-119hr7148enr),pass,
LHHS,2026,OBS-LHHS-0316,ACC-HHS-HRSA-VICTF,287262000,15200000,VACCINE INJURY COMPENSATION PROGRAM TRUST FUND,H.R. 7148 div. B (BILLS-119hr7148enr),info,"trust-fund limitation, fees or collections in the first amount (by design)"
LHHS,2026,OBS-LHHS-1125,ACC-HHS-NIH-ARPA-H,1500000000,1500000000,ADVANCED RESEARCH PROJECTS AGENCY FOR HEALTH,H.R. 7148 div. B (BILLS-119hr7148enr),pass,
LHHS,2026,OBS-LHHS-1145,ACC-HHS-NIH-BUILDINGS-FACILITIES,350000000,350000000,BUILDINGS AND FACILITIES,H.R. 7148 div. B (BILLS-119hr7148enr),pass,
LHHS,2026,OBS-LHHS-0366,ACC-HHS-NIH-CURES,226000000,226000000,"NIH INNOVATION ACCOUNT, CURES ACT",H.R. 7148 div. B (BILLS-119hr7148enr),pass,
LHHS,2026,OBS-LHHS-1163,ACC-HHS-NIH-FIC,95162000,95162000,JOHN E. FOGARTY INTERNATIONAL CENTER,H.R. 7148 div. B (BILLS-119hr7148enr),pass,
LHHS,2026,OBS-LHHS-1180,ACC-HHS-NIH-NCATS,942323000,942323000,NATIONAL CENTER FOR ADVANCING TRANSLATIONAL SCIENCES,H.R. 7148 div. B (BILLS-119hr7148enr),pass,
LHHS,2026,OBS-LHHS-1197,ACC-HHS-NIH-NCCIH,170384000,170384000,NATIONAL CENTER FOR COMPLEMENTARY AND INTEGRATIVE HEALTH,H.R. 7148 div. B (BILLS-119hr7148enr),pass,
LHHS,2026,OBS-LHHS-0329,ACC-HHS-NIH-NCI,7352159000,7352159000,NATIONAL CANCER INSTITUTE,H.R. 7148 div. B (BILLS-119hr7148enr),pass,
LHHS,2026,OBS-LHHS-1214,ACC-HHS-NIH-NEI,896549000,896549000,NATIONAL EYE INSTITUTE,H.R. 7148 div. B (BILLS-119hr7148enr),pass,
LHHS,2026,OBS-LHHS-1233,ACC-HHS-NIH-NHGRI,663200000,663200000,NATIONAL HUMAN GENOME RESEARCH INSTITUTE,H.R. 7148 div. B (BILLS-119hr7148enr),pass,
LHHS,2026,OBS-LHHS-1250,ACC-HHS-NIH-NHLBI,3990345000,3990345000,"NATIONAL HEART, LUNG, AND BLOOD INSTITUTE",H.R. 7148 div. B (BILLS-119hr7148enr),pass,
LHHS,2026,OBS-LHHS-1267,ACC-HHS-NIH-NIA,4517623000,4517623000,NATIONAL INSTITUTE ON AGING,H.R. 7148 div. B (BILLS-119hr7148enr),pass,
LHHS,2026,OBS-LHHS-1284,ACC-HHS-NIH-NIAAA,595318000,595318000,NATIONAL INSTITUTE ON ALCOHOL ABUSE AND ALCOHOLISM,H.R. 7148 div. B (BILLS-119hr7148enr),pass,
LHHS,2026,OBS-LHHS-1301,ACC-HHS-NIH-NIAID,6585279000,6585279000,NATIONAL INSTITUTE OF ALLERGY AND INFECTIOUS DISEASES,H.R. 7148 div. B (BILLS-119hr7148enr),pass,
LHHS,2026,OBS-LHHS-1318,ACC-HHS-NIH-NIAMS,685465000,685465000,NATIONAL INSTITUTE OF ARTHRITIS AND MUSCULOSKELETAL AND SKIN DISEASES,H.R. 7148 div. B (BILLS-119hr7148enr),pass,
LHHS,2026,OBS-LHHS-1335,ACC-HHS-NIH-NIBIB,440627000,440627000,NATIONAL INSTITUTE OF BIOMEDICAL IMAGING AND BIOENGINEERING,H.R. 7148 div. B (BILLS-119hr7148enr),pass,
LHHS,2026,OBS-LHHS-1352,ACC-HHS-NIH-NICHD,1769078000,1769078000,EUNICE KENNEDY SHRIVER NATIONAL INSTITUTE OF CHILD HEALTH AND HUMAN DEVELOPMENT,H.R. 7148 div. B (BILLS-119hr7148enr),pass,
LHHS,2026,OBS-LHHS-1369,ACC-HHS-NIH-NIDA,1662695000,1662695000,NATIONAL INSTITUTE ON DRUG ABUSE,H.R. 7148 div. B (BILLS-119hr7148enr),pass,
LHHS,2026,OBS-LHHS-1385,ACC-HHS-NIH-NIDCD,534333000,534333000,NATIONAL INSTITUTE ON DEAFNESS AND OTHER COMMUNICATION DISORDERS,H.R. 7148 div. B (BILLS-119hr7148enr),pass,
LHHS,2026,OBS-LHHS-1402,ACC-HHS-NIH-NIDCR,525163000,525163000,NATIONAL INSTITUTE OF DENTAL AND CRANIOFACIAL RESEARCH,H.R. 7148 div. B (BILLS-119hr7148enr),pass,
LHHS,2026,OBS-LHHS-1419,ACC-HHS-NIH-NIDDK,2326721000,2326721000,NATIONAL INSTITUTE OF DIABETES AND DIGESTIVE AND KIDNEY DISEASES,H.R. 7148 div. B (BILLS-119hr7148enr),pass,
LHHS,2026,OBS-LHHS-1436,ACC-HHS-NIH-NIEHS,913979000,913979000,NATIONAL INSTITUTE OF ENVIRONMENTAL HEALTH SCIENCES,H.R. 7148 div. B (BILLS-119hr7148enr),pass,
LHHS,2026,OBS-LHHS-1453,ACC-HHS-NIH-NIGMS,1842197000,3269679000,NATIONAL INSTITUTE OF GENERAL MEDICAL SCIENCES,H.R. 7148 div. B (BILLS-119hr7148enr),info,"the first amount is made available from the PHS evaluation set-aside (section 241), not appropriated budget authority (by design)"
LHHS,2026,OBS-LHHS-1470,ACC-HHS-NIH-NIMH,2189843000,2189843000,NATIONAL INSTITUTE OF MENTAL HEALTH,H.R. 7148 div. B (BILLS-119hr7148enr),pass,
LHHS,2026,OBS-LHHS-1487,ACC-HHS-NIH-NIMHD,538395000,538395000,NATIONAL INSTITUTE ON MINORITY HEALTH AND HEALTH DISPARITIES,H.R. 7148 div. B (BILLS-119hr7148enr),pass,
LHHS,2026,OBS-LHHS-1504,ACC-HHS-NIH-NINDS,2804925000,2804925000,NATIONAL INSTITUTE OF NEUROLOGICAL DISORDERS AND STROKE,H.R. 7148 div. B (BILLS-119hr7148enr),pass,
LHHS,2026,OBS-LHHS-1521,ACC-HHS-NIH-NINR,197693000,197693000,NATIONAL INSTITUTE OF NURSING RESEARCH,H.R. 7148 div. B (BILLS-119hr7148enr),pass,
LHHS,2026,OBS-LHHS-1538,ACC-HHS-NIH-NLM,497548000,497548000,NATIONAL LIBRARY OF MEDICINE,H.R. 7148 div. B (BILLS-119hr7148enr),pass,
LHHS,2026,OBS-LHHS-1555,ACC-HHS-NIH-OD,2475514000,2462914000,OFFICE OF THE DIRECTOR,H.R. 7148 div. B (BILLS-119hr7148enr),info,"the headline is the first amount plus $12,600,000 printed later in the same paragraph"
LHHS,2026,OBS-LHHS-1573,ACC-HHS-OS-COMMISSIONED-OFFICERS,947182000,,RETIREMENT PAY AND MEDICAL BENEFITS FOR COMMISSIONED OFFICERS,H.R. 7148 div. B (BILLS-119hr7148enr),info,no dollar amount in the heading's paragraph (such sums / amounts under sub-headings)
LHHS,2026,OBS-LHHS-1590,ACC-HHS-OS-GDM,625136000,509144000,GENERAL DEPARTMENTAL MANAGEMENT,H.R. 7148 div. B (BILLS-119hr7148enr),pass,"match (the sum of the heading's 3 paragraphs): $509,144,000 + $108,983,000 + $7,009,000 = 625,136,000 as recorded"
LHHS,2026,OBS-LHHS-1607,ACC-HHS-OS-OCR,39798000,39798000,OFFICE FOR CIVIL RIGHTS,H.R. 7148 div. B (BILLS-119hr7148enr),pass,
LHHS,2026,OBS-LHHS-1624,ACC-HHS-OS-OIG,87000000,87000000,OFFICE OF INSPECTOR GENERAL,H.R. 7148 div. B (BILLS-119hr7148enr),pass,
LHHS,2026,OBS-LHHS-1641,ACC-HHS-OS-OMHA,186155000,186155000,MEDICARE HEARINGS AND APPEALS,H.R. 7148 div. B (BILLS-119hr7148enr),pass,
LHHS,2026,OBS-LHHS-1652,ACC-HHS-OS-ONC,33375000,69238000,OFFICE OF THE NATIONAL COORDINATOR FOR HEALTH INFORMATION TECHNOLOGY,H.R. 7148 div. B (BILLS-119hr7148enr),info,"the first amount is made available from the PHS evaluation set-aside (section 241), not appropriated budget authority (by design)"
LHHS,2026,OBS-LHHS-1675,ACC-HHS-SAMHSA-MENTAL-HEALTH,2790407000,2790407000,MENTAL HEALTH,H.R. 7148 div. B (BILLS-119hr7148enr),pass,
LHHS,2026,OBS-LHHS-1692,ACC-HHS-SAMHSA-PREVENTION,240879000,240879000,SUBSTANCE ABUSE PREVENTION,H.R. 7148 div. B (BILLS-119hr7148enr),pass,
LHHS,2026,OBS-LHHS-1709,ACC-HHS-SAMHSA-PROGRAM-SUPPORT,117255000,171566000,HEALTH SURVEILLANCE AND PROGRAM SUPPORT,H.R. 7148 div. B (BILLS-119hr7148enr),info,"the first amount is made available from the PHS evaluation set-aside (section 241), not appropriated budget authority (by design)"
LHHS,2026,OBS-LHHS-1726,ACC-HHS-SAMHSA-TREATMENT,4091098000,4091098000,SUBSTANCE ABUSE TREATMENT,H.R. 7148 div. B (BILLS-119hr7148enr),pass,
CJS,2017,OBS-0157,ACC-NASA-AERONAUTICS,660000000,660000000,Aeronautics,H.R. 244 div. B (BILLS-115hr244enr),pass,
CJS,2017,OBS-0644,ACC-NASA-CONSTRUCTION,360700000,360700000,Construction and environmental compliance and restoration,H.R. 244 div. B (BILLS-115hr244enr),pass,
CJS,2017,OBS-0564,ACC-NASA-EXPLORATION,4324000000,4324000000,exploration,H.R. 244 div. B (BILLS-115hr244enr),pass,
CJS,2017,OBS-0317,ACC-NASA-OIG,37900000,37900000,Office of inspector general,H.R. 244 div. B (BILLS-115hr244enr),pass,
CJS,2017,OBS-0277,ACC-NASA-SAFETY-SECURITY,2768600000,2768600000,"Safety, security and mission services",H.R. 244 div. B (BILLS-115hr244enr),pass,
CJS,2017,OBS-0117,ACC-NASA-SCIENCE,5764900000,5764900000,Science,H.R. 244 div. B (BILLS-115hr244enr),pass,
CJS,2017,OBS-0517,ACC-NASA-SPACEOPS,4950700000,4950700000,Space operations,H.R. 244 div. B (BILLS-115hr244enr),pass,
CJS,2017,OBS-0197,ACC-NASA-SPACETECH,686500000,686500000,Space Technology,H.R. 244 div. B (BILLS-115hr244enr),pass,
CJS,2017,OBS-0237,ACC-NASA-STEM-ENGAGEMENT,100000000,100000000,Education,H.R. 244 div. B (BILLS-115hr244enr),pass,
CJS,2017,OBS-0077,ACC-NSC,0,,,H.R. 244 div. B (BILLS-115hr244enr),,no heading of that name under the account's agency in the division
CJS,2017,OBS-0397,ACC-NSF-AGENCY-OPS,330000000,330000000,Agency operations and award management,H.R. 244 div. B (BILLS-115hr244enr),pass,
CJS,2017,OBS-0840,ACC-NSF-MREFC,209000000,209000000,Major research equipment and facilities construction,H.R. 244 div. B (BILLS-115hr244enr),pass,
CJS,2017,OBS-0437,ACC-NSF-NSB,4370000,4370000,Office of the national science board,H.R. 244 div. B (BILLS-115hr244enr),pass,
CJS,2017,OBS-0477,ACC-NSF-OIG,15200000,15200000,Office of inspector general,H.R. 244 div. B (BILLS-115hr244enr),pass,
CJS,2017,OBS-0724,ACC-NSF-RRA,5966125000,6033645000,Research and Related Activities,H.R. 244 div. B (BILLS-115hr244enr),info,the law's first amount is the headline plus defense (OBS-0764)
CJS,2017,OBS-0357,ACC-NSF-STEM-EDUCATION,880000000,880000000,Education and human resources,H.R. 244 div. B (BILLS-115hr244enr),pass,
CJS,2017,OBS-0037,ACC-OSTP,5555000,5555000,Office of science and technology policy,H.R. 244 div. B (BILLS-115hr244enr),pass,
CJS,2018,OBS-0153,ACC-NASA-AERONAUTICS,685000000,685000000,Aeronautics,H.R. 1625 div. B (BILLS-115hr1625enr),pass,
CJS,2018,OBS-0640,ACC-NASA-CONSTRUCTION,562240000,562240000,Construction and environmental compliance and restoration,H.R. 1625 div. B (BILLS-115hr1625enr),pass,
CJS,2018,OBS-0560,ACC-NASA-EXPLORATION,4790000000,4790000000,exploration,H.R. 1625 div. B (BILLS-115hr1625enr),pass,
CJS,2018,OBS-0313,ACC-NASA-OIG,39000000,39000000,Office of inspector general,H.R. 1625 div. B (BILLS-115hr1625enr),pass,
CJS,2018,OBS-0273,ACC-NASA-SAFETY-SECURITY,2826900000,2826900000,"Safety, security and mission services",H.R. 1625 div. B (BILLS-115hr1625enr),pass,
CJS,2018,OBS-0113,ACC-NASA-SCIENCE,6221500000,6221500000,Science,H.R. 1625 div. B (BILLS-115hr1625enr),pass,
CJS,2018,OBS-0513,ACC-NASA-SPACEOPS,4751500000,4751500000,Space operations,H.R. 1625 div. B (BILLS-115hr1625enr),pass,
CJS,2018,OBS-0193,ACC-NASA-SPACETECH,760000000,760000000,Space Technology,H.R. 1625 div. B (BILLS-115hr1625enr),pass,
CJS,2018,OBS-0233,ACC-NASA-STEM-ENGAGEMENT,100000000,100000000,Education,H.R. 1625 div. B (BILLS-115hr1625enr),pass,
CJS,2018,OBS-0073,ACC-NSC,1965000,,National space council,H.R. 1625 div. B (BILLS-115hr1625enr),info,no dollar amount in the heading's paragraph (such sums / amounts under sub-headings)
CJS,2018,OBS-0393,ACC-NSF-AGENCY-OPS,328510000,328510000,Agency operations and award management,H.R. 1625 div. B (BILLS-115hr1625enr),pass,
CJS,2018,OBS-0836,ACC-NSF-MREFC,182800000,182800000,Major research equipment and facilities construction,H.R. 1625 div. B (BILLS-115hr1625enr),pass,
CJS,2018,OBS-0433,ACC-NSF-NSB,4370000,4370000,Office of the national science board,H.R. 1625 div. B (BILLS-115hr1625enr),pass,
CJS,2018,OBS-0473,ACC-NSF-OIG,15200000,15200000,Office of inspector general,H.R. 1625 div. B (BILLS-115hr1625enr),pass,
CJS,2018,OBS-0720,ACC-NSF-RRA,6263476000,6334476000,Research and Related Activities,H.R. 1625 div. B (BILLS-115hr1625enr),info,the law's first amount is the headline plus defense (OBS-0760)
CJS,2018,OBS-0353,ACC-NSF-STEM-EDUCATION,902000000,902000000,Education and human resources,H.R. 1625 div. B (BILLS-115hr1625enr),pass,
CJS,2018,OBS-0033,ACC-OSTP,5544000,5544000,Office of science and technology policy,H.R. 1625 div. B (BILLS-115hr1625enr),pass,
CJS,2019,OBS-0149,ACC-NASA-AERONAUTICS,725000000,725000000,Aeronautics,H.J.Res. 31 div. C (BILLS-116hjres31enr),pass,
CJS,2019,OBS-0636,ACC-NASA-CONSTRUCTION,348200000,348200000,Construction and environmental compliance and restoration,H.J.Res. 31 div. C (BILLS-116hjres31enr),pass,
CJS,2019,OBS-0556,ACC-NASA-EXPLORATION,5050800000,5050800000,exploration,H.J.Res. 31 div. C (BILLS-116hjres31enr),pass,
CJS,2019,OBS-0309,ACC-NASA-OIG,39300000,39300000,Office of inspector general,H.J.Res. 31 div. C (BILLS-116hjres31enr),pass,
CJS,2019,OBS-0269,ACC-NASA-SAFETY-SECURITY,2755000000,2755000000,"Safety, security and mission services",H.J.Res. 31 div. C (BILLS-116hjres31enr),pass,
CJS,2019,OBS-0109,ACC-NASA-SCIENCE,6905700000,6905700000,Science,H.J.Res. 31 div. C (BILLS-116hjres31enr),pass,
CJS,2019,OBS-0509,ACC-NASA-SPACEOPS,4639100000,4639100000,Space operations,H.J.Res. 31 div. C (BILLS-116hjres31enr),pass,
CJS,2019,OBS-0189,ACC-NASA-SPACETECH,926900000,926900000,Space Technology,H.J.Res. 31 div. C (BILLS-116hjres31enr),pass,
CJS,2019,OBS-0229,ACC-NASA-STEM-ENGAGEMENT,110000000,110000000,"Science, Technology, Engineering, and Mathematics Engagement",H.J.Res. 31 div. C (BILLS-116hjres31enr),pass,
CJS,2019,OBS-0069,ACC-NSC,1965000,,National space council,H.J.Res. 31 div. C (BILLS-116hjres31enr),info,no dollar amount in the heading's paragraph (such sums / amounts under sub-headings)
CJS,2019,OBS-0389,ACC-NSF-AGENCY-OPS,329540000,329540000,Agency operations and award management,H.J.Res. 31 div. C (BILLS-116hjres31enr),pass,
CJS,2019,OBS-0832,ACC-NSF-MREFC,295740000,295740000,Major research equipment and facilities construction,H.J.Res. 31 div. C (BILLS-116hjres31enr),pass,
CJS,2019,OBS-0429,ACC-NSF-NSB,4370000,4370000,Office of the national science board,H.J.Res. 31 div. C (BILLS-116hjres31enr),pass,
CJS,2019,OBS-0469,ACC-NSF-OIG,15350000,15350000,Office of inspector general,H.J.Res. 31 div. C (BILLS-116hjres31enr),pass,
CJS,2019,OBS-0716,ACC-NSF-RRA,6449000000,6520000000,Research and Related Activities,H.J.Res. 31 div. C (BILLS-116hjres31enr),info,the law's first amount is the headline plus defense (OBS-0756)
CJS,2019,OBS-0349,ACC-NSF-STEM-EDUCATION,910000000,910000000,Education and human resources,H.J.Res. 31 div. C (BILLS-116hjres31enr),pass,
CJS,2019,OBS-0029,ACC-OSTP,5544000,5544000,Office of science and technology policy,H.J.Res. 31 div. C (BILLS-116hjres31enr),pass,
CJS,2020,OBS-0145,ACC-NASA-AERONAUTICS,783900000,783900000,Aeronautics,H.R. 1158 div. B (BILLS-116hr1158enr),pass,
CJS,2020,OBS-0632,ACC-NASA-CONSTRUCTION,373400000,373400000,Construction and environmental compliance and restoration,H.R. 1158 div. B (BILLS-116hr1158enr),pass,
CJS,2020,OBS-0552,ACC-NASA-EXPLORATION,6017600000,6017600000,exploration,H.R. 1158 div. B (BILLS-116hr1158enr),pass,
CJS,2020,OBS-0305,ACC-NASA-OIG,41700000,41700000,Office of inspector general,H.R. 1158 div. B (BILLS-116hr1158enr),pass,
CJS,2020,OBS-0265,ACC-NASA-SAFETY-SECURITY,2913300000,2913300000,"Safety, security and mission services",H.R. 1158 div. B (BILLS-116hr1158enr),pass,
CJS,2020,OBS-0105,ACC-NASA-SCIENCE,7138900000,7138900000,Science,H.R. 1158 div. B (BILLS-116hr1158enr),pass,
CJS,2020,OBS-0505,ACC-NASA-SPACEOPS,4140200000,4140200000,Space operations,H.R. 1158 div. B (BILLS-116hr1158enr),pass,
CJS,2020,OBS-0185,ACC-NASA-SPACETECH,1100000000,1100000000,Space Technology,H.R. 1158 div. B (BILLS-116hr1158enr),pass,
CJS,2020,OBS-0225,ACC-NASA-STEM-ENGAGEMENT,120000000,120000000,"Science, Technology, Engineering, and Mathematics Engagement",H.R. 1158 div. B (BILLS-116hr1158enr),pass,
CJS,2020,OBS-0065,ACC-NSC,1965000,,National space council,H.R. 1158 div. B (BILLS-116hr1158enr),info,no dollar amount in the heading's paragraph (such sums / amounts under sub-headings)
CJS,2020,OBS-0385,ACC-NSF-AGENCY-OPS,336900000,336900000,Agency operations and award management,H.R. 1158 div. B (BILLS-116hr1158enr),pass,
CJS,2020,OBS-0828,ACC-NSF-MREFC,243230000,243230000,Major research equipment and facilities construction,H.R. 1158 div. B (BILLS-116hr1158enr),pass,
CJS,2020,OBS-0425,ACC-NSF-NSB,4500000,4500000,Office of the national science board,H.R. 1158 div. B (BILLS-116hr1158enr),pass,
CJS,2020,OBS-0465,ACC-NSF-OIG,16500000,16500000,Office of inspector general,H.R. 1158 div. B (BILLS-116hr1158enr),pass,
CJS,2020,OBS-0712,ACC-NSF-RRA,6666200000,6737200000,Research and Related Activities,H.R. 1158 div. B (BILLS-116hr1158enr),info,the law's first amount is the headline plus defense (OBS-0752)
CJS,2020,OBS-0345,ACC-NSF-STEM-EDUCATION,940000000,940000000,Education and human resources,H.R. 1158 div. B (BILLS-116hr1158enr),pass,
CJS,2020,OBS-0025,ACC-OSTP,5544000,5544000,Office of science and technology policy,H.R. 1158 div. B (BILLS-116hr1158enr),pass,
CJS,2021,OBS-0141,ACC-NASA-AERONAUTICS,828700000,828700000,AERONAUTICS,H.R. 133 div. B (BILLS-116hr133enr),pass,
CJS,2021,OBS-0628,ACC-NASA-CONSTRUCTION,390278000,390278000,CONSTRUCTION AND ENVIRONMENTAL COMPLIANCE AND RESTORATION,H.R. 133 div. B (BILLS-116hr133enr),pass,
CJS,2021,OBS-0548,ACC-NASA-EXPLORATION,6555400000,6555400000,EXPLORATION,H.R. 133 div. B (BILLS-116hr133enr),pass,
CJS,2021,OBS-0301,ACC-NASA-OIG,44200000,44200000,OFFICE OF INSPECTOR GENERAL,H.R. 133 div. B (BILLS-116hr133enr),pass,
CJS,2021,OBS-0261,ACC-NASA-SAFETY-SECURITY,2936500000,2936500000,"SAFETY, SECURITY AND MISSION SERVICES",H.R. 133 div. B (BILLS-116hr133enr),pass,
CJS,2021,OBS-0101,ACC-NASA-SCIENCE,7301000000,7301000000,SCIENCE,H.R. 133 div. B (BILLS-116hr133enr),pass,
CJS,2021,OBS-0501,ACC-NASA-SPACEOPS,3988200000,3988200000,SPACE OPERATIONS,H.R. 133 div. B (BILLS-116hr133enr),pass,
CJS,2021,OBS-0181,ACC-NASA-SPACETECH,1100000000,1100000000,SPACE TECHNOLOGY,H.R. 133 div. B (BILLS-116hr133enr),pass,
CJS,2021,OBS-0221,ACC-NASA-STEM-ENGAGEMENT,127000000,127000000,"SCIENCE, TECHNOLOGY, ENGINEERING, AND MATHEMATICS ENGAGEMENT",H.R. 133 div. B (BILLS-116hr133enr),pass,
CJS,2021,OBS-0061,ACC-NSC,1965000,1965000,National space council,H.R. 133 div. B (BILLS-116hr133enr),pass,
CJS,2021,OBS-0381,ACC-NSF-AGENCY-OPS,345640000,345640000,AGENCY OPERATIONS AND AWARD MANAGEMENT,H.R. 133 div. B (BILLS-116hr133enr),pass,
CJS,2021,OBS-0824,ACC-NSF-MREFC,241000000,241000000,MAJOR RESEARCH EQUIPMENT AND FACILITIES CONSTRUCTION,H.R. 133 div. B (BILLS-116hr133enr),pass,
CJS,2021,OBS-0421,ACC-NSF-NSB,4500000,4500000,OFFICE OF THE NATIONAL SCIENCE BOARD,H.R. 133 div. B (BILLS-116hr133enr),pass,
CJS,2021,OBS-0461,ACC-NSF-OIG,17850000,17850000,OFFICE OF INSPECTOR GENERAL,H.R. 133 div. B (BILLS-116hr133enr),pass,
CJS,2021,OBS-0708,ACC-NSF-RRA,6838769000,6909769000,RESEARCH AND RELATED ACTIVITIES,H.R. 133 div. B (BILLS-116hr133enr),info,the law's first amount is the headline plus defense (OBS-0748)
CJS,2021,OBS-0341,ACC-NSF-STEM-EDUCATION,968000000,968000000,EDUCATION AND HUMAN RESOURCES,H.R. 133 div. B (BILLS-116hr133enr),pass,
CJS,2021,OBS-0021,ACC-OSTP,5544000,5544000,Office of science and technology policy,H.R. 133 div. B (BILLS-116hr133enr),pass,
CJS,2022,OBS-0137,ACC-NASA-AERONAUTICS,880700000,880700000,AERONAUTICS,H.R. 2471 div. B (BILLS-117hr2471enr),pass,
CJS,2022,OBS-0624,ACC-NASA-CONSTRUCTION,410300000,410300000,CONSTRUCTION AND ENVIRONMENTAL COMPLIANCE AND RESTORATION,H.R. 2471 div. B (BILLS-117hr2471enr),pass,
CJS,2022,OBS-0544,ACC-NASA-EXPLORATION,6791700000,6791700000,EXPLORATION,H.R. 2471 div. B (BILLS-117hr2471enr),pass,
CJS,2022,OBS-0297,ACC-NASA-OIG,45300000,45300000,OFFICE OF INSPECTOR GENERAL,H.R. 2471 div. B (BILLS-117hr2471enr),pass,
CJS,2022,OBS-0257,ACC-NASA-SAFETY-SECURITY,3020600000,3020600000,"SAFETY, SECURITY AND MISSION SERVICES",H.R. 2471 div. B (BILLS-117hr2471enr),pass,
CJS,2022,OBS-0097,ACC-NASA-SCIENCE,7614400000,7614400000,SCIENCE,H.R. 2471 div. B (BILLS-117hr2471enr),pass,
CJS,2022,OBS-0497,ACC-NASA-SPACEOPS,4041300000,4041300000,SPACE OPERATIONS,H.R. 2471 div. B (BILLS-117hr2471enr),pass,
CJS,2022,OBS-0177,ACC-NASA-SPACETECH,1100000000,1100000000,SPACE TECHNOLOGY,H.R. 2471 div. B (BILLS-117hr2471enr),pass,
CJS,2022,OBS-0217,ACC-NASA-STEM-ENGAGEMENT,137000000,137000000,"SCIENCE, TECHNOLOGY, ENGINEERING, AND MATHEMATICS ENGAGEMENT",H.R. 2471 div. B (BILLS-117hr2471enr),pass,
CJS,2022,OBS-0057,ACC-NSC,1965000,1965000,national space council,H.R. 2471 div. B (BILLS-117hr2471enr),pass,
CJS,2022,OBS-0377,ACC-NSF-AGENCY-OPS,400000000,400000000,AGENCY OPERATIONS AND AWARD MANAGEMENT,H.R. 2471 div. B (BILLS-117hr2471enr),pass,
CJS,2022,OBS-0820,ACC-NSF-MREFC,249000000,249000000,MAJOR RESEARCH EQUIPMENT AND FACILITIES CONSTRUCTION,H.R. 2471 div. B (BILLS-117hr2471enr),pass,
CJS,2022,OBS-0417,ACC-NSF-NSB,4600000,4600000,OFFICE OF THE NATIONAL SCIENCE BOARD,H.R. 2471 div. B (BILLS-117hr2471enr),pass,
CJS,2022,OBS-0457,ACC-NSF-OIG,19000000,19000000,OFFICE OF INSPECTOR GENERAL,H.R. 2471 div. B (BILLS-117hr2471enr),pass,
CJS,2022,OBS-0704,ACC-NSF-RRA,7082400000,7159400000,RESEARCH AND RELATED ACTIVITIES,H.R. 2471 div. B (BILLS-117hr2471enr),info,the law's first amount is the headline plus defense (OBS-0744)
CJS,2022,OBS-0337,ACC-NSF-STEM-EDUCATION,1006000000,1006000000,EDUCATION AND HUMAN RESOURCES,H.R. 2471 div. B (BILLS-117hr2471enr),pass,
CJS,2022,OBS-0017,ACC-OSTP,6652000,6652000,office of science and technology policy,H.R. 2471 div. B (BILLS-117hr2471enr),pass,
CJS,2023,OBS-0133,ACC-NASA-AERONAUTICS,935000000,935000000,AERONAUTICS,H.R. 2617 div. B (BILLS-117hr2617enr),pass,
CJS,2023,OBS-0620,ACC-NASA-CONSTRUCTION,47300000,47300000,CONSTRUCTION AND ENVIRONMENTAL COMPLIANCE AND RESTORATION,H.R. 2617 div. B (BILLS-117hr2617enr),pass,
CJS,2023,OBS-0540,ACC-NASA-EXPLORATION,7468850000,7468850000,EXPLORATION,H.R. 2617 div. B (BILLS-117hr2617enr),pass,
CJS,2023,OBS-0293,ACC-NASA-OIG,47600000,47600000,OFFICE OF INSPECTOR GENERAL,H.R. 2617 div. B (BILLS-117hr2617enr),pass,
CJS,2023,OBS-0253,ACC-NASA-SAFETY-SECURITY,3129451000,3129451000,"SAFETY, SECURITY AND MISSION SERVICES",H.R. 2617 div. B (BILLS-117hr2617enr),pass,
CJS,2023,OBS-0093,ACC-NASA-SCIENCE,7795000000,7795000000,SCIENCE,H.R. 2617 div. B (BILLS-117hr2617enr),pass,
CJS,2023,OBS-0493,ACC-NASA-SPACEOPS,4250000000,4250000000,SPACE OPERATIONS,H.R. 2617 div. B (BILLS-117hr2617enr),pass,
CJS,2023,OBS-0173,ACC-NASA-SPACETECH,1200000000,1200000000,SPACE TECHNOLOGY,H.R. 2617 div. B (BILLS-117hr2617enr),pass,
CJS,2023,OBS-0213,ACC-NASA-STEM-ENGAGEMENT,143500000,143500000,"SCIENCE, TECHNOLOGY, ENGINEERING, AND MATHEMATICS ENGAGEMENT",H.R. 2617 div. B (BILLS-117hr2617enr),pass,
CJS,2023,OBS-0053,ACC-NSC,1965000,1965000,National space council,H.R. 2617 div. B (BILLS-117hr2617enr),pass,
CJS,2023,OBS-0373,ACC-NSF-AGENCY-OPS,448000000,448000000,AGENCY OPERATIONS AND AWARD MANAGEMENT,H.R. 2617 div. B (BILLS-117hr2617enr),pass,
CJS,2023,OBS-0816,ACC-NSF-MREFC,187230000,187230000,MAJOR RESEARCH EQUIPMENT AND FACILITIES CONSTRUCTION,H.R. 2617 div. B (BILLS-117hr2617enr),pass,
CJS,2023,OBS-0413,ACC-NSF-NSB,5090000,5090000,OFFICE OF THE NATIONAL SCIENCE BOARD,H.R. 2617 div. B (BILLS-117hr2617enr),pass,
CJS,2023,OBS-0453,ACC-NSF-OIG,23393000,23393000,OFFICE OF INSPECTOR GENERAL,H.R. 2617 div. B (BILLS-117hr2617enr),pass,
CJS,2023,OBS-0700,ACC-NSF-RRA,6931136000,7021136000,RESEARCH AND RELATED ACTIVITIES,H.R. 2617 div. B (BILLS-117hr2617enr),info,the law's first amount is the headline plus defense (OBS-0740)
CJS,2023,OBS-0333,ACC-NSF-STEM-EDUCATION,1154000000,1154000000,STEM EDUCATION,H.R. 2617 div. B (BILLS-117hr2617enr),pass,
CJS,2023,OBS-0013,ACC-OSTP,7965000,7965000,Office of science and technology policy,H.R. 2617 div. B (BILLS-117hr2617enr),pass,
CJS,2024,OBS-0129,ACC-NASA-AERONAUTICS,935000000,935000000,AERONAUTICS,H.R. 4366 div. C (BILLS-118hr4366enr),pass,
CJS,2024,OBS-0616,ACC-NASA-CONSTRUCTION,50000000,300000000,CONSTRUCTION AND ENVIRONMENTAL COMPLIANCE AND RESTORATION,H.R. 4366 div. C (BILLS-118hr4366enr),info,the law's first amount is the headline plus supplemental (OBS-0656)
CJS,2024,OBS-0536,ACC-NASA-EXPLORATION,7216200000,7666200000,EXPLORATION,H.R. 4366 div. C (BILLS-118hr4366enr),info,the law's first amount is the headline plus supplemental (OBS-0576)
CJS,2024,OBS-0289,ACC-NASA-OIG,47600000,47600000,OFFICE OF INSPECTOR GENERAL,H.R. 4366 div. C (BILLS-118hr4366enr),pass,
CJS,2024,OBS-0249,ACC-NASA-SAFETY-SECURITY,3129000000,3129000000,"SAFETY, SECURITY AND MISSION SERVICES",H.R. 4366 div. C (BILLS-118hr4366enr),pass,
CJS,2024,OBS-0089,ACC-NASA-SCIENCE,7334200000,7334200000,SCIENCE,H.R. 4366 div. C (BILLS-118hr4366enr),pass,
CJS,2024,OBS-0489,ACC-NASA-SPACEOPS,4220000000,4220000000,SPACE OPERATIONS,H.R. 4366 div. C (BILLS-118hr4366enr),pass,
CJS,2024,OBS-0169,ACC-NASA-SPACETECH,1100000000,1100000000,SPACE TECHNOLOGY,H.R. 4366 div. C (BILLS-118hr4366enr),pass,
CJS,2024,OBS-0209,ACC-NASA-STEM-ENGAGEMENT,143000000,143000000,"SCIENCE, TECHNOLOGY, ENGINEERING, AND MATHEMATICS ENGAGEMENT",H.R. 4366 div. C (BILLS-118hr4366enr),pass,
CJS,2024,OBS-0049,ACC-NSC,1965000,1965000,National space council,H.R. 4366 div. C (BILLS-118hr4366enr),pass,
CJS,2024,OBS-0369,ACC-NSF-AGENCY-OPS,448000000,448000000,AGENCY OPERATIONS AND AWARD MANAGEMENT,H.R. 4366 div. C (BILLS-118hr4366enr),pass,
CJS,2024,OBS-0812,ACC-NSF-MREFC,0,234000000,MAJOR RESEARCH EQUIPMENT AND FACILITIES CONSTRUCTION,H.R. 4366 div. C (BILLS-118hr4366enr),info,the law's first amount is this account's supplemental line (OBS-0852)
CJS,2024,OBS-0409,ACC-NSF-NSB,5090000,5090000,OFFICE OF THE NATIONAL SCIENCE BOARD,H.R. 4366 div. C (BILLS-118hr4366enr),pass,
CJS,2024,OBS-0449,ACC-NSF-OIG,24410000,24410000,OFFICE OF INSPECTOR GENERAL,H.R. 4366 div. C (BILLS-118hr4366enr),pass,
CJS,2024,OBS-0696,ACC-NSF-RRA,7067190000,7176500000,RESEARCH AND RELATED ACTIVITIES,H.R. 4366 div. C (BILLS-118hr4366enr),info,the law's first amount is the headline plus defense (OBS-0736)
CJS,2024,OBS-0329,ACC-NSF-STEM-EDUCATION,1172000000,1172000000,STEM EDUCATION,H.R. 4366 div. C (BILLS-118hr4366enr),pass,
CJS,2024,OBS-0009,ACC-OSTP,7965000,7965000,Office of science and technology policy,H.R. 4366 div. C (BILLS-118hr4366enr),pass,
CJS,2025,,,,,,,,H.R. 1968 is a full-year CR: no amounts by heading
CJS,2026,OBS-0121,ACC-NASA-AERONAUTICS,935000000,935000000,AERONAUTICS,H.R. 6938 div. A (BILLS-119hr6938enr),pass,
CJS,2026,OBS-0608,ACC-NASA-CONSTRUCTION,185336000,185336000,CONSTRUCTION AND ENVIRONMENTAL COMPLIANCE AND RESTORATION,H.R. 6938 div. A (BILLS-119hr6938enr),pass,
CJS,2026,OBS-0528,ACC-NASA-EXPLORATION,7783000000,7783000000,EXPLORATION,H.R. 6938 div. A (BILLS-119hr6938enr),pass,
CJS,2026,OBS-0281,ACC-NASA-OIG,46500000,46500000,OFFICE OF INSPECTOR GENERAL,H.R. 6938 div. A (BILLS-119hr6938enr),pass,
CJS,2026,OBS-0241,ACC-NASA-SAFETY-SECURITY,3000000000,3000000000,"SAFETY, SECURITY AND MISSION SERVICES",H.R. 6938 div. A (BILLS-119hr6938enr),pass,
CJS,2026,OBS-0081,ACC-NASA-SCIENCE,7250000000,7250000000,SCIENCE,H.R. 6938 div. A (BILLS-119hr6938enr),pass,
CJS,2026,OBS-0481,ACC-NASA-SPACEOPS,4175000000,4175000000,SPACE OPERATIONS,H.R. 6938 div. A (BILLS-119hr6938enr),pass,
CJS,2026,OBS-0161,ACC-NASA-SPACETECH,920500000,920500000,SPACE TECHNOLOGY,H.R. 6938 div. A (BILLS-119hr6938enr),pass,
CJS,2026,OBS-0201,ACC-NASA-STEM-ENGAGEMENT,143000000,143000000,"SCIENCE, TECHNOLOGY, ENGINEERING, AND MATHEMATICS ENGAGEMENT",H.R. 6938 div. A (BILLS-119hr6938enr),pass,
CJS,2026,OBS-0041,ACC-NSC,0,,,H.R. 6938 div. A (BILLS-119hr6938enr),,no heading of that name under the account's agency in the division
CJS,2026,OBS-0361,ACC-NSF-AGENCY-OPS,355000000,355000000,AGENCY OPERATIONS AND AWARD MANAGEMENT,H.R. 6938 div. A (BILLS-119hr6938enr),pass,
CJS,2026,OBS-0804,ACC-NSF-MREFC,251000000,251000000,MAJOR RESEARCH EQUIPMENT AND FACILITIES CONSTRUCTION,H.R. 6938 div. A (BILLS-119hr6938enr),pass,
CJS,2026,OBS-0401,ACC-NSF-NSB,5090000,5090000,OFFICE OF THE NATIONAL SCIENCE BOARD,H.R. 6938 div. A (BILLS-119hr6938enr),pass,
CJS,2026,OBS-0441,ACC-NSF-OIG,24160000,24160000,OFFICE OF INSPECTOR GENERAL,H.R. 6938 div. A (BILLS-119hr6938enr),pass,
CJS,2026,OBS-0688,ACC-NSF-RRA,7057700000,7176500000,RESEARCH AND RELATED ACTIVITIES,H.R. 6938 div. A (BILLS-119hr6938enr),info,the law's first amount is the headline plus defense (OBS-0728)
CJS,2026,OBS-0321,ACC-NSF-STEM-EDUCATION,938250000,938250000,STEM EDUCATION,H.R. 6938 div. A (BILLS-119hr6938enr),pass,
CJS,2026,OBS-0001,ACC-OSTP,7965000,7965000,Office of science and technology policy,H.R. 6938 div. A (BILLS-119hr6938enr),pass,
