canonical_account_id,canonical_name,agency,candidate_title,basis,titles_seen,evidence
ACC-NOAA-ORF,"Operations, Research, and Facilities",Department of Commerce,Title I,own line,Title I; Title V,"OBS-0978 budget authority: 'Title I, Operations, research, and facilities' | OBS-0979 transfer: 'Title I, Transfer from Promote & Dev Fisheries' | OBS-0980 rescission: 'Title V, Sec. 521(a)(1)'"
ACC-NOAA-PDF,Promote and Develop Fishery Products and Research,Department of Commerce,Title I,transfer or rescission only,Title I,"OBS-0981 transfer: 'Title I, Transfer to NOAA ORF'"
ACC-USPTO-SE,Salaries and Expenses,Department of Commerce,Title I,own line,Title I,"OBS-0971 budget authority: 'Title I, Spending' | OBS-0972 offsetting_collection: 'Title I, Fee Collections (-) Estimated' | OBS-0973 transfer: 'Title I, Transfer to OIG'"
ACC-DOJ-AFF,Assets Forfeiture Fund,Department of Justice,Title II,own line,Title II,OBS-0968 budget authority: 'Title II'
ACC-DOJ-ANTITRUST-SE,"Salaries and Expenses, Antitrust Division",Department of Justice,Title II,own line,Title II,"OBS-0974 budget authority: 'Title II, Salaries and Expenses' | OBS-0975 offsetting_collection: 'Title II, Hart-Scott-Rodino fee collections'"
ACC-DOJ-CVF,Crime Victims Fund,Department of Justice,,ambiguous,Title II; Title V; Title VII,"OBS-0964 transfer: 'Title II, Transfer to OVW' | OBS-0965 transfer: 'Title V, Transfer to OIG' | OBS-0966 rescission: 'Title VII, FY27 CHIMP' | OBS-0967 rescission: 'Title VII, FY27 CHIMP Pop-Up'"
ACC-DOJ-OIG,Office of Inspector General,Department of Justice,Title V,transfer or rescission only,Title V,"OBS-0985 transfer: 'Title V, Transfer from CVF'"
ACC-DOJ-OJP-RESC,Office of Justice Programs Rescission,Department of Justice,Title V,transfer or rescission only,Title V,"OBS-0982 rescission: 'Title V, Sec. 521(b)(2)' | OBS-0983 budget authority: 'Title V, Sec. 521(b)(2) companion line'"
ACC-DOJ-USTSF,United States Trustee System Fund,Department of Justice,Title II,own line,Title II,"OBS-0976 budget authority: 'Title II, US Trustee System' | OBS-0977 offsetting_collection: 'Title II, USTSF Fee Collections'"
ACC-DOJ-VAWA,Violence Against Women Prevention and Prosecution Programs,Department of Justice,Title II,transfer or rescission only,Title II,"OBS-0984 transfer: 'Title II, Transfer from CVF'"
ACC-DOJ-WCF,Working Capital Fund,Department of Justice,Title V,transfer or rescission only,Title V,"OBS-0969 rescission: 'Title V, Sec. 521(c)(1)' | OBS-0970 budget authority: 'Title V, Sec. 521(c)(1) companion line'"
