observation_id,source_document_id,source_page,account,fiscal_year,stage,figure_thousands,status,pages,line
OBS-0520,SRC-CRPT-114HRPT605,114-115,Space Operations,2017,President's Budget,"5,075,800",not_found,,
OBS-0116,SRC-CRPT-115HRPT231,120-121,Science,2018,President's Budget,"5,711,800",not_found,,
OBS-0117,SRC-CRPT-115HRPT231,120-121,Science,2017,Enacted,"5,764,900",not_found,,
OBS-0236,SRC-CRPT-115HRPT231,120-121,"Science, Technology, Engineering, and Mathematics Engagement",2018,President's Budget,"37,300",not_found,,
OBS-0476,SRC-CRPT-115HRPT231,120-121,Office of Inspector General,2018,President's Budget,"15,008",confirmed,121,"Office of Inspector General.........0 0.0... 0 ccc eee eee 15,200 15,008 15,200 --- +192"
OBS-0643,SRC-CRPT-115HRPT231,120-121,Construction and Environmental Compliance and Restoration,2018,President's Budget,"496,100",confirmed,121,"FOSTOTATION. Cee eee ete ett ees 360,700,496,100,486,100 +125,400 -10,000"
OBS-0112,SRC-CRPT-115HRPT704,128-129,Science,2019,President's Budget,"5,895,000",confirmed,128,"SCIENCE... ee eee eee 6,221,500 §,895,000 6,680,600 +459,100 +785,600"
OBS-0233,SRC-CRPT-115HRPT704,128-129,"Science, Technology, Engineering, and Mathematics Engagement",2018,Enacted,"100,000",not_found,,
OBS-0067,SRC-CRPT-116HRPT101,148-149,National Space Council,2020,House Reported,"1,870",confirmed,148,"National Space Council.......... 0... 0c ccc een 1,965 1,870 1,870 -95 ---"
OBS-0068,SRC-CRPT-116HRPT101,148-149,National Space Council,2020,President's Budget,"1,870",confirmed,148,"National Space Council.......... 0... 0c ccc een 1,965 1,870 1,870 -95 ---"
OBS-0069,SRC-CRPT-116HRPT101,148-149,National Space Council,2019,Enacted,"1,965",confirmed,148,"National Space Council.......... 0... 0c ccc een 1,965 1,870 1,870 -95 ---"
OBS-0107,SRC-CRPT-116HRPT101,148-149,Science,2020,House Reported,"7,161,300",confirmed,148,"SCIENCE. eee ee eee eee een ene 6,905,700 6,303,700 7,161,300 +255,600 +857,600"
OBS-0269,SRC-CRPT-116HRPT101,148-149,"Safety, Security and Mission Services",2019,Enacted,"2,755,000",confirmed_arithmetic,149,"Safety, Security and Mission Services..............005 2,755,900 3,084,600 3,084,600 +329,600 ose"
OBS-0389,SRC-CRPT-116HRPT101,148-149,Agency Operations and Award Management,2019,Enacted,"329,540",confirmed,149,"Agency Operations and Award Management................ 329,540,336,896,336,896 +7,350 ---"
OBS-0428,SRC-CRPT-116HRPT101,148-149,Office of the National Science Board,2020,President's Budget,"4,100",confirmed,149,"Office of the National Science Board.................. 4,370 4,100 4,370 a +270"
OBS-0554,SRC-CRPT-116HRPT101,148-149,Exploration,2020,House Reported,"5,129,900",confirmed,148,"Exploration... cc ct eee eee ene 5,050,800 woe 5,129,900 +79,100 +5,129,906"
OBS-0023,SRC-CRPT-116HRPT455,187-188,Office of Science and Technology Policy,2021,House Reported,"5,544",confirmed,187,"Office of Science and Technology Policy............... § 544 5,000 5,544 --- +544"
OBS-0025,SRC-CRPT-116HRPT455,187-188,Office of Science and Technology Policy,2020,Enacted,"5,544",confirmed_arithmetic,187,"Office of Science and Technology Policy............... § 544 5,000 5,544 --- +544"
OBS-0103,SRC-CRPT-116HRPT455,187-188,Science,2021,House Reported,"7,097,500",confirmed,187,"SCIENCE. 2c ee ee ete ee eee eee ee eae 7,138,900 6,306,500 7,097,500 ~41,400 +791 , G00"
OBS-0017,SRC-CRPT-117HRPT395,219-220,Office of Science and Technology Policy,2022,Enacted,"6,652",confirmed,219,"Office of Science and Technology Policy............0,5. 6,652 7,965 7,965 +4,343 “+"
OBS-0255,SRC-CRPT-117HRPT395,219-220,"Safety, Security and Mission Services",2023,House Reported,"3,138,700",confirmed,219,"Safety, Security and Mission Services..............4.. 3,020,600 3,208,700 3,138,700 +118,100 -70,000"
OBS-0256,SRC-CRPT-117HRPT395,219-220,"Safety, Security and Mission Services",2023,President's Budget,"3,208,700",confirmed,219,"Safety, Security and Mission Services..............4.. 3,020,600 3,208,700 3,138,700 +118,100 -70,000"
OBS-0337,SRC-CRPT-117HRPT395,219-220,STEM Education,2022,Enacted,"1,006,000",not_found,,
OBS-0542,SRC-CRPT-117HRPT395,219-220,Exploration,2023,House Reported,"7,323,700",confirmed,219,"Deep Space Exploration Systems... 00... ees 6,791,700 7,478,283 7,323,700 +532,000 ~154,583"
OBS-LHHS-0514,SRC-CRPT-117HRPT403,802,Primary Health Care,2023,House Reported,"1,946,772",confirmed,802,"Total, Primary Health Care.................... 1,748,772 1,839,022 1,946,772 +198,000 +107,750"
OBS-LHHS-0515,SRC-CRPT-117HRPT403,802,Primary Health Care,2023,President's Budget,"1,839,022",confirmed,802,"Total, Primary Health Care.................... 1,748,772 1,839,022 1,946,772 +198,000 +107,750"
OBS-LHHS-0884,SRC-CRPT-117HRPT403,812,Injury Prevention and Control,2023,House Reported,"897,779",not_found,,
OBS-LHHS-1188,SRC-CRPT-117HRPT403,815,National Center for Complementary and Integrative Health,2023,President's Budget,"183,368",confirmed,815,"Health (NCCIH)........ 0.00.00. cee ce nee 159,365,183,368,164,395 +5,030 -18,973"
OBS-LHHS-1360,SRC-CRPT-117HRPT403,815,National Institute on Drug Abuse,2023,President's Budget,"1,843,326",confirmed,815,"National Institute on Drugs and Addiction (NIDA)...... 1,595,474 1,843,326 1,712,832 +117,358 ~130,494"
OBS-LHHS-1377,SRC-CRPT-117HRPT403,815,National Institute on Deafness and Other Communication Disorders,2023,President's Budget,"508,704",confirmed,815,"Disorders (NIDCD)......... 20.0... eee 514,885,508,704,531,136 +16 251 +22,432"
OBS-LHHS-1460,SRC-CRPT-117HRPT403,815,National Institute of Mental Health,2023,House Reported,"2,203,775",confirmed,815,"National Institute of Mental Health (NIMH)............ 2,140,976 1,985,828 2,203,775 +62,799 +217 947"
OBS-LHHS-1478,SRC-CRPT-117HRPT403,815,National Institute on Minority Health and Health Disparities,2023,President's Budget,"659,817",confirmed,815,"Disparities (NIMHD)............ 0.0.0... 0. cece eee 459,056,659,817,505,292 +46 236 -154,525"
OBS-0129,SRC-CRPT-118HRPT582,247-248,Aeronautics,2024,Enacted,"935,000",confirmed,247,"AGrOnautiCS. .. 0. ee eee eens 935,000,965,800,965,800 +30,800 we"
OBS-0169,SRC-CRPT-118HRPT582,247-248,Space Technology,2024,Enacted,"1,100,000",confirmed,247,"Space Technology... ee ee eee tenes 1,100,000 1,181,800 1,181,800 +81,800 wes"
OBS-0408,SRC-CRPT-118HRPT582,247-248,Office of the National Science Board,2025,President's Budget,"5,220",confirmed,248,"Office of the National Science Board.................. 5,090 §,220 4,600 -490 -620"
OBS-0409,SRC-CRPT-118HRPT582,247-248,Office of the National Science Board,2024,Enacted,"5,090",confirmed,248,"Office of the National Science Board.................. 5,090 §,220 4,600 -490 -620"
OBS-0448,SRC-CRPT-118HRPT582,247-248,Office of Inspector General,2025,President's Budget,"28,460",confirmed,248,"Office of Inspector General. .......,. 6. cee eee ee 24,410 28,460 24,410 --- -4,050"
OBS-0771,SRC-CRPT-118HRPT582,247-248,Research and Related Activities,2025,President's Budget,"420,000",not_found,,
OBS-LHHS-1088,SRC-CRPT-118HRPT585,312,Rural Health,2025,House Reported,"400,907",confirmed_arithmetic,312,"Subtotal, Rural Health. ..... ccc eee cee eee ee eee 364,607,352,407,400,307 +36,300 +48,500"
OBS-LHHS-0874,SRC-CRPT-118HRPT585,314,Immunization and Respiratory Diseases,2025,House Reported,"237,358",wrong_column,314,"Immunization and Respiratory Diseases..........0 eens 237,358 499 944,237,358 --- ~262,583"
OBS-LHHS-0132,SRC-CRPT-118HRPT585,316,Centers for Disease Control and Prevention (agency total),2025,House Reported,"6,259,858",confirmed,316,"PrEVENE ION. cree cence en cee teeter tence eee eaee 7,992,946 8,452,490 6,259,858 -1,733,088 -2,192,632"
OBS-LHHS-0326,SRC-CRPT-118HRPT585,317,National Cancer Institute,2025,House Reported,"7,875,289",confirmed,317,"National Cancer Institute (NCI)... 0. cee eee eee 7,224,159 7,839,141 7,875,289 +651,130 +36 148"
OBS-LHHS-0005,SRC-CRPT-118HRPT585,328,Head Start,2025,House Reported,"12,296,820",confirmed,328,"Head Start... ccc cece ee teen eee eee cent nneenae 12,271,820 12,640,519 12,296,820 +25,000 -243,699"
OBS-LHHS-0392,SRC-CRPT-118HRPT585,338,Office of the Secretary (agency total),2025,House Reported,"1,753,995",confirmed_arithmetic,338,"Total, Office of the Secretary, program level... 1,895,682 2,124,903 1,753,985 ~141,687 ~370,908"
OBS-LHHS-0437,SRC-CRPT-118HRPT585,339,"Title II, Department of Health and Human Services (title total)",2025,House Reported,"1,293,225,058",confirmed,339,"SErviCeS.. ccc cece cece eens reeset eens eeeeaee 1,265,242,768 1,307,1392,770 1,293,225,058 +27,982,290 -13,907,712"
OBS-LHHS-0086,SRC-CRPT-119HRPT271,334,Administration for a Healthy America (agency total),2026,President's Budget,"574,803",confirmed,334,"Total, Administration for a Healthy America...... “ee 574,803 eee o-- ~574,803"
OBS-LHHS-0087,SRC-CRPT-119HRPT271,334,Administration for a Healthy America (agency total),2026,President's Budget,"579,688",confirmed,334,"program T@VET. occ eee eee wee 579,688 noe zoe -579,688"
OBS-LHHS-1059,SRC-CRPT-119HRPT271,337,Maternal and Child Health,2026,President's Budget,"896,846",confirmed,337,"Subtotal, Maternal and Child Health...,......... 1,170,430,896,846,985,481 -184,949 +88,635"
OBS-LHHS-1025,SRC-CRPT-119HRPT271,338,Health Systems,2026,President's Budget,"110,887",confirmed,338,"Subtotal, Health Systems... .... ce cece eee nee 422,009,110,887,422,887 +878 +#12,000"
OBS-LHHS-1093,SRC-CRPT-119HRPT271,339,Rural Health,2026,President's Budget,"283,830",confirmed,339,"Subtotal, Rural Health... .. cece eee eee 364,607,283,830,515,407 +150,800 +231,577"
OBS-LHHS-0317,SRC-CRPT-119HRPT271,340,Vaccine Injury Compensation Program Trust Fund,2026,House Reported,"287,262",confirmed,340,"Total, Vaccine Injury Compensation Trust Fund... 281,927,287,262,287,262 +§,335 “++"
OBS-LHHS-0318,SRC-CRPT-119HRPT271,340,Vaccine Injury Compensation Program Trust Fund,2026,President's Budget,"287,262",confirmed,340,"Total, Vaccine Injury Compensation Trust Fund... 281,927,287,262,287,262 +§,335 “++"
OBS-LHHS-0477,SRC-CRPT-119HRPT271,340,Health Resources and Services Administration (agency total),2025,Enacted,"8,286,229",confirmed,340,"Administration. 0.0... cece eee ete eens 8,286,229 6,371,802 7,405,460 -880,769 +1,033,658"
OBS-LHHS-0810,SRC-CRPT-119HRPT271,340,Emerging and Zoonotic Infectious Diseases,2026,House Reported,"777,372",confirmed,340,"Emerging and Zoonotic Infectious Diseases (EZID)...... 708,272,870,486,777,372 +69,100 -93,114"
OBS-LHHS-0738,SRC-CRPT-119HRPT271,341,"Birth Defects, Developmental Disabilities, Disabilities and Health",2025,Enacted,"206,060",confirmed,341,"Disabilities and Health... 0... ccs cece eee ees 206,060,157,810,208,560 +2,500 +50,750"
OBS-LHHS-0743,SRC-CRPT-119HRPT271,341,"Birth Defects, Developmental Disabilities, Disabilities and Health",2026,House Reported,"208,560",confirmed,341,"Disabilities and Health... 0... ccs cece eee ees 206,060,157,810,208,560 +2,500 +50,750"
OBS-LHHS-0896,SRC-CRPT-119HRPT271,341,Injury Prevention and Control,2026,President's Budget,"550,079",not_found,,
OBS-LHHS-0942,SRC-CRPT-119HRPT271,342,CDC-Wide Activities and Program Support,2026,House Reported,"523,570",confirmed,342,"Subtotal, CDC-Wide Activities... cece eee eee 503,570,398,570,523,570 +20,000 +125,000"
OBS-LHHS-0331,SRC-CRPT-119HRPT271,343,National Cancer Institute,2026,President's Budget,"4,530,833",confirmed,343,"National Cancer Institute (NCI)... . 0... cece es 7,224,159 4,530,833 7,272,159 +48,000 +2,741,326"
OBS-LHHS-1302,SRC-CRPT-119HRPT271,343,National Institute of Allergy and Infectious Diseases,2026,House Reported,"6,582,279",confirmed,343,"(NTAID) 0c ccc ec eee ee eee ee tenet betes 6,562,279 4,174,965 6,582,279 +20,000 +2,407,314"
OBS-LHHS-1398,SRC-CRPT-119HRPT271,343,National Institute of Dental and Craniofacial Research,2025,Enacted,"520,163",confirmed,343,"(NIDCR) occ te ee ee eee §20,163 nae 525,163 +5,000 +525,163"
OBS-LHHS-1449,SRC-CRPT-119HRPT271,343,National Institute of General Medical Sciences,2025,Enacted,"1,832,197",confirmed_arithmetic,343,"National Institute of General Medical Sciences (NIGMS) 4,832,197 3,427,297 1,900,677 +68,480 -1,526,620"
OBS-LHHS-1131,SRC-CRPT-119HRPT271,344,National Institute of Behavioral Health,2026,President's Budget,"2,687,238",confirmed,344,"National Institute of Behavioral Health............4.. “++ 2,687,238 nae +++ -2,687,238"
OBS-LHHS-1121,SRC-CRPT-119HRPT271,345,Advanced Research Projects Agency for Health,2025,Enacted,"1,500,000",not_found,,
OBS-LHHS-1534,SRC-CRPT-119HRPT271,345,National Library of Medicine,2025,Enacted,"497,548",confirmed,345,"National Library of Medicine (NLM)........ ccc cece eeeee 497,548 =-- 497,548 --- +497,548"
OBS-LHHS-1539,SRC-CRPT-119HRPT271,345,National Library of Medicine,2026,House Reported,"497,548",confirmed,345,"National Library of Medicine (NLM)........ ccc cece eeeee 497,548 =-- 497,548 --- +497,548"
OBS-LHHS-1677,SRC-CRPT-119HRPT271,346,Mental Health,2026,President's Budget,"1,463,331",confirmed_arithmetic,346,"Subtotal, Mental Health... ... ccc ee ee cee eae 2,775,507 4,463,331 2,667,521 -107,986 +1,204,190"
OBS-LHHS-1693,SRC-CRPT-119HRPT271,348,Substance Abuse Prevention,2026,House Reported,"205,009",not_found,,
OBS-LHHS-0468,SRC-CRPT-119HRPT271,350,Grants to States for Medicaid,2025,Enacted,"-245,580,414",not_found,,
OBS-LHHS-0221,SRC-CRPT-119HRPT271,351,Centers for Medicare & Medicaid Services (agency total),2026,House Reported,"1,422,895,907",confirmed,351,"Total, Centers for Medicare & Medicaid Services.. 1,171,040,963 4,422,885,907 1,422,895,907 +251,854,944 +10,000"
OBS-LHHS-0222,SRC-CRPT-119HRPT271,351,Centers for Medicare & Medicaid Services (agency total),2026,President's Budget,"1,422,885,907",confirmed_arithmetic,351,"Total, Centers for Medicare & Medicaid Services.. 1,171,040,963 4,422,885,907 1,422,895,907 +251,854,944 +10,000"
OBS-LHHS-0626,SRC-CRPT-119HRPT271,353,Payments to States for Child Support Enforcement and Family Support Programs,2025,Enacted,"5,524,000",confirmed,353,"Support Payments, appropriated in this bill... 5,524,000 5,947,000 § ,947,000 +423,000 +--"
OBS-LHHS-0053,SRC-CRPT-119HRPT271,356,Administration for Children and Families (agency total),2026,President's Budget,"26,759,350",confirmed,356,"Discretionary... ccc cece eee eee tet eens (33,960,205) (26,759,350) (31,616,744) (-2,343,461) (+4,857,394)"
OBS-LHHS-0457,SRC-CRPT-119HRPT271,356,Administration for Children and Families (agency total),2025,Enacted,"51,897,205",confirmed,356,"Total, Administration for Children and Families. §1,897,205 45,469,350 50,326,744 -1,570,461 +4,857,394"
OBS-LHHS-0370,SRC-CRPT-119HRPT271,366,"NIH Innovation Account, CURES Act",2026,House Reported,"226,000",not_found,,
OBS-LHHS-0374,SRC-CRPT-119HRPT271,366,"NIH Innovation Account, CURES Act",2026,President's Budget,"226,000",not_found,,
OBS-LHHS-0446,SRC-CRPT-119HRPT271,366,"Title II, Department of Health and Human Services (title total)",2026,House Reported,"108,066,863",confirmed,366,"Services discretionary. .... 0.060. cece eee eee 114,965,801 83,067,660,108,066,863 -6,898,938 +24,9899,203"
OBS-0285,SRC-CRPT-119HRPT272,256-257,Office of Inspector General,2025,Enacted,"47,600",confirmed,257,"Office of Inspector General... cece eects 47,600 40,700 -6,900"
OBS-0405,SRC-CRPT-119HRPT272,256-257,Office of the National Science Board,2025,Enacted,"5,090",confirmed,257,"Office of the National Science Board...........002 eae 5,090 3,000 -2,090"
OBS-LHHS-1027,SRC-CRPT-119HRPT696,369,Health Systems,2027,House Reported,"126,887",confirmed,369,"Subtotal, Health Systems.... cece cece eee eet 127,009,115,887,126,887 -122 +11,000"
OBS-LHHS-1078,SRC-CRPT-119HRPT696,371,HRSA-Wide Activities and Program Support,2027,House Reported,"648,432",not_found,,
OBS-LHHS-0864,SRC-CRPT-119HRPT696,372,"HIV/AIDS, Viral Hepatitis, Sexually Transmitted Diseases, and Tuberculosis Prevention",2027,House Reported,"566,000",confirmed,372,"Diseases, and Tuberculosis Prevention.........0..005 41,384,056,520,000,566,000 ~818,056 +46,000"
OBS-LHHS-0146,SRC-CRPT-119HRPT696,373,Centers for Disease Control and Prevention (agency total),2027,House Reported,"6,723,092",confirmed,373,"Prevention... ceca eee ee treet e eter enee 7,761,672 6,140,461 6,723,092 ~1,038,580 +582,631"
OBS-LHHS-0148,SRC-CRPT-119HRPT696,373,Centers for Disease Control and Prevention (agency total),2027,President's Budget,"6,140,461",confirmed,373,"Prevention... ceca eee ee treet e eter enee 7,761,672 6,140,461 6,723,092 ~1,038,580 +582,631"
OBS-LHHS-1340,SRC-CRPT-119HRPT696,375,National Institute of Biomedical Imaging and Bioengineering,2027,President's Budget,"408,391",confirmed,375,"Bioengineering (NIBIB)..... cc cee ce ee etree eee ueee 440,627,408,391,440,627 ~- 432,236"
OBS-LHHS-1487,SRC-CRPT-119HRPT696,375,National Institute on Minority Health and Health Disparities,2026,Enacted,"538,395",confirmed,375,"Disparities (NIMHD). 0... ccc ccc eee ete enn ee §38,395 w+- 546,895 +8,500 +546,895"
OBS-LHHS-1709,SRC-CRPT-119HRPT696,378,Health Surveillance and Program Support,2026,Enacted,"117,255",confirmed,378,"Health Surveillance and Program Support..........0000- 117,255 35,395,417,255 --- +81,860"
OBS-LHHS-1713,SRC-CRPT-119HRPT696,378,Health Surveillance and Program Support,2027,House Reported,"117,255",wrong_column,378,"Health Surveillance and Program Support..........0000- 117,255 35,395,417,255 --- +81,860"
OBS-LHHS-0224,SRC-CRPT-119HRPT696,382,Centers for Medicare & Medicaid Services (agency total),2027,House Reported,"1,481,377,040",confirmed,382,"Total, Centers for Medicare & Medicaid Services... 1,423,091,260 4,481,414,789 1,481,377,040 +58,285,780 -37,749"
OBS-LHHS-0617,SRC-CRPT-119HRPT696,386,Children and Families Services Programs,2027,House Reported,"14,587,087",confirmed,386,"Total, Children and Families Services Programs. . 14,923,390 13,754,443 14,587,087 -336,303 +832,644"
OBS-LHHS-0618,SRC-CRPT-119HRPT696,386,Children and Families Services Programs,2027,President's Budget,"13,754,443",confirmed,386,"Total, Children and Families Services Programs. . 14,923,390 13,754,443 14,587,087 -336,303 +832,644"
OBS-LHHS-0716,SRC-CRPT-119HRPT696,392,"Operations, Preparedness, and Emergency Response",2027,House Reported,"335,606",confirmed,392,"Subtotal, Operations and Emergency Response..... 484,606,711,478,335,606 ~149,000 ~375,872"
OBS-0084,SRC-EXPL-FY2026-PB,128-130,Science,2026,President's Budget,"3,907,600",confirmed,128,"SCIENCE. oe eee ees 7,334,200 3,907,600 7,250,000 -84,200 +3,342.400"
OBS-0124,SRC-EXPL-FY2026-PB,128-130,Aeronautics,2026,President's Budget,"588,700",confirmed,128,"A@GrOnaUtiCS... 2... ee eee ee 935,000,588,700,935,000 --- +346,300"
OBS-0161,SRC-EXPL-FY2026-PB,128-130,Space Technology,2026,Enacted,"920,500",confirmed,128,"Space Technology. ...-.. 0... ee eee 1,100,000,568,900,920,500 -179,500 +351,600"
OBS-0164,SRC-EXPL-FY2026-PB,128-130,Space Technology,2026,President's Budget,"568,900",confirmed,128,"Space Technology. ...-.. 0... ee eee 1,100,000,568,900,920,500 -179,500 +351,600"
OBS-0201,SRC-EXPL-FY2026-PB,128-130,"Science, Technology, Engineering, and Mathematics Engagement",2026,Enacted,"143,000",not_found,,
OBS-0241,SRC-EXPL-FY2026-PB,128-130,"Safety, Security and Mission Services",2026,Enacted,"3,000,000",confirmed,128,"Safety, Security and Mission Services.............-.,. 3,092,327 2,118,300 3,000,000 -92,327 +881,700"
OBS-0244,SRC-EXPL-FY2026-PB,128-130,"Safety, Security and Mission Services",2026,President's Budget,"2,118,300",confirmed,128,"Safety, Security and Mission Services.............-.,. 3,092,327 2,118,300 3,000,000 -92,327 +881,700"
OBS-0281,SRC-EXPL-FY2026-PB,128-130,Office of Inspector General,2026,Enacted,"46,500",confirmed,129,"Office of Inspector General............. 0.00. 47,600 40,700 46,500 -1,100 +5,800"
OBS-0284,SRC-EXPL-FY2026-PB,128-130,Office of Inspector General,2026,President's Budget,"40,700",confirmed,129,"Office of Inspector General............. 0.00. 47,600 40,700 46,500 -1,100 +5,800"
OBS-0321,SRC-EXPL-FY2026-PB,128-130,STEM Education,2026,Enacted,"938,250",confirmed,129,"STEM Education... 2.2... eee 1,172,000 +e 938,250 -233,750 +938,250"
OBS-0361,SRC-EXPL-FY2026-PB,128-130,Agency Operations and Award Management,2026,Enacted,"355,000",confirmed,129,"Agency Operations and Award Management................ 448,000,355,000,355,000 -93,000 -s-"
OBS-0364,SRC-EXPL-FY2026-PB,128-130,Agency Operations and Award Management,2026,President's Budget,"355,000",confirmed,129,"Agency Operations and Award Management................ 448,000,355,000,355,000 -93,000 -s-"
OBS-0404,SRC-EXPL-FY2026-PB,128-130,Office of the National Science Board,2026,President's Budget,"3,000",confirmed,130,"Office of the National Science Board.................. 5,090 3,000 5,090 --- +2,090"
OBS-0441,SRC-EXPL-FY2026-PB,128-130,Office of Inspector General,2026,Enacted,"24,160",confirmed,130,"Office of Inspector General.......... 0.0... eee ees 24.410 18,000 24,160 -250 +6,160"
OBS-0444,SRC-EXPL-FY2026-PB,128-130,Office of Inspector General,2026,President's Budget,"18,000",confirmed,130,"Office of Inspector General.......... 0.0... eee ees 24.410 18,000 24,160 -250 +6,160"
OBS-0481,SRC-EXPL-FY2026-PB,128-130,Space Operations,2026,Enacted,"4,175,000",confirmed,128,"Space Operations ....... 0... ce eee 4,220,000 3,131,900 4,175,000 -45,000 +1,043,100"
OBS-0484,SRC-EXPL-FY2026-PB,128-130,Space Operations,2026,President's Budget,"3,131,900",confirmed,128,"Space Operations ....... 0... ce eee 4,220,000 3,131,900 4,175,000 -45,000 +1,043,100"
OBS-0528,SRC-EXPL-FY2026-PB,128-130,Exploration,2026,Enacted,"7,783,000",confirmed,128,"Exploration. .... 0.0... ees 7,216,200 8,312,900 7,783,000 +566,800 -529,900"
OBS-0531,SRC-EXPL-FY2026-PB,128-130,Exploration,2026,President's Budget,"8,312,900",confirmed,128,"Exploration. .... 0.0... ees 7,216,200 8,312,900 7,783,000 +566,800 -529,900"
OBS-0608,SRC-EXPL-FY2026-PB,128-130,Construction and Environmental Compliance and Restoration,2026,Enacted,"185,336",confirmed,128,"restoration... 0... ee ees 50,000,140,100,185,336 +135,336 +45 236"
OBS-0611,SRC-EXPL-FY2026-PB,128-130,Construction and Environmental Compliance and Restoration,2026,President's Budget,"140,100",confirmed,128,"restoration... 0... ee ees 50,000,140,100,185,336 +135,336 +45 236"
OBS-0688,SRC-EXPL-FY2026-PB,128-130,Research and Related Activities,2026,Enacted,"7,057,700",confirmed,129,"Research and related activities ..............0.-.000. 7,067,490 3.166.840 7.057.700 -9,490 +3,890,860"
OBS-0691,SRC-EXPL-FY2026-PB,128-130,Research and Related Activities,2026,President's Budget,"3,166,840",confirmed,129,"Research and related activities ..............0.-.000. 7,067,490 3.166.840 7.057.700 -9,490 +3,890,860"
OBS-0728,SRC-EXPL-FY2026-PB,128-130,Research and Related Activities,2026,Enacted,"118,800",not_found,,
OBS-0731,SRC-EXPL-FY2026-PB,128-130,Research and Related Activities,2026,President's Budget,"109,310",not_found,,
OBS-0804,SRC-EXPL-FY2026-PB,128-130,Major Research Equipment and Facilities Construction,2026,Enacted,"251,000",confirmed,129,"Major Research Equipment and Facilities Construction.. --- 251,000,251,000 +251,000 ---"
OBS-0807,SRC-EXPL-FY2026-PB,128-130,Major Research Equipment and Facilities Construction,2026,President's Budget,"251,000",confirmed,129,"Construction... ... 0. . es 234,000,251,000,251,000 +17,000 see"
OBS-LHHS-0290,SRC-EXPL-LHHS-FY2026-ENACTED,281,Primary Health Care,2026,Enacted,"1,858,772",not_found,,
OBS-LHHS-0316,SRC-EXPL-LHHS-FY2026-ENACTED,284,Vaccine Injury Compensation Program Trust Fund,2026,Enacted,"287,262",confirmed,284,"Total, Vaccine Injury Compensation Trust Fund... .... ccc cece eee een eee 287,262"
OBS-LHHS-0172,SRC-EXPL-LHHS-FY2026-ENACTED,289,Grants to States for Medicaid,2026,Enacted,"824,663,516",not_found,,
OBS-LHHS-0174,SRC-EXPL-LHHS-FY2026-ENACTED,289,Grants to States for Medicaid,2026,Enacted,"-261,063,820",confirmed,289,"Less appropriations provided in prior years... .. ccc ccc cee ees -261,063,820"
OBS-LHHS-0207,SRC-EXPL-LHHS-FY2026-ENACTED,289,Program Management,2026,Enacted,"3,669,744",not_found,,
OBS-LHHS-0220,SRC-EXPL-LHHS-FY2026-ENACTED,290,Centers for Medicare & Medicaid Services (agency total),2026,Enacted,"1,423,091,260",confirmed,290,"Total, Centers for Medicare & Medicaid Services... .. cc eee ee es 1,423,091,260"
OBS-LHHS-0074,SRC-EXPL-LHHS-FY2026-ENACTED,294,Administration for Community Living (agency total),2026,Enacted,"2,508,979",not_found,,
OBS-LHHS-0250,SRC-EXPL-LHHS-FY2026-ENACTED,296,Medicare Operations (Title II general provision),2026,Enacted,"455,000",confirmed,296,"Medicare Operations (SEC. 227)... 2. ccc eee eee ees 455,000"
OBS-LHHS-0366,SRC-EXPL-LHHS-FY2026-ENACTED,296,"NIH Innovation Account, CURES Act",2026,Enacted,"226,000",not_found,,
OBS-LHHS-0443,SRC-EXPL-LHHS-FY2026-ENACTED,296,"Title II, Department of Health and Human Services (title total)",2026,Enacted,"1,553,262,357",confirmed,296,"Total, Title II, Department of Health and Human Services............:- 1,553,262,357"
