observation_id,source_document_id,cited_page,result,page_seen,method,human_review_status,reviewer,resolution,note
OBS-0017,SRC-CRPT-117HRPT395,219-220,narrowed,219,page text,resolved,page image check 2026-10-08,figure seen on PDF p.219,"Office of Science and Technology Policy............0,5. 6,652 7,965 7,965 +4,343 “+"
OBS-0023,SRC-CRPT-116HRPT455,187-188,narrowed,187,page text,resolved,page image check 2026-10-08,figure seen on PDF p.187,"Office of Science and Technology Policy............... § 544 5,000 5,544 --- +544"
OBS-0025,SRC-CRPT-116HRPT455,187-188,narrowed,187,page image,resolved,page image check 2026-10-08,figure seen on PDF p.187,"p187 OSTP FY2020 Enacted 5,544; p188 prints no OSTP row (text)"
OBS-0067,SRC-CRPT-116HRPT101,148-149,narrowed,148,page text,resolved,page image check 2026-10-08,figure seen on PDF p.148,"National Space Council.......... 0... 0c ccc een 1,965 1,870 1,870 -95 ---"
OBS-0068,SRC-CRPT-116HRPT101,148-149,narrowed,148,page text,resolved,page image check 2026-10-08,figure seen on PDF p.148,"National Space Council.......... 0... 0c ccc een 1,965 1,870 1,870 -95 ---"
OBS-0069,SRC-CRPT-116HRPT101,148-149,narrowed,148,page text,resolved,page image check 2026-10-08,figure seen on PDF p.148,"National Space Council.......... 0... 0c ccc een 1,965 1,870 1,870 -95 ---"
OBS-0084,SRC-EXPL-FY2026-PB,128-130,narrowed,128,page text,resolved,page image check 2026-10-08,figure seen on PDF p.128,"SCIENCE. oe eee ees 7,334,200 3,907,600 7,250,000 -84,200 +3,342.400"
OBS-0103,SRC-CRPT-116HRPT455,187-188,narrowed,187,page text,resolved,page image check 2026-10-08,figure seen on PDF p.187,"SCIENCE. 2c ee ee ete ee eee eee ee eae 7,138,900 6,306,500 7,097,500 ~41,400 +791 , G00"
OBS-0107,SRC-CRPT-116HRPT101,148-149,narrowed,148,page text,resolved,page image check 2026-10-08,figure seen on PDF p.148,"SCIENCE. eee ee eee eee een ene 6,905,700 6,303,700 7,161,300 +255,600 +857,600"
OBS-0112,SRC-CRPT-115HRPT704,128-129,narrowed,128,page text,resolved,page image check 2026-10-08,figure seen on PDF p.128,"SCIENCE... ee eee eee 6,221,500 §,895,000 6,680,600 +459,100 +785,600"
OBS-0116,SRC-CRPT-115HRPT231,120-121,narrowed,120,page image,resolved,page image check 2026-10-08,figure seen on PDF p.120,"p120 NASA Science FY2018 Request 5,711,800; no Science row on p121"
OBS-0117,SRC-CRPT-115HRPT231,120-121,narrowed,120,page image,resolved,page image check 2026-10-08,figure seen on PDF p.120,"p120 NASA Science FY2017 Enacted 5,764,900; no Science row on p121"
OBS-0124,SRC-EXPL-FY2026-PB,128-130,narrowed,128,page text,resolved,page image check 2026-10-08,figure seen on PDF p.128,"A@GrOnaUtiCS... 2... ee eee ee 935,000,588,700,935,000 --- +346,300"
OBS-0129,SRC-CRPT-118HRPT582,247-248,narrowed,247,page text,resolved,page image check 2026-10-08,figure seen on PDF p.247,"AGrOnautiCS. .. 0. ee eee eens 935,000,965,800,965,800 +30,800 we"
OBS-0161,SRC-EXPL-FY2026-PB,128-130,narrowed,128,page text,resolved,page image check 2026-10-08,figure seen on PDF p.128,"Space Technology. ...-.. 0... ee eee 1,100,000,568,900,920,500 -179,500 +351,600"
OBS-0164,SRC-EXPL-FY2026-PB,128-130,narrowed,128,page text,resolved,page image check 2026-10-08,figure seen on PDF p.128,"Space Technology. ...-.. 0... ee eee 1,100,000,568,900,920,500 -179,500 +351,600"
OBS-0169,SRC-CRPT-118HRPT582,247-248,narrowed,247,page text,resolved,page image check 2026-10-08,figure seen on PDF p.247,"Space Technology... ee ee eee tenes 1,100,000 1,181,800 1,181,800 +81,800 wes"
OBS-0201,SRC-EXPL-FY2026-PB,128-130,narrowed,128,page image,resolved,page image check 2026-10-08,figure seen on PDF p.128,"p128 NASA Science, Technology, Engineering, and Mathematics Engagement, Final Bill 143,000"
OBS-0233,SRC-CRPT-115HRPT704,128-129,narrowed,128,page image,resolved,page image check 2026-10-08,figure seen on PDF p.128,"p128 NASA row printed as 'Education', FY2018 Enacted 100,000 (the account's former name); not on p129"
OBS-0236,SRC-CRPT-115HRPT231,120-121,narrowed,121,page image,resolved,page image check 2026-10-08,figure seen on PDF p.121,"p121 NASA row printed as 'Education', FY2018 Request 37,300 (the account's former name); not on p120"
OBS-0241,SRC-EXPL-FY2026-PB,128-130,narrowed,128,page text,resolved,page image check 2026-10-08,figure seen on PDF p.128,"Safety, Security and Mission Services.............-.,. 3,092,327 2,118,300 3,000,000 -92,327 +881,700"
OBS-0244,SRC-EXPL-FY2026-PB,128-130,narrowed,128,page text,resolved,page image check 2026-10-08,figure seen on PDF p.128,"Safety, Security and Mission Services.............-.,. 3,092,327 2,118,300 3,000,000 -92,327 +881,700"
OBS-0255,SRC-CRPT-117HRPT395,219-220,narrowed,219,page text,resolved,page image check 2026-10-08,figure seen on PDF p.219,"Safety, Security and Mission Services..............4.. 3,020,600 3,208,700 3,138,700 +118,100 -70,000"
OBS-0256,SRC-CRPT-117HRPT395,219-220,narrowed,219,page text,resolved,page image check 2026-10-08,figure seen on PDF p.219,"Safety, Security and Mission Services..............4.. 3,020,600 3,208,700 3,138,700 +118,100 -70,000"
OBS-0269,SRC-CRPT-116HRPT101,148-149,narrowed,149,"page text, row arithmetic",resolved,page image check 2026-10-08,figure seen on PDF p.149,"OCR reads Safety, Security and Mission Services..............005 2,755,900 3,084,600 3,084,600 +329,600 ose"
OBS-0281,SRC-EXPL-FY2026-PB,128-130,narrowed,129,page text,resolved,page image check 2026-10-08,figure seen on PDF p.129,"Office of Inspector General............. 0.00. 47,600 40,700 46,500 -1,100 +5,800"
OBS-0284,SRC-EXPL-FY2026-PB,128-130,narrowed,129,page text,resolved,page image check 2026-10-08,figure seen on PDF p.129,"Office of Inspector General............. 0.00. 47,600 40,700 46,500 -1,100 +5,800"
OBS-0285,SRC-CRPT-119HRPT272,256-257,narrowed,257,page text,resolved,page image check 2026-10-08,figure seen on PDF p.257,"Office of Inspector General... cece eects 47,600 40,700 -6,900"
OBS-0321,SRC-EXPL-FY2026-PB,128-130,narrowed,129,page text,resolved,page image check 2026-10-08,figure seen on PDF p.129,"STEM Education... 2.2... eee 1,172,000 +e 938,250 -233,750 +938,250"
OBS-0337,SRC-CRPT-117HRPT395,219-220,narrowed,220,page image,resolved,page image check 2026-10-08,figure seen on PDF p.220,"p220 NSF row printed as 'Education and Human Resources', FY2022 Enacted 1,006,000 (the account's former name); p219 prints no such row (text)"
OBS-0361,SRC-EXPL-FY2026-PB,128-130,narrowed,129,page text,resolved,page image check 2026-10-08,figure seen on PDF p.129,"Agency Operations and Award Management................ 448,000,355,000,355,000 -93,000 -s-"
OBS-0364,SRC-EXPL-FY2026-PB,128-130,narrowed,129,page text,resolved,page image check 2026-10-08,figure seen on PDF p.129,"Agency Operations and Award Management................ 448,000,355,000,355,000 -93,000 -s-"
OBS-0389,SRC-CRPT-116HRPT101,148-149,narrowed,149,page text,resolved,page image check 2026-10-08,figure seen on PDF p.149,"Agency Operations and Award Management................ 329,540,336,896,336,896 +7,350 ---"
OBS-0404,SRC-EXPL-FY2026-PB,128-130,narrowed,130,page text,resolved,page image check 2026-10-08,figure seen on PDF p.130,"Office of the National Science Board.................. 5,090 3,000 5,090 --- +2,090"
OBS-0405,SRC-CRPT-119HRPT272,256-257,narrowed,257,page text,resolved,page image check 2026-10-08,figure seen on PDF p.257,"Office of the National Science Board...........002 eae 5,090 3,000 -2,090"
OBS-0408,SRC-CRPT-118HRPT582,247-248,narrowed,248,page text,resolved,page image check 2026-10-08,figure seen on PDF p.248,"Office of the National Science Board.................. 5,090 §,220 4,600 -490 -620"
OBS-0409,SRC-CRPT-118HRPT582,247-248,narrowed,248,page text,resolved,page image check 2026-10-08,figure seen on PDF p.248,"Office of the National Science Board.................. 5,090 §,220 4,600 -490 -620"
OBS-0428,SRC-CRPT-116HRPT101,148-149,narrowed,149,page text,resolved,page image check 2026-10-08,figure seen on PDF p.149,"Office of the National Science Board.................. 4,370 4,100 4,370 a +270"
OBS-0441,SRC-EXPL-FY2026-PB,128-130,narrowed,130,page text,resolved,page image check 2026-10-08,figure seen on PDF p.130,"Office of Inspector General.......... 0.0... eee ees 24.410 18,000 24,160 -250 +6,160"
OBS-0444,SRC-EXPL-FY2026-PB,128-130,narrowed,130,page text,resolved,page image check 2026-10-08,figure seen on PDF p.130,"Office of Inspector General.......... 0.0... eee ees 24.410 18,000 24,160 -250 +6,160"
OBS-0448,SRC-CRPT-118HRPT582,247-248,narrowed,248,page text,resolved,page image check 2026-10-08,figure seen on PDF p.248,"Office of Inspector General. .......,. 6. cee eee ee 24,410 28,460 24,410 --- -4,050"
OBS-0476,SRC-CRPT-115HRPT231,120-121,narrowed,121,page text,resolved,page image check 2026-10-08,figure seen on PDF p.121,"Office of Inspector General.........0 0.0... 0 ccc eee eee 15,200 15,008 15,200 --- +192"
OBS-0481,SRC-EXPL-FY2026-PB,128-130,narrowed,128,page text,resolved,page image check 2026-10-08,figure seen on PDF p.128,"Space Operations ....... 0... ce eee 4,220,000 3,131,900 4,175,000 -45,000 +1,043,100"
OBS-0484,SRC-EXPL-FY2026-PB,128-130,narrowed,128,page text,resolved,page image check 2026-10-08,figure seen on PDF p.128,"Space Operations ....... 0... ce eee 4,220,000 3,131,900 4,175,000 -45,000 +1,043,100"
OBS-0520,SRC-CRPT-114HRPT605,114-115,narrowed,114,page image,resolved,page image check 2026-10-08,figure seen on PDF p.114,"p114 Space Operations FY2017 Request 5,075,800; p115 has no Space Operations row"
OBS-0528,SRC-EXPL-FY2026-PB,128-130,narrowed,128,page text,resolved,page image check 2026-10-08,figure seen on PDF p.128,"Exploration. .... 0.0... ees 7,216,200 8,312,900 7,783,000 +566,800 -529,900"
OBS-0531,SRC-EXPL-FY2026-PB,128-130,narrowed,128,page text,resolved,page image check 2026-10-08,figure seen on PDF p.128,"Exploration. .... 0.0... ees 7,216,200 8,312,900 7,783,000 +566,800 -529,900"
OBS-0542,SRC-CRPT-117HRPT395,219-220,narrowed,219,page text,resolved,page image check 2026-10-08,figure seen on PDF p.219,"Deep Space Exploration Systems... 00... ees 6,791,700 7,478,283 7,323,700 +532,000 ~154,583"
OBS-0554,SRC-CRPT-116HRPT101,148-149,narrowed,148,page text,resolved,page image check 2026-10-08,figure seen on PDF p.148,"Exploration... cc ct eee eee ene 5,050,800 woe 5,129,900 +79,100 +5,129,906"
OBS-0608,SRC-EXPL-FY2026-PB,128-130,narrowed,128,page text,resolved,page image check 2026-10-08,figure seen on PDF p.128,"restoration... 0... ee ees 50,000,140,100,185,336 +135,336 +45 236"
OBS-0611,SRC-EXPL-FY2026-PB,128-130,narrowed,128,page text,resolved,page image check 2026-10-08,figure seen on PDF p.128,"restoration... 0... ee ees 50,000,140,100,185,336 +135,336 +45 236"
OBS-0643,SRC-CRPT-115HRPT231,120-121,narrowed,121,page text,resolved,page image check 2026-10-08,figure seen on PDF p.121,"FOSTOTATION. Cee eee ete ett ees 360,700,496,100,486,100 +125,400 -10,000"
OBS-0688,SRC-EXPL-FY2026-PB,128-130,narrowed,129,page text,resolved,page image check 2026-10-08,figure seen on PDF p.129,"Research and related activities ..............0.-.000. 7,067,490 3.166.840 7.057.700 -9,490 +3,890,860"
OBS-0691,SRC-EXPL-FY2026-PB,128-130,narrowed,129,page text,resolved,page image check 2026-10-08,figure seen on PDF p.129,"Research and related activities ..............0.-.000. 7,067,490 3.166.840 7.057.700 -9,490 +3,890,860"
OBS-0728,SRC-EXPL-FY2026-PB,128-130,narrowed,129,page image,resolved,page image check 2026-10-08,figure seen on PDF p.129,"p129 NSF Research and related activities, Defense function, Final Bill 118,800"
OBS-0731,SRC-EXPL-FY2026-PB,128-130,narrowed,129,page image,resolved,page image check 2026-10-08,figure seen on PDF p.129,"p129 NSF Research and related activities, Defense function, FY2026 Request 109,310"
OBS-0771,SRC-CRPT-118HRPT582,247-248,needs_owner,,page image,pending,,,"not printed as a line on p247 or p248. p248 prints NSF R&RA FY2025 Request 7,519,320, Defense function 106,000, Subtotal 8,045,320: the subtotal leaves 420,000 with no line of its own; Emergency appropriations (716,000) less NASA CECR emergency (296,000, p247) also leaves 420,000. The figure is implied, not printed."
OBS-0804,SRC-EXPL-FY2026-PB,128-130,narrowed,129,page text,resolved,page image check 2026-10-08,figure seen on PDF p.129,"Major Research Equipment and Facilities Construction.. --- 251,000,251,000 +251,000 ---"
OBS-0807,SRC-EXPL-FY2026-PB,128-130,narrowed,129,page text,resolved,page image check 2026-10-08,figure seen on PDF p.129,"Construction... ... 0. . es 234,000,251,000,251,000 +17,000 see"
OBS-LHHS-0005,SRC-CRPT-118HRPT585,328,confirmed,328,page text,resolved,page image check 2026-10-08,figure seen on PDF p.328,"Head Start... ccc cece ee teen eee eee cent nneenae 12,271,820 12,640,519 12,296,820 +25,000 -243,699"
OBS-LHHS-0053,SRC-CRPT-119HRPT271,356,confirmed,356,page text,resolved,page image check 2026-10-08,figure seen on PDF p.356,"Discretionary... ccc cece eee eee tet eens (33,960,205) (26,759,350) (31,616,744) (-2,343,461) (+4,857,394)"
OBS-LHHS-0074,SRC-EXPL-LHHS-FY2026-ENACTED,294,confirmed,294,page image,resolved,page image check 2026-10-08,figure seen on PDF p.294,"PDF p294 (H1646) Total, Administration for Community Living, Final Bill 2,508,979"
OBS-LHHS-0086,SRC-CRPT-119HRPT271,334,confirmed,334,page text,resolved,page image check 2026-10-08,figure seen on PDF p.334,"Total, Administration for a Healthy America...... “ee 574,803 eee o-- ~574,803"
OBS-LHHS-0087,SRC-CRPT-119HRPT271,334,confirmed,334,page text,resolved,page image check 2026-10-08,figure seen on PDF p.334,"program T@VET. occ eee eee wee 579,688 noe zoe -579,688"
OBS-LHHS-0132,SRC-CRPT-118HRPT585,316,confirmed,316,page text,resolved,page image check 2026-10-08,figure seen on PDF p.316,"PrEVENE ION. cree cence en cee teeter tence eee eaee 7,992,946 8,452,490 6,259,858 -1,733,088 -2,192,632"
OBS-LHHS-0146,SRC-CRPT-119HRPT696,373,confirmed,373,page text,resolved,page image check 2026-10-08,figure seen on PDF p.373,"Prevention... ceca eee ee treet e eter enee 7,761,672 6,140,461 6,723,092 ~1,038,580 +582,631"
OBS-LHHS-0148,SRC-CRPT-119HRPT696,373,confirmed,373,page text,resolved,page image check 2026-10-08,figure seen on PDF p.373,"Prevention... ceca eee ee treet e eter enee 7,761,672 6,140,461 6,723,092 ~1,038,580 +582,631"
OBS-LHHS-0172,SRC-EXPL-LHHS-FY2026-ENACTED,289,confirmed,289,page image,resolved,page image check 2026-10-08,figure seen on PDF p.289,"PDF p289 (H1641) Total, Grants to States for Medicaid, appropriated in this bill, Final Bill 824,663,516"
OBS-LHHS-0174,SRC-EXPL-LHHS-FY2026-ENACTED,289,confirmed,289,page text,resolved,page image check 2026-10-08,figure seen on PDF p.289,"Less appropriations provided in prior years... .. ccc ccc cee ees -261,063,820"
OBS-LHHS-0207,SRC-EXPL-LHHS-FY2026-ENACTED,289,confirmed,289,page image,resolved,page image check 2026-10-08,figure seen on PDF p.289,"PDF p289 (H1641) Total, Program Management, Final Bill 3,669,744"
OBS-LHHS-0220,SRC-EXPL-LHHS-FY2026-ENACTED,290,confirmed,290,page text,resolved,page image check 2026-10-08,figure seen on PDF p.290,"Total, Centers for Medicare & Medicaid Services... .. cc eee ee es 1,423,091,260"
OBS-LHHS-0221,SRC-CRPT-119HRPT271,351,confirmed,351,page text,resolved,page image check 2026-10-08,figure seen on PDF p.351,"Total, Centers for Medicare & Medicaid Services.. 1,171,040,963 4,422,885,907 1,422,895,907 +251,854,944 +10,000"
OBS-LHHS-0222,SRC-CRPT-119HRPT271,351,confirmed,351,"page text, row arithmetic",resolved,page image check 2026-10-08,figure seen on PDF p.351,"OCR reads Total, Centers for Medicare & Medicaid Services.. 1,171,040,963 4,422,885,907 1,422,895,907 +251,854,944 +10,000"
OBS-LHHS-0224,SRC-CRPT-119HRPT696,382,confirmed,382,page text,resolved,page image check 2026-10-08,figure seen on PDF p.382,"Total, Centers for Medicare & Medicaid Services... 1,423,091,260 4,481,414,789 1,481,377,040 +58,285,780 -37,749"
OBS-LHHS-0250,SRC-EXPL-LHHS-FY2026-ENACTED,296,confirmed,296,page text,resolved,page image check 2026-10-08,figure seen on PDF p.296,"Medicare Operations (SEC. 227)... 2. ccc eee eee ees 455,000"
OBS-LHHS-0290,SRC-EXPL-LHHS-FY2026-ENACTED,281,confirmed,281,page image,resolved,page image check 2026-10-08,figure seen on PDF p.281,"PDF p281 (H1633) Total, Primary Health Care, Final Bill 1,858,772"
OBS-LHHS-0316,SRC-EXPL-LHHS-FY2026-ENACTED,284,confirmed,284,page text,resolved,page image check 2026-10-08,figure seen on PDF p.284,"Total, Vaccine Injury Compensation Trust Fund... .... ccc cece eee een eee 287,262"
OBS-LHHS-0317,SRC-CRPT-119HRPT271,340,confirmed,340,page text,resolved,page image check 2026-10-08,figure seen on PDF p.340,"Total, Vaccine Injury Compensation Trust Fund... 281,927,287,262,287,262 +§,335 “++"
OBS-LHHS-0318,SRC-CRPT-119HRPT271,340,confirmed,340,page text,resolved,page image check 2026-10-08,figure seen on PDF p.340,"Total, Vaccine Injury Compensation Trust Fund... 281,927,287,262,287,262 +§,335 “++"
OBS-LHHS-0326,SRC-CRPT-118HRPT585,317,confirmed,317,page text,resolved,page image check 2026-10-08,figure seen on PDF p.317,"National Cancer Institute (NCI)... 0. cee eee eee 7,224,159 7,839,141 7,875,289 +651,130 +36 148"
OBS-LHHS-0331,SRC-CRPT-119HRPT271,343,confirmed,343,page text,resolved,page image check 2026-10-08,figure seen on PDF p.343,"National Cancer Institute (NCI)... . 0... cece es 7,224,159 4,530,833 7,272,159 +48,000 +2,741,326"
OBS-LHHS-0366,SRC-EXPL-LHHS-FY2026-ENACTED,296,confirmed,296,page image,resolved,page image check 2026-10-08,figure seen on PDF p.296,"PDF p296 (H1648) memo line CURES Act under the Title II total, Final Bill (226,000)"
OBS-LHHS-0370,SRC-CRPT-119HRPT271,366,confirmed,366,page image,resolved,page image check 2026-10-08,figure seen on PDF p.366,"PDF p366 (printed 362) memo line 'CURES Act' under the Title II total, Bill (226,000)"
OBS-LHHS-0374,SRC-CRPT-119HRPT271,366,confirmed,366,page image,resolved,page image check 2026-10-08,figure seen on PDF p.366,"PDF p366 (printed 362) memo line 'CURES Act' under the Title II total, FY2026 Request (226,000)"
OBS-LHHS-0392,SRC-CRPT-118HRPT585,338,confirmed,338,"page text, row arithmetic",resolved,page image check 2026-10-08,figure seen on PDF p.338,"OCR reads Total, Office of the Secretary, program level... 1,895,682 2,124,903 1,753,985 ~141,687 ~370,908"
OBS-LHHS-0437,SRC-CRPT-118HRPT585,339,confirmed,339,page text,resolved,page image check 2026-10-08,figure seen on PDF p.339,"SErviCeS.. ccc cece cece eens reeset eens eeeeaee 1,265,242,768 1,307,1392,770 1,293,225,058 +27,982,290 -13,907,712"
OBS-LHHS-0443,SRC-EXPL-LHHS-FY2026-ENACTED,296,confirmed,296,page text,resolved,page image check 2026-10-08,figure seen on PDF p.296,"Total, Title II, Department of Health and Human Services............:- 1,553,262,357"
OBS-LHHS-0446,SRC-CRPT-119HRPT271,366,confirmed,366,page text,resolved,page image check 2026-10-08,figure seen on PDF p.366,"Services discretionary. .... 0.060. cece eee eee 114,965,801 83,067,660,108,066,863 -6,898,938 +24,9899,203"
OBS-LHHS-0457,SRC-CRPT-119HRPT271,356,confirmed,356,page text,resolved,page image check 2026-10-08,figure seen on PDF p.356,"Total, Administration for Children and Families. §1,897,205 45,469,350 50,326,744 -1,570,461 +4,857,394"
OBS-LHHS-0468,SRC-CRPT-119HRPT271,350,confirmed,350,page image,resolved,page image check 2026-10-08,figure seen on PDF p.350,"PDF p350 (printed 346) Grants to States for Medicaid, Less appropriations provided in prior years, FY2025 Estimate -245,580,414"
OBS-LHHS-0477,SRC-CRPT-119HRPT271,340,confirmed,340,page text,resolved,page image check 2026-10-08,figure seen on PDF p.340,"Administration. 0.0... cece eee ete eens 8,286,229 6,371,802 7,405,460 -880,769 +1,033,658"
OBS-LHHS-0514,SRC-CRPT-117HRPT403,802,confirmed,802,page text,resolved,page image check 2026-10-08,figure seen on PDF p.802,"Total, Primary Health Care.................... 1,748,772 1,839,022 1,946,772 +198,000 +107,750"
OBS-LHHS-0515,SRC-CRPT-117HRPT403,802,confirmed,802,page text,resolved,page image check 2026-10-08,figure seen on PDF p.802,"Total, Primary Health Care.................... 1,748,772 1,839,022 1,946,772 +198,000 +107,750"
OBS-LHHS-0617,SRC-CRPT-119HRPT696,386,confirmed,386,page text,resolved,page image check 2026-10-08,figure seen on PDF p.386,"Total, Children and Families Services Programs. . 14,923,390 13,754,443 14,587,087 -336,303 +832,644"
OBS-LHHS-0618,SRC-CRPT-119HRPT696,386,confirmed,386,page text,resolved,page image check 2026-10-08,figure seen on PDF p.386,"Total, Children and Families Services Programs. . 14,923,390 13,754,443 14,587,087 -336,303 +832,644"
OBS-LHHS-0626,SRC-CRPT-119HRPT271,353,confirmed,353,page text,resolved,page image check 2026-10-08,figure seen on PDF p.353,"Support Payments, appropriated in this bill... 5,524,000 5,947,000 § ,947,000 +423,000 +--"
OBS-LHHS-0716,SRC-CRPT-119HRPT696,392,confirmed,392,page text,resolved,page image check 2026-10-08,figure seen on PDF p.392,"Subtotal, Operations and Emergency Response..... 484,606,711,478,335,606 ~149,000 ~375,872"
OBS-LHHS-0738,SRC-CRPT-119HRPT271,341,confirmed,341,page text,resolved,page image check 2026-10-08,figure seen on PDF p.341,"Disabilities and Health... 0... ccs cece eee ees 206,060,157,810,208,560 +2,500 +50,750"
OBS-LHHS-0743,SRC-CRPT-119HRPT271,341,confirmed,341,page text,resolved,page image check 2026-10-08,figure seen on PDF p.341,"Disabilities and Health... 0... ccs cece eee ees 206,060,157,810,208,560 +2,500 +50,750"
OBS-LHHS-0810,SRC-CRPT-119HRPT271,340,confirmed,340,page text,resolved,page image check 2026-10-08,figure seen on PDF p.340,"Emerging and Zoonotic Infectious Diseases (EZID)...... 708,272,870,486,777,372 +69,100 -93,114"
OBS-LHHS-0864,SRC-CRPT-119HRPT696,372,confirmed,372,page text,resolved,page image check 2026-10-08,figure seen on PDF p.372,"Diseases, and Tuberculosis Prevention.........0..005 41,384,056,520,000,566,000 ~818,056 +46,000"
OBS-LHHS-0874,SRC-CRPT-118HRPT585,314,confirmed,314,page image,resolved,page image check 2026-10-08,figure seen on PDF p.314,"PDF p314 (printed 310) Immunization and Respiratory Diseases, Bill 237,358"
OBS-LHHS-0884,SRC-CRPT-117HRPT403,812,confirmed,812,page image,resolved,page image check 2026-10-08,figure seen on PDF p.812,"PDF p812 (printed 808) Injury Prevention and Control, Bill 897,779"
OBS-LHHS-0896,SRC-CRPT-119HRPT271,341,confirmed,341,page image,resolved,page image check 2026-10-08,figure seen on PDF p.341,"PDF p341 (printed 337) Injury Prevention and Control, FY2026 Request 550,079 (last row of the page)"
OBS-LHHS-0942,SRC-CRPT-119HRPT271,342,confirmed,342,page text,resolved,page image check 2026-10-08,figure seen on PDF p.342,"Subtotal, CDC-Wide Activities... cece eee eee 503,570,398,570,523,570 +20,000 +125,000"
OBS-LHHS-1025,SRC-CRPT-119HRPT271,338,confirmed,338,page text,resolved,page image check 2026-10-08,figure seen on PDF p.338,"Subtotal, Health Systems... .... ce cece eee nee 422,009,110,887,422,887 +878 +#12,000"
OBS-LHHS-1027,SRC-CRPT-119HRPT696,369,confirmed,369,page text,resolved,page image check 2026-10-08,figure seen on PDF p.369,"Subtotal, Health Systems.... cece cece eee eet 127,009,115,887,126,887 -122 +11,000"
OBS-LHHS-1059,SRC-CRPT-119HRPT271,337,confirmed,337,page text,resolved,page image check 2026-10-08,figure seen on PDF p.337,"Subtotal, Maternal and Child Health...,......... 1,170,430,896,846,985,481 -184,949 +88,635"
OBS-LHHS-1078,SRC-CRPT-119HRPT696,371,confirmed,371,page image,resolved,page image check 2026-10-08,figure seen on PDF p.371,"PDF p371 (printed 367) Subtotal, HRSA-Wide Activities and Program Support, Committee Recommendation 648,432"
OBS-LHHS-1088,SRC-CRPT-118HRPT585,312,confirmed,312,"page text, row arithmetic",resolved,page image check 2026-10-08,figure seen on PDF p.312,"OCR reads Subtotal, Rural Health. ..... ccc eee cee eee ee eee 364,607,352,407,400,307 +36,300 +48,500"
OBS-LHHS-1093,SRC-CRPT-119HRPT271,339,confirmed,339,page text,resolved,page image check 2026-10-08,figure seen on PDF p.339,"Subtotal, Rural Health... .. cece eee eee 364,607,283,830,515,407 +150,800 +231,577"
OBS-LHHS-1121,SRC-CRPT-119HRPT271,345,confirmed,345,page image,resolved,page image check 2026-10-08,figure seen on PDF p.345,"PDF p345 (printed 341) ARPA-H, FY2025 Estimate 1,500,000"
OBS-LHHS-1131,SRC-CRPT-119HRPT271,344,confirmed,344,page text,resolved,page image check 2026-10-08,figure seen on PDF p.344,"National Institute of Behavioral Health............4.. “++ 2,687,238 nae +++ -2,687,238"
OBS-LHHS-1188,SRC-CRPT-117HRPT403,815,confirmed,815,page text,resolved,page image check 2026-10-08,figure seen on PDF p.815,"Health (NCCIH)........ 0.00.00. cee ce nee 159,365,183,368,164,395 +5,030 -18,973"
OBS-LHHS-1302,SRC-CRPT-119HRPT271,343,confirmed,343,page text,resolved,page image check 2026-10-08,figure seen on PDF p.343,"(NTAID) 0c ccc ec eee ee eee ee tenet betes 6,562,279 4,174,965 6,582,279 +20,000 +2,407,314"
OBS-LHHS-1340,SRC-CRPT-119HRPT696,375,confirmed,375,page text,resolved,page image check 2026-10-08,figure seen on PDF p.375,"Bioengineering (NIBIB)..... cc cee ce ee etree eee ueee 440,627,408,391,440,627 ~- 432,236"
OBS-LHHS-1360,SRC-CRPT-117HRPT403,815,confirmed,815,page text,resolved,page image check 2026-10-08,figure seen on PDF p.815,"National Institute on Drugs and Addiction (NIDA)...... 1,595,474 1,843,326 1,712,832 +117,358 ~130,494"
OBS-LHHS-1377,SRC-CRPT-117HRPT403,815,confirmed,815,page text,resolved,page image check 2026-10-08,figure seen on PDF p.815,"Disorders (NIDCD)......... 20.0... eee 514,885,508,704,531,136 +16 251 +22,432"
OBS-LHHS-1398,SRC-CRPT-119HRPT271,343,confirmed,343,page text,resolved,page image check 2026-10-08,figure seen on PDF p.343,"(NIDCR) occ te ee ee eee §20,163 nae 525,163 +5,000 +525,163"
OBS-LHHS-1449,SRC-CRPT-119HRPT271,343,confirmed,343,"page text, row arithmetic",resolved,page image check 2026-10-08,figure seen on PDF p.343,"OCR reads National Institute of General Medical Sciences (NIGMS) 4,832,197 3,427,297 1,900,677 +68,480 -1,526,620"
OBS-LHHS-1460,SRC-CRPT-117HRPT403,815,confirmed,815,page text,resolved,page image check 2026-10-08,figure seen on PDF p.815,"National Institute of Mental Health (NIMH)............ 2,140,976 1,985,828 2,203,775 +62,799 +217 947"
OBS-LHHS-1478,SRC-CRPT-117HRPT403,815,confirmed,815,page text,resolved,page image check 2026-10-08,figure seen on PDF p.815,"Disparities (NIMHD)............ 0.0.0... 0. cece eee 459,056,659,817,505,292 +46 236 -154,525"
OBS-LHHS-1487,SRC-CRPT-119HRPT696,375,confirmed,375,page text,resolved,page image check 2026-10-08,figure seen on PDF p.375,"Disparities (NIMHD). 0... ccc ccc eee ete enn ee §38,395 w+- 546,895 +8,500 +546,895"
OBS-LHHS-1534,SRC-CRPT-119HRPT271,345,confirmed,345,page text,resolved,page image check 2026-10-08,figure seen on PDF p.345,"National Library of Medicine (NLM)........ ccc cece eeeee 497,548 =-- 497,548 --- +497,548"
OBS-LHHS-1539,SRC-CRPT-119HRPT271,345,confirmed,345,page text,resolved,page image check 2026-10-08,figure seen on PDF p.345,"National Library of Medicine (NLM)........ ccc cece eeeee 497,548 =-- 497,548 --- +497,548"
OBS-LHHS-1677,SRC-CRPT-119HRPT271,346,confirmed,346,"page text, row arithmetic",resolved,page image check 2026-10-08,figure seen on PDF p.346,"OCR reads Subtotal, Mental Health... ... ccc ee ee cee eae 2,775,507 4,463,331 2,667,521 -107,986 +1,204,190"
OBS-LHHS-1693,SRC-CRPT-119HRPT271,348,confirmed,348,page image,resolved,page image check 2026-10-08,figure seen on PDF p.348,"PDF p348 (printed 344) under Substance Abuse Prevention, PRNS, Bill 205,009"
OBS-LHHS-1709,SRC-CRPT-119HRPT696,378,confirmed,378,page text,resolved,page image check 2026-10-08,figure seen on PDF p.378,"Health Surveillance and Program Support..........0000- 117,255 35,395,417,255 --- +81,860"
OBS-LHHS-1713,SRC-CRPT-119HRPT696,378,confirmed,378,page text,resolved,page image check 2026-10-08,figure seen on PDF p.378,"PDF p378 text: Health Surveillance and Program Support row reads '117,255 35,395,417,255 --- +81,860' (OCR joined the request and committee columns, '417,255' for 117,255); with 117,255 in the committee column both printed changes hold (vs enacted ---, vs request +81,860)"
