observation_id,account,canonical_account_id,fiscal_year,stage,figure_thousands,source_document_id,source_page,pdf_link,nearby_page,nearby_link,verification_status,group
OBS-0520,Space Operations,ACC-NASA-SPACEOPS,2017,President's Budget,"5,075,800",SRC-CRPT-114HRPT605,114-115,https://www.govinfo.gov/content/pkg/CRPT-114hrpt605/pdf/CRPT-114hrpt605.pdf#page=114,,,human-verified,G121
OBS-0116,Science,ACC-NASA-SCIENCE,2018,President's Budget,"5,711,800",SRC-CRPT-115HRPT231,120-121,https://www.govinfo.gov/content/pkg/CRPT-115hrpt231/pdf/CRPT-115hrpt231.pdf#page=120,,,human-verified,G113
OBS-0117,Science,ACC-NASA-SCIENCE,2017,Enacted,"5,764,900",SRC-CRPT-115HRPT231,120-121,https://www.govinfo.gov/content/pkg/CRPT-115hrpt231/pdf/CRPT-115hrpt231.pdf#page=120,107-108,https://www.govinfo.gov/content/pkg/CRPT-115hrpt231/pdf/CRPT-115hrpt231.pdf#page=107,human-verified,G099
OBS-0236,"Science, Technology, Engineering, and Mathematics Engagement",ACC-NASA-STEM-ENGAGEMENT,2018,President's Budget,"37,300",SRC-CRPT-115HRPT231,120-121,https://www.govinfo.gov/content/pkg/CRPT-115hrpt231/pdf/CRPT-115hrpt231.pdf#page=120,,,human-verified,G113
OBS-0476,Office of Inspector General,ACC-NSF-OIG,2018,President's Budget,"15,008",SRC-CRPT-115HRPT231,120-121,https://www.govinfo.gov/content/pkg/CRPT-115hrpt231/pdf/CRPT-115hrpt231.pdf#page=120,,,human-verified,G113
OBS-0643,Construction and Environmental Compliance and Restoration,ACC-NASA-CONSTRUCTION,2018,President's Budget,"496,100",SRC-CRPT-115HRPT231,120-121,https://www.govinfo.gov/content/pkg/CRPT-115hrpt231/pdf/CRPT-115hrpt231.pdf#page=120,,,human-verified,G113
OBS-0112,Science,ACC-NASA-SCIENCE,2019,President's Budget,"5,895,000",SRC-CRPT-115HRPT704,128-129,https://www.govinfo.gov/content/pkg/CRPT-115hrpt704/pdf/CRPT-115hrpt704.pdf#page=128,,,human-verified,G122
OBS-0233,"Science, Technology, Engineering, and Mathematics Engagement",ACC-NASA-STEM-ENGAGEMENT,2018,Enacted,"100,000",SRC-CRPT-115HRPT704,128-129,https://www.govinfo.gov/content/pkg/CRPT-115hrpt704/pdf/CRPT-115hrpt704.pdf#page=128,116-117,https://www.govinfo.gov/content/pkg/CRPT-115hrpt704/pdf/CRPT-115hrpt704.pdf#page=116,human-verified,G100
OBS-0067,National Space Council,ACC-NSC,2020,House Reported,"1,870",SRC-CRPT-116HRPT101,148-149,https://www.govinfo.gov/content/pkg/CRPT-116hrpt101/pdf/CRPT-116hrpt101.pdf#page=148,,,human-verified,G109
OBS-0068,National Space Council,ACC-NSC,2020,President's Budget,"1,870",SRC-CRPT-116HRPT101,148-149,https://www.govinfo.gov/content/pkg/CRPT-116hrpt101/pdf/CRPT-116hrpt101.pdf#page=148,,,human-verified,G109
OBS-0069,National Space Council,ACC-NSC,2019,Enacted,"1,965",SRC-CRPT-116HRPT101,148-149,https://www.govinfo.gov/content/pkg/CRPT-116hrpt101/pdf/CRPT-116hrpt101.pdf#page=148,,,human-verified,G109
OBS-0107,Science,ACC-NASA-SCIENCE,2020,House Reported,"7,161,300",SRC-CRPT-116HRPT101,148-149,https://www.govinfo.gov/content/pkg/CRPT-116hrpt101/pdf/CRPT-116hrpt101.pdf#page=148,133-134,https://www.govinfo.gov/content/pkg/CRPT-116hrpt101/pdf/CRPT-116hrpt101.pdf#page=133,human-verified,G097
OBS-0269,"Safety, Security and Mission Services",ACC-NASA-SAFETY-SECURITY,2019,Enacted,"2,755,000",SRC-CRPT-116HRPT101,148-149,https://www.govinfo.gov/content/pkg/CRPT-116hrpt101/pdf/CRPT-116hrpt101.pdf#page=148,,,human-verified,G109
OBS-0389,Agency Operations and Award Management,ACC-NSF-AGENCY-OPS,2019,Enacted,"329,540",SRC-CRPT-116HRPT101,148-149,https://www.govinfo.gov/content/pkg/CRPT-116hrpt101/pdf/CRPT-116hrpt101.pdf#page=148,,,human-verified,G109
OBS-0428,Office of the National Science Board,ACC-NSF-NSB,2020,President's Budget,"4,100",SRC-CRPT-116HRPT101,148-149,https://www.govinfo.gov/content/pkg/CRPT-116hrpt101/pdf/CRPT-116hrpt101.pdf#page=148,,,human-verified,G109
OBS-0554,Exploration,ACC-NASA-EXPLORATION,2020,House Reported,"5,129,900",SRC-CRPT-116HRPT101,148-149,https://www.govinfo.gov/content/pkg/CRPT-116hrpt101/pdf/CRPT-116hrpt101.pdf#page=148,134-135,https://www.govinfo.gov/content/pkg/CRPT-116hrpt101/pdf/CRPT-116hrpt101.pdf#page=134,human-verified,G097
OBS-0023,Office of Science and Technology Policy,ACC-OSTP,2021,House Reported,"5,544",SRC-CRPT-116HRPT455,187-188,https://www.govinfo.gov/content/pkg/CRPT-116hrpt455/pdf/CRPT-116hrpt455.pdf#page=187,,,human-verified,G117
OBS-0025,Office of Science and Technology Policy,ACC-OSTP,2020,Enacted,"5,544",SRC-CRPT-116HRPT455,187-188,https://www.govinfo.gov/content/pkg/CRPT-116hrpt455/pdf/CRPT-116hrpt455.pdf#page=187,,,human-verified,G117
OBS-0103,Science,ACC-NASA-SCIENCE,2021,House Reported,"7,097,500",SRC-CRPT-116HRPT455,187-188,https://www.govinfo.gov/content/pkg/CRPT-116hrpt455/pdf/CRPT-116hrpt455.pdf#page=187,175-176,https://www.govinfo.gov/content/pkg/CRPT-116hrpt455/pdf/CRPT-116hrpt455.pdf#page=175,human-verified,G101
OBS-0017,Office of Science and Technology Policy,ACC-OSTP,2022,Enacted,"6,652",SRC-CRPT-117HRPT395,219-220,https://www.govinfo.gov/content/pkg/CRPT-117hrpt395/pdf/CRPT-117hrpt395.pdf#page=219,,,human-verified,G116
OBS-0255,"Safety, Security and Mission Services",ACC-NASA-SAFETY-SECURITY,2023,House Reported,"3,138,700",SRC-CRPT-117HRPT395,219-220,https://www.govinfo.gov/content/pkg/CRPT-117hrpt395/pdf/CRPT-117hrpt395.pdf#page=219,205-206,https://www.govinfo.gov/content/pkg/CRPT-117hrpt395/pdf/CRPT-117hrpt395.pdf#page=205,human-verified,G098
OBS-0256,"Safety, Security and Mission Services",ACC-NASA-SAFETY-SECURITY,2023,President's Budget,"3,208,700",SRC-CRPT-117HRPT395,219-220,https://www.govinfo.gov/content/pkg/CRPT-117hrpt395/pdf/CRPT-117hrpt395.pdf#page=219,,,human-verified,G116
OBS-0337,STEM Education,ACC-NSF-STEM-EDUCATION,2022,Enacted,"1,006,000",SRC-CRPT-117HRPT395,219-220,https://www.govinfo.gov/content/pkg/CRPT-117hrpt395/pdf/CRPT-117hrpt395.pdf#page=219,,,human-verified,G116
OBS-0542,Exploration,ACC-NASA-EXPLORATION,2023,House Reported,"7,323,700",SRC-CRPT-117HRPT395,219-220,https://www.govinfo.gov/content/pkg/CRPT-117hrpt395/pdf/CRPT-117hrpt395.pdf#page=219,205-206,https://www.govinfo.gov/content/pkg/CRPT-117hrpt395/pdf/CRPT-117hrpt395.pdf#page=205,human-verified,G098
OBS-LHHS-0514,Primary Health Care,ACC-HHS-HRSA-PRIMARY-CARE,2023,House Reported,"1,946,772",SRC-CRPT-117HRPT403,802,https://www.govinfo.gov/content/pkg/CRPT-117hrpt403/pdf/CRPT-117hrpt403.pdf#page=802,,,unverified,G119
OBS-LHHS-0515,Primary Health Care,ACC-HHS-HRSA-PRIMARY-CARE,2023,President's Budget,"1,839,022",SRC-CRPT-117HRPT403,802,https://www.govinfo.gov/content/pkg/CRPT-117hrpt403/pdf/CRPT-117hrpt403.pdf#page=802,,,unverified,G119
OBS-LHHS-0884,Injury Prevention and Control,ACC-HHS-CDC-INJURY-PREVENTION,2023,House Reported,"897,779",SRC-CRPT-117HRPT403,812,https://www.govinfo.gov/content/pkg/CRPT-117hrpt403/pdf/CRPT-117hrpt403.pdf#page=812,,,auto-validated,G108
OBS-LHHS-1188,National Center for Complementary and Integrative Health,ACC-HHS-NIH-NCCIH,2023,President's Budget,"183,368",SRC-CRPT-117HRPT403,815,https://www.govinfo.gov/content/pkg/CRPT-117hrpt403/pdf/CRPT-117hrpt403.pdf#page=815,,,auto-validated,G108
OBS-LHHS-1360,National Institute on Drug Abuse,ACC-HHS-NIH-NIDA,2023,President's Budget,"1,843,326",SRC-CRPT-117HRPT403,815,https://www.govinfo.gov/content/pkg/CRPT-117hrpt403/pdf/CRPT-117hrpt403.pdf#page=815,,,auto-validated,G108
OBS-LHHS-1377,National Institute on Deafness and Other Communication Disorders,ACC-HHS-NIH-NIDCD,2023,President's Budget,"508,704",SRC-CRPT-117HRPT403,815,https://www.govinfo.gov/content/pkg/CRPT-117hrpt403/pdf/CRPT-117hrpt403.pdf#page=815,,,auto-validated,G108
OBS-LHHS-1460,National Institute of Mental Health,ACC-HHS-NIH-NIMH,2023,House Reported,"2,203,775",SRC-CRPT-117HRPT403,815,https://www.govinfo.gov/content/pkg/CRPT-117hrpt403/pdf/CRPT-117hrpt403.pdf#page=815,,,auto-validated,G108
OBS-LHHS-1478,National Institute on Minority Health and Health Disparities,ACC-HHS-NIH-NIMHD,2023,President's Budget,"659,817",SRC-CRPT-117HRPT403,815,https://www.govinfo.gov/content/pkg/CRPT-117hrpt403/pdf/CRPT-117hrpt403.pdf#page=815,,,auto-validated,G108
OBS-0129,Aeronautics,ACC-NASA-AERONAUTICS,2024,Enacted,"935,000",SRC-CRPT-118HRPT582,247-248,https://www.congress.gov/118/crpt/hrpt582/CRPT-118hrpt582.pdf#page=247,,,human-verified,G110
OBS-0169,Space Technology,ACC-NASA-SPACETECH,2024,Enacted,"1,100,000",SRC-CRPT-118HRPT582,247-248,https://www.congress.gov/118/crpt/hrpt582/CRPT-118hrpt582.pdf#page=247,,,human-verified,G110
OBS-0408,Office of the National Science Board,ACC-NSF-NSB,2025,President's Budget,"5,220",SRC-CRPT-118HRPT582,247-248,https://www.congress.gov/118/crpt/hrpt582/CRPT-118hrpt582.pdf#page=247,,,human-verified,G110
OBS-0409,Office of the National Science Board,ACC-NSF-NSB,2024,Enacted,"5,090",SRC-CRPT-118HRPT582,247-248,https://www.congress.gov/118/crpt/hrpt582/CRPT-118hrpt582.pdf#page=247,,,human-verified,G110
OBS-0448,Office of Inspector General,ACC-NSF-OIG,2025,President's Budget,"28,460",SRC-CRPT-118HRPT582,247-248,https://www.congress.gov/118/crpt/hrpt582/CRPT-118hrpt582.pdf#page=247,,,human-verified,G110
OBS-0771,Research and Related Activities,ACC-NSF-RRA,2025,President's Budget,"420,000",SRC-CRPT-118HRPT582,247-248,https://www.congress.gov/118/crpt/hrpt582/CRPT-118hrpt582.pdf#page=247,,,human-verified,G110
OBS-LHHS-1088,Rural Health,ACC-HHS-HRSA-RURAL-HEALTH,2025,House Reported,"400,907",SRC-CRPT-118HRPT585,312,https://www.congress.gov/118/crpt/hrpt585/CRPT-118hrpt585.pdf#page=312,,,auto-validated,G112
OBS-LHHS-0874,Immunization and Respiratory Diseases,ACC-HHS-CDC-IMMUNIZATION,2025,House Reported,"237,358",SRC-CRPT-118HRPT585,314,https://www.congress.gov/118/crpt/hrpt585/CRPT-118hrpt585.pdf#page=314,,,auto-validated,G112
OBS-LHHS-0132,Centers for Disease Control and Prevention (agency total),ACC-HHS-CDC-TOTAL,2025,House Reported,"6,259,858",SRC-CRPT-118HRPT585,316,https://www.congress.gov/118/crpt/hrpt585/CRPT-118hrpt585.pdf#page=316,,,auto-validated,G120
OBS-LHHS-0326,National Cancer Institute,ACC-HHS-NIH-NCI,2025,House Reported,"7,875,289",SRC-CRPT-118HRPT585,317,https://www.congress.gov/118/crpt/hrpt585/CRPT-118hrpt585.pdf#page=317,,,auto-validated,G112
OBS-LHHS-0005,Head Start,ACC-HHS-ACF-HEAD-START,2025,House Reported,"12,296,820",SRC-CRPT-118HRPT585,328,https://www.congress.gov/118/crpt/hrpt585/CRPT-118hrpt585.pdf#page=328,,,auto-validated,G112
OBS-LHHS-0392,Office of the Secretary (agency total),ACC-HHS-OS-TOTAL,2025,House Reported,"1,753,995",SRC-CRPT-118HRPT585,338,https://www.congress.gov/118/crpt/hrpt585/CRPT-118hrpt585.pdf#page=338,,,auto-validated,G112
OBS-LHHS-0437,"Title II, Department of Health and Human Services (title total)",ACC-HHS-TITLE-II-TOTAL,2025,House Reported,"1,293,225,058",SRC-CRPT-118HRPT585,339,https://www.congress.gov/118/crpt/hrpt585/CRPT-118hrpt585.pdf#page=339,,,auto-validated,G120
OBS-LHHS-0086,Administration for a Healthy America (agency total),ACC-HHS-AHA-TOTAL,2026,President's Budget,"574,803",SRC-CRPT-119HRPT271,334,https://www.congress.gov/119/crpt/hrpt271/CRPT-119hrpt271.pdf#page=334,,,auto-validated,G105
OBS-LHHS-0087,Administration for a Healthy America (agency total),ACC-HHS-AHA-TOTAL,2026,President's Budget,"579,688",SRC-CRPT-119HRPT271,334,https://www.congress.gov/119/crpt/hrpt271/CRPT-119hrpt271.pdf#page=334,,,auto-validated,G105
OBS-LHHS-1059,Maternal and Child Health,ACC-HHS-HRSA-MCH,2026,President's Budget,"896,846",SRC-CRPT-119HRPT271,337,https://www.congress.gov/119/crpt/hrpt271/CRPT-119hrpt271.pdf#page=337,,,auto-validated,G105
OBS-LHHS-1025,Health Systems,ACC-HHS-HRSA-HEALTH-SYSTEMS,2026,President's Budget,"110,887",SRC-CRPT-119HRPT271,338,https://www.congress.gov/119/crpt/hrpt271/CRPT-119hrpt271.pdf#page=338,,,auto-validated,G105
OBS-LHHS-1093,Rural Health,ACC-HHS-HRSA-RURAL-HEALTH,2026,President's Budget,"283,830",SRC-CRPT-119HRPT271,339,https://www.congress.gov/119/crpt/hrpt271/CRPT-119hrpt271.pdf#page=339,,,auto-validated,G105
OBS-LHHS-0317,Vaccine Injury Compensation Program Trust Fund,ACC-HHS-HRSA-VICTF,2026,House Reported,"287,262",SRC-CRPT-119HRPT271,340,https://www.congress.gov/119/crpt/hrpt271/CRPT-119hrpt271.pdf#page=340,,,auto-validated,G111
OBS-LHHS-0318,Vaccine Injury Compensation Program Trust Fund,ACC-HHS-HRSA-VICTF,2026,President's Budget,"287,262",SRC-CRPT-119HRPT271,340,https://www.congress.gov/119/crpt/hrpt271/CRPT-119hrpt271.pdf#page=340,,,auto-validated,G111
OBS-LHHS-0477,Health Resources and Services Administration (agency total),ACC-HHS-HRSA-TOTAL,2025,Enacted,"8,286,229",SRC-CRPT-119HRPT271,340,https://www.congress.gov/119/crpt/hrpt271/CRPT-119hrpt271.pdf#page=340,,,unverified,G115
OBS-LHHS-0810,Emerging and Zoonotic Infectious Diseases,ACC-HHS-CDC-EMERGING-ZOONOTIC,2026,House Reported,"777,372",SRC-CRPT-119HRPT271,340,https://www.congress.gov/119/crpt/hrpt271/CRPT-119hrpt271.pdf#page=340,,,auto-validated,G105
OBS-LHHS-0738,"Birth Defects, Developmental Disabilities, Disabilities and Health",ACC-HHS-CDC-BIRTH-DEFECTS,2025,Enacted,"206,060",SRC-CRPT-119HRPT271,341,https://www.congress.gov/119/crpt/hrpt271/CRPT-119hrpt271.pdf#page=341,,,auto-validated,G105
OBS-LHHS-0743,"Birth Defects, Developmental Disabilities, Disabilities and Health",ACC-HHS-CDC-BIRTH-DEFECTS,2026,House Reported,"208,560",SRC-CRPT-119HRPT271,341,https://www.congress.gov/119/crpt/hrpt271/CRPT-119hrpt271.pdf#page=341,,,auto-validated,G105
OBS-LHHS-0896,Injury Prevention and Control,ACC-HHS-CDC-INJURY-PREVENTION,2026,President's Budget,"550,079",SRC-CRPT-119HRPT271,341,https://www.congress.gov/119/crpt/hrpt271/CRPT-119hrpt271.pdf#page=341,,,auto-validated,G105
OBS-LHHS-0942,CDC-Wide Activities and Program Support,ACC-HHS-CDC-PROGRAM-SUPPORT,2026,House Reported,"523,570",SRC-CRPT-119HRPT271,342,https://www.congress.gov/119/crpt/hrpt271/CRPT-119hrpt271.pdf#page=342,,,auto-validated,G111
OBS-LHHS-0331,National Cancer Institute,ACC-HHS-NIH-NCI,2026,President's Budget,"4,530,833",SRC-CRPT-119HRPT271,343,https://www.congress.gov/119/crpt/hrpt271/CRPT-119hrpt271.pdf#page=343,,,auto-validated,G105
OBS-LHHS-1302,National Institute of Allergy and Infectious Diseases,ACC-HHS-NIH-NIAID,2026,House Reported,"6,582,279",SRC-CRPT-119HRPT271,343,https://www.congress.gov/119/crpt/hrpt271/CRPT-119hrpt271.pdf#page=343,,,auto-validated,G105
OBS-LHHS-1398,National Institute of Dental and Craniofacial Research,ACC-HHS-NIH-NIDCR,2025,Enacted,"520,163",SRC-CRPT-119HRPT271,343,https://www.congress.gov/119/crpt/hrpt271/CRPT-119hrpt271.pdf#page=343,,,auto-validated,G105
OBS-LHHS-1449,National Institute of General Medical Sciences,ACC-HHS-NIH-NIGMS,2025,Enacted,"1,832,197",SRC-CRPT-119HRPT271,343,https://www.congress.gov/119/crpt/hrpt271/CRPT-119hrpt271.pdf#page=343,,,auto-validated,G105
OBS-LHHS-1131,National Institute of Behavioral Health,ACC-HHS-NIH-BEHAVIORAL-HEALTH,2026,President's Budget,"2,687,238",SRC-CRPT-119HRPT271,344,https://www.congress.gov/119/crpt/hrpt271/CRPT-119hrpt271.pdf#page=344,,,auto-validated,G105
OBS-LHHS-1121,Advanced Research Projects Agency for Health,ACC-HHS-NIH-ARPA-H,2025,Enacted,"1,500,000",SRC-CRPT-119HRPT271,345,https://www.congress.gov/119/crpt/hrpt271/CRPT-119hrpt271.pdf#page=345,,,auto-validated,G105
OBS-LHHS-1534,National Library of Medicine,ACC-HHS-NIH-NLM,2025,Enacted,"497,548",SRC-CRPT-119HRPT271,345,https://www.congress.gov/119/crpt/hrpt271/CRPT-119hrpt271.pdf#page=345,,,auto-validated,G105
OBS-LHHS-1539,National Library of Medicine,ACC-HHS-NIH-NLM,2026,House Reported,"497,548",SRC-CRPT-119HRPT271,345,https://www.congress.gov/119/crpt/hrpt271/CRPT-119hrpt271.pdf#page=345,,,auto-validated,G105
OBS-LHHS-1677,Mental Health,ACC-HHS-SAMHSA-MENTAL-HEALTH,2026,President's Budget,"1,463,331",SRC-CRPT-119HRPT271,346,https://www.congress.gov/119/crpt/hrpt271/CRPT-119hrpt271.pdf#page=346,347,https://www.congress.gov/119/crpt/hrpt271/CRPT-119hrpt271.pdf#page=347,auto-validated,G103
OBS-LHHS-1693,Substance Abuse Prevention,ACC-HHS-SAMHSA-PREVENTION,2026,House Reported,"205,009",SRC-CRPT-119HRPT271,348,https://www.congress.gov/119/crpt/hrpt271/CRPT-119hrpt271.pdf#page=348,,,auto-validated,G105
OBS-LHHS-0468,Grants to States for Medicaid,ACC-HHS-CMS-MEDICAID,2025,Enacted,"-245,580,414",SRC-CRPT-119HRPT271,350,https://www.congress.gov/119/crpt/hrpt271/CRPT-119hrpt271.pdf#page=350,,,unverified,G115
OBS-LHHS-0221,Centers for Medicare & Medicaid Services (agency total),ACC-HHS-CMS-TOTAL,2026,House Reported,"1,422,895,907",SRC-CRPT-119HRPT271,351,https://www.congress.gov/119/crpt/hrpt271/CRPT-119hrpt271.pdf#page=351,,,auto-validated,G111
OBS-LHHS-0222,Centers for Medicare & Medicaid Services (agency total),ACC-HHS-CMS-TOTAL,2026,President's Budget,"1,422,885,907",SRC-CRPT-119HRPT271,351,https://www.congress.gov/119/crpt/hrpt271/CRPT-119hrpt271.pdf#page=351,,,auto-validated,G111
OBS-LHHS-0626,Payments to States for Child Support Enforcement and Family Support Programs,ACC-HHS-ACF-CHILD-SUPPORT,2025,Enacted,"5,524,000",SRC-CRPT-119HRPT271,353,https://www.congress.gov/119/crpt/hrpt271/CRPT-119hrpt271.pdf#page=353,,,auto-validated,G105
OBS-LHHS-0053,Administration for Children and Families (agency total),ACC-HHS-ACF-TOTAL,2026,President's Budget,"26,759,350",SRC-CRPT-119HRPT271,356,https://www.congress.gov/119/crpt/hrpt271/CRPT-119hrpt271.pdf#page=356,,,auto-validated,G105
OBS-LHHS-0457,Administration for Children and Families (agency total),ACC-HHS-ACF-TOTAL,2025,Enacted,"51,897,205",SRC-CRPT-119HRPT271,356,https://www.congress.gov/119/crpt/hrpt271/CRPT-119hrpt271.pdf#page=356,,,unverified,G115
OBS-LHHS-0370,"NIH Innovation Account, CURES Act",ACC-HHS-NIH-CURES,2026,House Reported,"226,000",SRC-CRPT-119HRPT271,366,https://www.congress.gov/119/crpt/hrpt271/CRPT-119hrpt271.pdf#page=366,350,https://www.congress.gov/119/crpt/hrpt271/CRPT-119hrpt271.pdf#page=350,auto-validated,G095
OBS-LHHS-0374,"NIH Innovation Account, CURES Act",ACC-HHS-NIH-CURES,2026,President's Budget,"226,000",SRC-CRPT-119HRPT271,366,https://www.congress.gov/119/crpt/hrpt271/CRPT-119hrpt271.pdf#page=366,350,https://www.congress.gov/119/crpt/hrpt271/CRPT-119hrpt271.pdf#page=350,auto-validated,G095
OBS-LHHS-0446,"Title II, Department of Health and Human Services (title total)",ACC-HHS-TITLE-II-TOTAL,2026,House Reported,"108,066,863",SRC-CRPT-119HRPT271,366,https://www.congress.gov/119/crpt/hrpt271/CRPT-119hrpt271.pdf#page=366,,,auto-validated,G111
OBS-0285,Office of Inspector General,ACC-NASA-OIG,2025,Enacted,"47,600",SRC-CRPT-119HRPT272,256-257,https://www.congress.gov/119/crpt/hrpt272/CRPT-119hrpt272.pdf#page=256,,,human-verified,G118
OBS-0405,Office of the National Science Board,ACC-NSF-NSB,2025,Enacted,"5,090",SRC-CRPT-119HRPT272,256-257,https://www.congress.gov/119/crpt/hrpt272/CRPT-119hrpt272.pdf#page=256,,,human-verified,G118
OBS-LHHS-1027,Health Systems,ACC-HHS-HRSA-HEALTH-SYSTEMS,2027,House Reported,"126,887",SRC-CRPT-119HRPT696,369,https://www.congress.gov/119/crpt/hrpt696/CRPT-119hrpt696.pdf#page=369,,,auto-validated,G106
OBS-LHHS-1078,HRSA-Wide Activities and Program Support,ACC-HHS-HRSA-PROGRAM-SUPPORT,2027,House Reported,"648,432",SRC-CRPT-119HRPT696,371,https://www.congress.gov/119/crpt/hrpt696/CRPT-119hrpt696.pdf#page=371,,,auto-validated,G106
OBS-LHHS-0864,"HIV/AIDS, Viral Hepatitis, Sexually Transmitted Diseases, and Tuberculosis Prevention",ACC-HHS-CDC-HIV-HEPATITIS-STD-TB,2027,House Reported,"566,000",SRC-CRPT-119HRPT696,372,https://www.congress.gov/119/crpt/hrpt696/CRPT-119hrpt696.pdf#page=372,,,auto-validated,G106
OBS-LHHS-0146,Centers for Disease Control and Prevention (agency total),ACC-HHS-CDC-TOTAL,2027,House Reported,"6,723,092",SRC-CRPT-119HRPT696,373,https://www.congress.gov/119/crpt/hrpt696/CRPT-119hrpt696.pdf#page=373,,,auto-validated,G114
OBS-LHHS-0148,Centers for Disease Control and Prevention (agency total),ACC-HHS-CDC-TOTAL,2027,President's Budget,"6,140,461",SRC-CRPT-119HRPT696,373,https://www.congress.gov/119/crpt/hrpt696/CRPT-119hrpt696.pdf#page=373,,,auto-validated,G114
OBS-LHHS-1340,National Institute of Biomedical Imaging and Bioengineering,ACC-HHS-NIH-NIBIB,2027,President's Budget,"408,391",SRC-CRPT-119HRPT696,375,https://www.congress.gov/119/crpt/hrpt696/CRPT-119hrpt696.pdf#page=375,,,auto-validated,G106
OBS-LHHS-1487,National Institute on Minority Health and Health Disparities,ACC-HHS-NIH-NIMHD,2026,Enacted,"538,395",SRC-CRPT-119HRPT696,375,https://www.congress.gov/119/crpt/hrpt696/CRPT-119hrpt696.pdf#page=375,,,auto-validated,G106
OBS-LHHS-1709,Health Surveillance and Program Support,ACC-HHS-SAMHSA-PROGRAM-SUPPORT,2026,Enacted,"117,255",SRC-CRPT-119HRPT696,378,https://www.congress.gov/119/crpt/hrpt696/CRPT-119hrpt696.pdf#page=378,,,auto-validated,G106
OBS-LHHS-1713,Health Surveillance and Program Support,ACC-HHS-SAMHSA-PROGRAM-SUPPORT,2027,House Reported,"117,255",SRC-CRPT-119HRPT696,378,https://www.congress.gov/119/crpt/hrpt696/CRPT-119hrpt696.pdf#page=378,,,auto-validated,G106
OBS-LHHS-0224,Centers for Medicare & Medicaid Services (agency total),ACC-HHS-CMS-TOTAL,2027,House Reported,"1,481,377,040",SRC-CRPT-119HRPT696,382,https://www.congress.gov/119/crpt/hrpt696/CRPT-119hrpt696.pdf#page=382,,,auto-validated,G114
OBS-LHHS-0617,Children and Families Services Programs,ACC-HHS-ACF-CFSP,2027,House Reported,"14,587,087",SRC-CRPT-119HRPT696,386,https://www.congress.gov/119/crpt/hrpt696/CRPT-119hrpt696.pdf#page=386,,,auto-validated,G106
OBS-LHHS-0618,Children and Families Services Programs,ACC-HHS-ACF-CFSP,2027,President's Budget,"13,754,443",SRC-CRPT-119HRPT696,386,https://www.congress.gov/119/crpt/hrpt696/CRPT-119hrpt696.pdf#page=386,,,auto-validated,G106
OBS-LHHS-0716,"Operations, Preparedness, and Emergency Response",ACC-HHS-ASPR-OPER,2027,House Reported,"335,606",SRC-CRPT-119HRPT696,392,https://www.congress.gov/119/crpt/hrpt696/CRPT-119hrpt696.pdf#page=392,,,auto-validated,G114
OBS-0084,Science,ACC-NASA-SCIENCE,2026,President's Budget,"3,907,600",SRC-EXPL-FY2026-PB,128-130,https://rules.house.gov/sites/evo-subsites/rules.house.gov/files/documents/division-a-commerce-justice-science_0.pdf#page=128,,,human-verified,G104
OBS-0124,Aeronautics,ACC-NASA-AERONAUTICS,2026,President's Budget,"588,700",SRC-EXPL-FY2026-PB,128-130,https://rules.house.gov/sites/evo-subsites/rules.house.gov/files/documents/division-a-commerce-justice-science_0.pdf#page=128,,,human-verified,G104
OBS-0161,Space Technology,ACC-NASA-SPACETECH,2026,Enacted,"920,500",SRC-EXPL-FY2026-PB,128-130,https://rules.house.gov/sites/evo-subsites/rules.house.gov/files/documents/division-a-commerce-justice-science_0.pdf#page=128,,,human-verified,G104
OBS-0164,Space Technology,ACC-NASA-SPACETECH,2026,President's Budget,"568,900",SRC-EXPL-FY2026-PB,128-130,https://rules.house.gov/sites/evo-subsites/rules.house.gov/files/documents/division-a-commerce-justice-science_0.pdf#page=128,,,human-verified,G104
OBS-0201,"Science, Technology, Engineering, and Mathematics Engagement",ACC-NASA-STEM-ENGAGEMENT,2026,Enacted,"143,000",SRC-EXPL-FY2026-PB,128-130,https://rules.house.gov/sites/evo-subsites/rules.house.gov/files/documents/division-a-commerce-justice-science_0.pdf#page=128,,,human-verified,G104
OBS-0241,"Safety, Security and Mission Services",ACC-NASA-SAFETY-SECURITY,2026,Enacted,"3,000,000",SRC-EXPL-FY2026-PB,128-130,https://rules.house.gov/sites/evo-subsites/rules.house.gov/files/documents/division-a-commerce-justice-science_0.pdf#page=128,113-115,https://rules.house.gov/sites/evo-subsites/rules.house.gov/files/documents/division-a-commerce-justice-science_0.pdf#page=113,human-verified,G102
OBS-0244,"Safety, Security and Mission Services",ACC-NASA-SAFETY-SECURITY,2026,President's Budget,"2,118,300",SRC-EXPL-FY2026-PB,128-130,https://rules.house.gov/sites/evo-subsites/rules.house.gov/files/documents/division-a-commerce-justice-science_0.pdf#page=128,,,human-verified,G104
OBS-0281,Office of Inspector General,ACC-NASA-OIG,2026,Enacted,"46,500",SRC-EXPL-FY2026-PB,128-130,https://rules.house.gov/sites/evo-subsites/rules.house.gov/files/documents/division-a-commerce-justice-science_0.pdf#page=128,,,human-verified,G104
OBS-0284,Office of Inspector General,ACC-NASA-OIG,2026,President's Budget,"40,700",SRC-EXPL-FY2026-PB,128-130,https://rules.house.gov/sites/evo-subsites/rules.house.gov/files/documents/division-a-commerce-justice-science_0.pdf#page=128,,,human-verified,G104
OBS-0321,STEM Education,ACC-NSF-STEM-EDUCATION,2026,Enacted,"938,250",SRC-EXPL-FY2026-PB,128-130,https://rules.house.gov/sites/evo-subsites/rules.house.gov/files/documents/division-a-commerce-justice-science_0.pdf#page=128,,,human-verified,G104
OBS-0361,Agency Operations and Award Management,ACC-NSF-AGENCY-OPS,2026,Enacted,"355,000",SRC-EXPL-FY2026-PB,128-130,https://rules.house.gov/sites/evo-subsites/rules.house.gov/files/documents/division-a-commerce-justice-science_0.pdf#page=128,,,human-verified,G104
OBS-0364,Agency Operations and Award Management,ACC-NSF-AGENCY-OPS,2026,President's Budget,"355,000",SRC-EXPL-FY2026-PB,128-130,https://rules.house.gov/sites/evo-subsites/rules.house.gov/files/documents/division-a-commerce-justice-science_0.pdf#page=128,,,human-verified,G104
OBS-0404,Office of the National Science Board,ACC-NSF-NSB,2026,President's Budget,"3,000",SRC-EXPL-FY2026-PB,128-130,https://rules.house.gov/sites/evo-subsites/rules.house.gov/files/documents/division-a-commerce-justice-science_0.pdf#page=128,,,human-verified,G104
OBS-0441,Office of Inspector General,ACC-NSF-OIG,2026,Enacted,"24,160",SRC-EXPL-FY2026-PB,128-130,https://rules.house.gov/sites/evo-subsites/rules.house.gov/files/documents/division-a-commerce-justice-science_0.pdf#page=128,,,human-verified,G104
OBS-0444,Office of Inspector General,ACC-NSF-OIG,2026,President's Budget,"18,000",SRC-EXPL-FY2026-PB,128-130,https://rules.house.gov/sites/evo-subsites/rules.house.gov/files/documents/division-a-commerce-justice-science_0.pdf#page=128,,,human-verified,G104
OBS-0481,Space Operations,ACC-NASA-SPACEOPS,2026,Enacted,"4,175,000",SRC-EXPL-FY2026-PB,128-130,https://rules.house.gov/sites/evo-subsites/rules.house.gov/files/documents/division-a-commerce-justice-science_0.pdf#page=128,,,human-verified,G104
OBS-0484,Space Operations,ACC-NASA-SPACEOPS,2026,President's Budget,"3,131,900",SRC-EXPL-FY2026-PB,128-130,https://rules.house.gov/sites/evo-subsites/rules.house.gov/files/documents/division-a-commerce-justice-science_0.pdf#page=128,,,human-verified,G104
OBS-0528,Exploration,ACC-NASA-EXPLORATION,2026,Enacted,"7,783,000",SRC-EXPL-FY2026-PB,128-130,https://rules.house.gov/sites/evo-subsites/rules.house.gov/files/documents/division-a-commerce-justice-science_0.pdf#page=128,,,human-verified,G104
OBS-0531,Exploration,ACC-NASA-EXPLORATION,2026,President's Budget,"8,312,900",SRC-EXPL-FY2026-PB,128-130,https://rules.house.gov/sites/evo-subsites/rules.house.gov/files/documents/division-a-commerce-justice-science_0.pdf#page=128,,,human-verified,G104
OBS-0608,Construction and Environmental Compliance and Restoration,ACC-NASA-CONSTRUCTION,2026,Enacted,"185,336",SRC-EXPL-FY2026-PB,128-130,https://rules.house.gov/sites/evo-subsites/rules.house.gov/files/documents/division-a-commerce-justice-science_0.pdf#page=128,,,human-verified,G104
OBS-0611,Construction and Environmental Compliance and Restoration,ACC-NASA-CONSTRUCTION,2026,President's Budget,"140,100",SRC-EXPL-FY2026-PB,128-130,https://rules.house.gov/sites/evo-subsites/rules.house.gov/files/documents/division-a-commerce-justice-science_0.pdf#page=128,,,human-verified,G104
OBS-0688,Research and Related Activities,ACC-NSF-RRA,2026,Enacted,"7,057,700",SRC-EXPL-FY2026-PB,128-130,https://rules.house.gov/sites/evo-subsites/rules.house.gov/files/documents/division-a-commerce-justice-science_0.pdf#page=128,,,human-verified,G104
OBS-0691,Research and Related Activities,ACC-NSF-RRA,2026,President's Budget,"3,166,840",SRC-EXPL-FY2026-PB,128-130,https://rules.house.gov/sites/evo-subsites/rules.house.gov/files/documents/division-a-commerce-justice-science_0.pdf#page=128,,,human-verified,G104
OBS-0728,Research and Related Activities,ACC-NSF-RRA,2026,Enacted,"118,800",SRC-EXPL-FY2026-PB,128-130,https://rules.house.gov/sites/evo-subsites/rules.house.gov/files/documents/division-a-commerce-justice-science_0.pdf#page=128,,,human-verified,G104
OBS-0731,Research and Related Activities,ACC-NSF-RRA,2026,President's Budget,"109,310",SRC-EXPL-FY2026-PB,128-130,https://rules.house.gov/sites/evo-subsites/rules.house.gov/files/documents/division-a-commerce-justice-science_0.pdf#page=128,,,human-verified,G104
OBS-0804,Major Research Equipment and Facilities Construction,ACC-NSF-MREFC,2026,Enacted,"251,000",SRC-EXPL-FY2026-PB,128-130,https://rules.house.gov/sites/evo-subsites/rules.house.gov/files/documents/division-a-commerce-justice-science_0.pdf#page=128,,,human-verified,G104
OBS-0807,Major Research Equipment and Facilities Construction,ACC-NSF-MREFC,2026,President's Budget,"251,000",SRC-EXPL-FY2026-PB,128-130,https://rules.house.gov/sites/evo-subsites/rules.house.gov/files/documents/division-a-commerce-justice-science_0.pdf#page=128,,,human-verified,G104
OBS-LHHS-0290,Primary Health Care,ACC-HHS-HRSA-PRIMARY-CARE,2026,Enacted,"1,858,772",SRC-EXPL-LHHS-FY2026-ENACTED,281,https://www.govinfo.gov/content/pkg/CREC-2026-01-22/pdf/CREC-2026-01-22-pt2-PgH1353-2.pdf#page=281,,,auto-validated,G107
OBS-LHHS-0316,Vaccine Injury Compensation Program Trust Fund,ACC-HHS-HRSA-VICTF,2026,Enacted,"287,262",SRC-EXPL-LHHS-FY2026-ENACTED,284,https://www.govinfo.gov/content/pkg/CREC-2026-01-22/pdf/CREC-2026-01-22-pt2-PgH1353-2.pdf#page=284,,,auto-validated,G107
OBS-LHHS-0172,Grants to States for Medicaid,ACC-HHS-CMS-MEDICAID,2026,Enacted,"824,663,516",SRC-EXPL-LHHS-FY2026-ENACTED,289,https://www.govinfo.gov/content/pkg/CREC-2026-01-22/pdf/CREC-2026-01-22-pt2-PgH1353-2.pdf#page=289,,,auto-validated,G107
OBS-LHHS-0174,Grants to States for Medicaid,ACC-HHS-CMS-MEDICAID,2026,Enacted,"-261,063,820",SRC-EXPL-LHHS-FY2026-ENACTED,289,https://www.govinfo.gov/content/pkg/CREC-2026-01-22/pdf/CREC-2026-01-22-pt2-PgH1353-2.pdf#page=289,,,auto-validated,G107
OBS-LHHS-0207,Program Management,ACC-HHS-CMS-PROGRAM-MANAGEMENT,2026,Enacted,"3,669,744",SRC-EXPL-LHHS-FY2026-ENACTED,289,https://www.govinfo.gov/content/pkg/CREC-2026-01-22/pdf/CREC-2026-01-22-pt2-PgH1353-2.pdf#page=289,,,auto-validated,G107
OBS-LHHS-0220,Centers for Medicare & Medicaid Services (agency total),ACC-HHS-CMS-TOTAL,2026,Enacted,"1,423,091,260",SRC-EXPL-LHHS-FY2026-ENACTED,290,https://www.govinfo.gov/content/pkg/CREC-2026-01-22/pdf/CREC-2026-01-22-pt2-PgH1353-2.pdf#page=290,,,auto-validated,G107
OBS-LHHS-0074,Administration for Community Living (agency total),ACC-HHS-ACL-TOTAL,2026,Enacted,"2,508,979",SRC-EXPL-LHHS-FY2026-ENACTED,294,https://www.govinfo.gov/content/pkg/CREC-2026-01-22/pdf/CREC-2026-01-22-pt2-PgH1353-2.pdf#page=294,,,auto-validated,G107
OBS-LHHS-0250,Medicare Operations (Title II general provision),ACC-HHS-GP-MEDICARE-OPERATIONS,2026,Enacted,"455,000",SRC-EXPL-LHHS-FY2026-ENACTED,296,https://www.govinfo.gov/content/pkg/CREC-2026-01-22/pdf/CREC-2026-01-22-pt2-PgH1353-2.pdf#page=296,259,https://www.govinfo.gov/content/pkg/CREC-2026-01-22/pdf/CREC-2026-01-22-pt2-PgH1353-2.pdf#page=259,auto-validated,G096
OBS-LHHS-0366,"NIH Innovation Account, CURES Act",ACC-HHS-NIH-CURES,2026,Enacted,"226,000",SRC-EXPL-LHHS-FY2026-ENACTED,296,https://www.govinfo.gov/content/pkg/CREC-2026-01-22/pdf/CREC-2026-01-22-pt2-PgH1353-2.pdf#page=296,332,https://www.govinfo.gov/content/pkg/CREC-2026-01-22/pdf/CREC-2026-01-22-pt2-PgH1353-2.pdf#page=332,auto-validated,G096
OBS-LHHS-0443,"Title II, Department of Health and Human Services (title total)",ACC-HHS-TITLE-II-TOTAL,2026,Enacted,"1,553,262,357",SRC-EXPL-LHHS-FY2026-ENACTED,296,https://www.govinfo.gov/content/pkg/CREC-2026-01-22/pdf/CREC-2026-01-22-pt2-PgH1353-2.pdf#page=296,,,auto-validated,G107
