item,id,source_document_id,reason,detail,from
observation,OBS-0285,SRC-CRPT-119HRPT272,page not confirmed by text search,"source_page 256-257: 47,600 (in $ thousands) not found on it by text or OCR; not found within 40 pages either way",reference/review/links/page_check_misses_v36.csv
observation,OBS-0405,SRC-CRPT-119HRPT272,page not confirmed by text search,"source_page 256-257: 5,090 (in $ thousands) not found on it by text or OCR; not found within 40 pages either way",reference/review/links/page_check_misses_v36.csv
observation,OBS-0928,SRC-CRPT-119HRPT272,page not confirmed by text search,"source_page 256-257: 9,060,000 (in $ thousands) not found on it by text or OCR; not found within 40 pages either way",reference/review/links/page_check_misses_v36.csv
observation,OBS-0084,SRC-EXPL-FY2026-PB,page not confirmed by text search,"source_page 128-130: 3,907,600 (in $ thousands) not found on it by text or OCR; not found within 40 pages either way",reference/review/links/page_check_misses_v36.csv
observation,OBS-0124,SRC-EXPL-FY2026-PB,page not confirmed by text search,"source_page 128-130: 588,700 (in $ thousands) not found on it by text or OCR; not found within 40 pages either way",reference/review/links/page_check_misses_v36.csv
observation,OBS-0161,SRC-EXPL-FY2026-PB,page not confirmed by text search,"source_page 128-130: 920,500 (in $ thousands) not found on it by text or OCR; not found within 40 pages either way",reference/review/links/page_check_misses_v36.csv
observation,OBS-0164,SRC-EXPL-FY2026-PB,page not confirmed by text search,"source_page 128-130: 568,900 (in $ thousands) not found on it by text or OCR; not found within 40 pages either way",reference/review/links/page_check_misses_v36.csv
observation,OBS-0201,SRC-EXPL-FY2026-PB,page not confirmed by text search,"source_page 128-130: 143,000 (in $ thousands) not found on it by text or OCR; not found within 40 pages either way",reference/review/links/page_check_misses_v36.csv
observation,OBS-0241,SRC-EXPL-FY2026-PB,page not confirmed by text search,"source_page 128-130: 3,000,000 (in $ thousands) not found on it by text or OCR; the nearest page with it is -15 pages away",reference/review/links/page_check_misses_v36.csv
observation,OBS-0244,SRC-EXPL-FY2026-PB,page not confirmed by text search,"source_page 128-130: 2,118,300 (in $ thousands) not found on it by text or OCR; not found within 40 pages either way",reference/review/links/page_check_misses_v36.csv
observation,OBS-0281,SRC-EXPL-FY2026-PB,page not confirmed by text search,"source_page 128-130: 46,500 (in $ thousands) not found on it by text or OCR; not found within 40 pages either way",reference/review/links/page_check_misses_v36.csv
observation,OBS-0284,SRC-EXPL-FY2026-PB,page not confirmed by text search,"source_page 128-130: 40,700 (in $ thousands) not found on it by text or OCR; not found within 40 pages either way",reference/review/links/page_check_misses_v36.csv
observation,OBS-0321,SRC-EXPL-FY2026-PB,page not confirmed by text search,"source_page 128-130: 938,250 (in $ thousands) not found on it by text or OCR; not found within 40 pages either way",reference/review/links/page_check_misses_v36.csv
observation,OBS-0361,SRC-EXPL-FY2026-PB,page not confirmed by text search,"source_page 128-130: 355,000 (in $ thousands) not found on it by text or OCR; not found within 40 pages either way",reference/review/links/page_check_misses_v36.csv
observation,OBS-0364,SRC-EXPL-FY2026-PB,page not confirmed by text search,"source_page 128-130: 355,000 (in $ thousands) not found on it by text or OCR; not found within 40 pages either way",reference/review/links/page_check_misses_v36.csv
observation,OBS-0404,SRC-EXPL-FY2026-PB,page not confirmed by text search,"source_page 128-130: 3,000 (in $ thousands) not found on it by text or OCR; not found within 40 pages either way",reference/review/links/page_check_misses_v36.csv
observation,OBS-0441,SRC-EXPL-FY2026-PB,page not confirmed by text search,"source_page 128-130: 24,160 (in $ thousands) not found on it by text or OCR; not found within 40 pages either way",reference/review/links/page_check_misses_v36.csv
observation,OBS-0444,SRC-EXPL-FY2026-PB,page not confirmed by text search,"source_page 128-130: 18,000 (in $ thousands) not found on it by text or OCR; not found within 40 pages either way",reference/review/links/page_check_misses_v36.csv
observation,OBS-0481,SRC-EXPL-FY2026-PB,page not confirmed by text search,"source_page 128-130: 4,175,000 (in $ thousands) not found on it by text or OCR; not found within 40 pages either way",reference/review/links/page_check_misses_v36.csv
observation,OBS-0484,SRC-EXPL-FY2026-PB,page not confirmed by text search,"source_page 128-130: 3,131,900 (in $ thousands) not found on it by text or OCR; not found within 40 pages either way",reference/review/links/page_check_misses_v36.csv
observation,OBS-0528,SRC-EXPL-FY2026-PB,page not confirmed by text search,"source_page 128-130: 7,783,000 (in $ thousands) not found on it by text or OCR; not found within 40 pages either way",reference/review/links/page_check_misses_v36.csv
observation,OBS-0531,SRC-EXPL-FY2026-PB,page not confirmed by text search,"source_page 128-130: 8,312,900 (in $ thousands) not found on it by text or OCR; not found within 40 pages either way",reference/review/links/page_check_misses_v36.csv
observation,OBS-0608,SRC-EXPL-FY2026-PB,page not confirmed by text search,"source_page 128-130: 185,336 (in $ thousands) not found on it by text or OCR; not found within 40 pages either way",reference/review/links/page_check_misses_v36.csv
observation,OBS-0611,SRC-EXPL-FY2026-PB,page not confirmed by text search,"source_page 128-130: 140,100 (in $ thousands) not found on it by text or OCR; not found within 40 pages either way",reference/review/links/page_check_misses_v36.csv
observation,OBS-0688,SRC-EXPL-FY2026-PB,page not confirmed by text search,"source_page 128-130: 7,057,700 (in $ thousands) not found on it by text or OCR; not found within 40 pages either way",reference/review/links/page_check_misses_v36.csv
observation,OBS-0691,SRC-EXPL-FY2026-PB,page not confirmed by text search,"source_page 128-130: 3,166,840 (in $ thousands) not found on it by text or OCR; not found within 40 pages either way",reference/review/links/page_check_misses_v36.csv
observation,OBS-0728,SRC-EXPL-FY2026-PB,page not confirmed by text search,"source_page 128-130: 118,800 (in $ thousands) not found on it by text or OCR; not found within 40 pages either way",reference/review/links/page_check_misses_v36.csv
observation,OBS-0731,SRC-EXPL-FY2026-PB,page not confirmed by text search,"source_page 128-130: 109,310 (in $ thousands) not found on it by text or OCR; not found within 40 pages either way",reference/review/links/page_check_misses_v36.csv
observation,OBS-0804,SRC-EXPL-FY2026-PB,page not confirmed by text search,"source_page 128-130: 251,000 (in $ thousands) not found on it by text or OCR; not found within 40 pages either way",reference/review/links/page_check_misses_v36.csv
observation,OBS-0807,SRC-EXPL-FY2026-PB,page not confirmed by text search,"source_page 128-130: 251,000 (in $ thousands) not found on it by text or OCR; not found within 40 pages either way",reference/review/links/page_check_misses_v36.csv
observation,OBS-0884,SRC-EXPL-FY2026-PB,page not confirmed by text search,"source_page 128-130: 24,438,336 (in $ thousands) not found on it by text or OCR; not found within 40 pages either way",reference/review/links/page_check_misses_v36.csv
observation,OBS-0887,SRC-EXPL-FY2026-PB,page not confirmed by text search,"source_page 128-130: 18,809,100 (in $ thousands) not found on it by text or OCR; not found within 40 pages either way",reference/review/links/page_check_misses_v36.csv
observation,OBS-0924,SRC-EXPL-FY2026-PB,page not confirmed by text search,"source_page 128-130: 8,750,000 (in $ thousands) not found on it by text or OCR; not found within 40 pages either way",reference/review/links/page_check_misses_v36.csv
observation,OBS-0927,SRC-EXPL-FY2026-PB,page not confirmed by text search,"source_page 128-130: 3,903,150 (in $ thousands) not found on it by text or OCR; not found within 40 pages either way",reference/review/links/page_check_misses_v36.csv
observation,OBS-0129,SRC-CRPT-118HRPT582,page not confirmed by text search,"source_page 247-248: 935,000 (in $ thousands) not found on it by text or OCR; not found within 40 pages either way",reference/review/links/page_check_misses_v36.csv
observation,OBS-0169,SRC-CRPT-118HRPT582,page not confirmed by text search,"source_page 247-248: 1,100,000 (in $ thousands) not found on it by text or OCR; not found within 40 pages either way",reference/review/links/page_check_misses_v36.csv
observation,OBS-0408,SRC-CRPT-118HRPT582,page not confirmed by text search,"source_page 247-248: 5,220 (in $ thousands) not found on it by text or OCR; not found within 40 pages either way",reference/review/links/page_check_misses_v36.csv
observation,OBS-0409,SRC-CRPT-118HRPT582,page not confirmed by text search,"source_page 247-248: 5,090 (in $ thousands) not found on it by text or OCR; not found within 40 pages either way",reference/review/links/page_check_misses_v36.csv
observation,OBS-0448,SRC-CRPT-118HRPT582,page not confirmed by text search,"source_page 247-248: 28,460 (in $ thousands) not found on it by text or OCR; not found within 40 pages either way",reference/review/links/page_check_misses_v36.csv
observation,OBS-0771,SRC-CRPT-118HRPT582,page not confirmed by text search,"source_page 247-248: 420,000 (in $ thousands) not found on it by text or OCR; not found within 40 pages either way",reference/review/links/page_check_misses_v36.csv
observation,OBS-0890,SRC-CRPT-118HRPT582,page not confirmed by text search,"source_page 247-248: 25,178,640 (in $ thousands) not found on it by text or OCR; not found within 40 pages either way",reference/review/links/page_check_misses_v36.csv
observation,OBS-0017,SRC-CRPT-117HRPT395,page not confirmed by text search,"source_page 219-220: 6,652 (in $ thousands) not found on it by text or OCR; not found within 40 pages either way",reference/review/links/page_check_misses_v36.csv
observation,OBS-0255,SRC-CRPT-117HRPT395,page not confirmed by text search,"source_page 219-220: 3,138,700 (in $ thousands) not found on it by text or OCR; the nearest page with it is -14 pages away",reference/review/links/page_check_misses_v36.csv
observation,OBS-0256,SRC-CRPT-117HRPT395,page not confirmed by text search,"source_page 219-220: 3,208,700 (in $ thousands) not found on it by text or OCR; not found within 40 pages either way",reference/review/links/page_check_misses_v36.csv
observation,OBS-0337,SRC-CRPT-117HRPT395,page not confirmed by text search,"source_page 219-220: 1,006,000 (in $ thousands) not found on it by text or OCR; not found within 40 pages either way",reference/review/links/page_check_misses_v36.csv
observation,OBS-0542,SRC-CRPT-117HRPT395,page not confirmed by text search,"source_page 219-220: 7,323,700 (in $ thousands) not found on it by text or OCR; the nearest page with it is -14 pages away",reference/review/links/page_check_misses_v36.csv
observation,OBS-0938,SRC-CRPT-117HRPT395,page not confirmed by text search,"source_page 219-220: 9,631,243 (in $ thousands) not found on it by text or OCR; not found within 40 pages either way",reference/review/links/page_check_misses_v36.csv
observation,OBS-0939,SRC-CRPT-117HRPT395,page not confirmed by text search,"source_page 219-220: 10,492,080 (in $ thousands) not found on it by text or OCR; not found within 40 pages either way",reference/review/links/page_check_misses_v36.csv
observation,OBS-0940,SRC-CRPT-117HRPT395,page not confirmed by text search,"source_page 219-220: 8,838,000 (in $ thousands) not found on it by text or OCR; not found within 40 pages either way",reference/review/links/page_check_misses_v36.csv
observation,OBS-0942,SRC-CRPT-117HRPT97,page not confirmed by text search,"source_page 213-214: 9,634,036 (in $ thousands) not found on it by text or OCR; not found within 40 pages either way",reference/review/links/page_check_misses_v36.csv
observation,OBS-0023,SRC-CRPT-116HRPT455,page not confirmed by text search,"source_page 187-188: 5,544 (in $ thousands) not found on it by text or OCR; not found within 40 pages either way",reference/review/links/page_check_misses_v36.csv
observation,OBS-0025,SRC-CRPT-116HRPT455,page not confirmed by text search,"source_page 187-188: 5,544 (in $ thousands) not found on it by text or OCR; not found within 40 pages either way",reference/review/links/page_check_misses_v36.csv
observation,OBS-0103,SRC-CRPT-116HRPT455,page not confirmed by text search,"source_page 187-188: 7,097,500 (in $ thousands) not found on it by text or OCR; the nearest page with it is -12 pages away",reference/review/links/page_check_misses_v36.csv
observation,OBS-0907,SRC-CRPT-116HRPT455,page not confirmed by text search,"source_page 187-188: 25,245,985 (in $ thousands) not found on it by text or OCR; not found within 40 pages either way",reference/review/links/page_check_misses_v36.csv
observation,OBS-0067,SRC-CRPT-116HRPT101,page not confirmed by text search,"source_page 148-149: 1,870 (in $ thousands) not found on it by text or OCR; not found within 40 pages either way",reference/review/links/page_check_misses_v36.csv
observation,OBS-0068,SRC-CRPT-116HRPT101,page not confirmed by text search,"source_page 148-149: 1,870 (in $ thousands) not found on it by text or OCR; not found within 40 pages either way",reference/review/links/page_check_misses_v36.csv
observation,OBS-0069,SRC-CRPT-116HRPT101,page not confirmed by text search,"source_page 148-149: 1,965 (in $ thousands) not found on it by text or OCR; not found within 40 pages either way",reference/review/links/page_check_misses_v36.csv
observation,OBS-0107,SRC-CRPT-116HRPT101,page not confirmed by text search,"source_page 148-149: 7,161,300 (in $ thousands) not found on it by text or OCR; the nearest page with it is -15 pages away",reference/review/links/page_check_misses_v36.csv
observation,OBS-0269,SRC-CRPT-116HRPT101,page not confirmed by text search,"source_page 148-149: 2,755,000 (in $ thousands) not found on it by text or OCR; not found within 40 pages either way",reference/review/links/page_check_misses_v36.csv
observation,OBS-0389,SRC-CRPT-116HRPT101,page not confirmed by text search,"source_page 148-149: 329,540 (in $ thousands) not found on it by text or OCR; not found within 40 pages either way",reference/review/links/page_check_misses_v36.csv
observation,OBS-0428,SRC-CRPT-116HRPT101,page not confirmed by text search,"source_page 148-149: 4,100 (in $ thousands) not found on it by text or OCR; not found within 40 pages either way",reference/review/links/page_check_misses_v36.csv
observation,OBS-0554,SRC-CRPT-116HRPT101,page not confirmed by text search,"source_page 148-149: 5,129,900 (in $ thousands) not found on it by text or OCR; the nearest page with it is -14 pages away",reference/review/links/page_check_misses_v36.csv
observation,OBS-0112,SRC-CRPT-115HRPT704,page not confirmed by text search,"source_page 128-129: 5,895,000 (in $ thousands) not found on it by text or OCR; not found within 40 pages either way",reference/review/links/page_check_misses_v36.csv
observation,OBS-0233,SRC-CRPT-115HRPT704,page not confirmed by text search,"source_page 128-129: 100,000 (in $ thousands) not found on it by text or OCR; the nearest page with it is -12 pages away",reference/review/links/page_check_misses_v36.csv
observation,OBS-0116,SRC-CRPT-115HRPT231,page not confirmed by text search,"source_page 120-121: 5,711,800 (in $ thousands) not found on it by text or OCR; not found within 40 pages either way",reference/review/links/page_check_misses_v36.csv
observation,OBS-0117,SRC-CRPT-115HRPT231,page not confirmed by text search,"source_page 120-121: 5,764,900 (in $ thousands) not found on it by text or OCR; the nearest page with it is -13 pages away",reference/review/links/page_check_misses_v36.csv
observation,OBS-0236,SRC-CRPT-115HRPT231,page not confirmed by text search,"source_page 120-121: 37,300 (in $ thousands) not found on it by text or OCR; not found within 40 pages either way",reference/review/links/page_check_misses_v36.csv
observation,OBS-0476,SRC-CRPT-115HRPT231,page not confirmed by text search,"source_page 120-121: 15,008 (in $ thousands) not found on it by text or OCR; not found within 40 pages either way",reference/review/links/page_check_misses_v36.csv
observation,OBS-0643,SRC-CRPT-115HRPT231,page not confirmed by text search,"source_page 120-121: 496,100 (in $ thousands) not found on it by text or OCR; not found within 40 pages either way",reference/review/links/page_check_misses_v36.csv
observation,OBS-0520,SRC-CRPT-114HRPT605,page not confirmed by text search,"source_page 114-115: 5,075,800 (in $ thousands) not found on it by text or OCR; not found within 40 pages either way",reference/review/links/page_check_misses_v36.csv
observation,OBS-LHHS-0005,SRC-CRPT-118HRPT585,page not confirmed by text search,"source_page 328: 12,296,820 (in $ thousands) not found on it by text or OCR; not found within 40 pages either way",reference/review/links/page_check_misses_v36.csv
observation,OBS-LHHS-0132,SRC-CRPT-118HRPT585,page not confirmed by text search,"source_page 316: 6,259,858 (in $ thousands) not found on it by text or OCR; not found within 40 pages either way",reference/review/links/page_check_misses_v36.csv
observation,OBS-LHHS-0326,SRC-CRPT-118HRPT585,page not confirmed by text search,"source_page 317: 7,875,289 (in $ thousands) not found on it by text or OCR; not found within 40 pages either way",reference/review/links/page_check_misses_v36.csv
observation,OBS-LHHS-0392,SRC-CRPT-118HRPT585,page not confirmed by text search,"source_page 338: 1,753,995 (in $ thousands) not found on it by text or OCR; not found within 40 pages either way",reference/review/links/page_check_misses_v36.csv
observation,OBS-LHHS-0437,SRC-CRPT-118HRPT585,page not confirmed by text search,"source_page 339: 1,293,225,058 (in $ thousands) not found on it by text or OCR; not found within 40 pages either way",reference/review/links/page_check_misses_v36.csv
observation,OBS-LHHS-0874,SRC-CRPT-118HRPT585,page not confirmed by text search,"source_page 314: 237,358 (in $ thousands) not found on it by text or OCR; not found within 40 pages either way",reference/review/links/page_check_misses_v36.csv
observation,OBS-LHHS-1088,SRC-CRPT-118HRPT585,page not confirmed by text search,"source_page 312: 400,907 (in $ thousands) not found on it by text or OCR; not found within 40 pages either way",reference/review/links/page_check_misses_v36.csv
observation,OBS-LHHS-0053,SRC-CRPT-119HRPT271,page not confirmed by text search,"source_page 356: 26,759,350 (in $ thousands) not found on it by text or OCR; not found within 40 pages either way",reference/review/links/page_check_misses_v36.csv
observation,OBS-LHHS-0086,SRC-CRPT-119HRPT271,page not confirmed by text search,"source_page 334: 574,803 (in $ thousands) not found on it by text or OCR; not found within 40 pages either way",reference/review/links/page_check_misses_v36.csv
observation,OBS-LHHS-0087,SRC-CRPT-119HRPT271,page not confirmed by text search,"source_page 334: 579,688 (in $ thousands) not found on it by text or OCR; not found within 40 pages either way",reference/review/links/page_check_misses_v36.csv
observation,OBS-LHHS-0221,SRC-CRPT-119HRPT271,page not confirmed by text search,"source_page 351: 1,422,895,907 (in $ thousands) not found on it by text or OCR; not found within 40 pages either way",reference/review/links/page_check_misses_v36.csv
observation,OBS-LHHS-0222,SRC-CRPT-119HRPT271,page not confirmed by text search,"source_page 351: 1,422,885,907 (in $ thousands) not found on it by text or OCR; not found within 40 pages either way",reference/review/links/page_check_misses_v36.csv
observation,OBS-LHHS-0317,SRC-CRPT-119HRPT271,page not confirmed by text search,"source_page 340: 287,262 (in $ thousands) not found on it by text or OCR; not found within 40 pages either way",reference/review/links/page_check_misses_v36.csv
observation,OBS-LHHS-0318,SRC-CRPT-119HRPT271,page not confirmed by text search,"source_page 340: 287,262 (in $ thousands) not found on it by text or OCR; not found within 40 pages either way",reference/review/links/page_check_misses_v36.csv
observation,OBS-LHHS-0331,SRC-CRPT-119HRPT271,page not confirmed by text search,"source_page 343: 4,530,833 (in $ thousands) not found on it by text or OCR; not found within 40 pages either way",reference/review/links/page_check_misses_v36.csv
observation,OBS-LHHS-0370,SRC-CRPT-119HRPT271,page not confirmed by text search,"source_page 366: 226,000 (in $ thousands) not found on it by text or OCR; the nearest page with it is -16 pages away",reference/review/links/page_check_misses_v36.csv
observation,OBS-LHHS-0374,SRC-CRPT-119HRPT271,page not confirmed by text search,"source_page 366: 226,000 (in $ thousands) not found on it by text or OCR; the nearest page with it is -16 pages away",reference/review/links/page_check_misses_v36.csv
observation,OBS-LHHS-0446,SRC-CRPT-119HRPT271,page not confirmed by text search,"source_page 366: 108,066,863 (in $ thousands) not found on it by text or OCR; not found within 40 pages either way",reference/review/links/page_check_misses_v36.csv
observation,OBS-LHHS-0457,SRC-CRPT-119HRPT271,page not confirmed by text search,"source_page 356: 51,897,205 (in $ thousands) not found on it by text or OCR; not found within 40 pages either way",reference/review/links/page_check_misses_v36.csv
observation,OBS-LHHS-0468,SRC-CRPT-119HRPT271,page not confirmed by text search,"source_page 350: 245,580,414 (in $ thousands) not found on it by text or OCR; not found within 40 pages either way",reference/review/links/page_check_misses_v36.csv
observation,OBS-LHHS-0477,SRC-CRPT-119HRPT271,page not confirmed by text search,"source_page 340: 8,286,229 (in $ thousands) not found on it by text or OCR; not found within 40 pages either way",reference/review/links/page_check_misses_v36.csv
observation,OBS-LHHS-0626,SRC-CRPT-119HRPT271,page not confirmed by text search,"source_page 353: 5,524,000 (in $ thousands) not found on it by text or OCR; not found within 40 pages either way",reference/review/links/page_check_misses_v36.csv
observation,OBS-LHHS-0738,SRC-CRPT-119HRPT271,page not confirmed by text search,"source_page 341: 206,060 (in $ thousands) not found on it by text or OCR; not found within 40 pages either way",reference/review/links/page_check_misses_v36.csv
observation,OBS-LHHS-0743,SRC-CRPT-119HRPT271,page not confirmed by text search,"source_page 341: 208,560 (in $ thousands) not found on it by text or OCR; not found within 40 pages either way",reference/review/links/page_check_misses_v36.csv
observation,OBS-LHHS-0810,SRC-CRPT-119HRPT271,page not confirmed by text search,"source_page 340: 777,372 (in $ thousands) not found on it by text or OCR; not found within 40 pages either way",reference/review/links/page_check_misses_v36.csv
observation,OBS-LHHS-0896,SRC-CRPT-119HRPT271,page not confirmed by text search,"source_page 341: 550,079 (in $ thousands) not found on it by text or OCR; not found within 40 pages either way",reference/review/links/page_check_misses_v36.csv
observation,OBS-LHHS-0942,SRC-CRPT-119HRPT271,page not confirmed by text search,"source_page 342: 523,570 (in $ thousands) not found on it by text or OCR; not found within 40 pages either way",reference/review/links/page_check_misses_v36.csv
observation,OBS-LHHS-1025,SRC-CRPT-119HRPT271,page not confirmed by text search,"source_page 338: 110,887 (in $ thousands) not found on it by text or OCR; not found within 40 pages either way",reference/review/links/page_check_misses_v36.csv
observation,OBS-LHHS-1059,SRC-CRPT-119HRPT271,page not confirmed by text search,"source_page 337: 896,846 (in $ thousands) not found on it by text or OCR; not found within 40 pages either way",reference/review/links/page_check_misses_v36.csv
observation,OBS-LHHS-1093,SRC-CRPT-119HRPT271,page not confirmed by text search,"source_page 339: 283,830 (in $ thousands) not found on it by text or OCR; not found within 40 pages either way",reference/review/links/page_check_misses_v36.csv
observation,OBS-LHHS-1121,SRC-CRPT-119HRPT271,page not confirmed by text search,"source_page 345: 1,500,000 (in $ thousands) not found on it by text or OCR; not found within 40 pages either way",reference/review/links/page_check_misses_v36.csv
observation,OBS-LHHS-1131,SRC-CRPT-119HRPT271,page not confirmed by text search,"source_page 344: 2,687,238 (in $ thousands) not found on it by text or OCR; not found within 40 pages either way",reference/review/links/page_check_misses_v36.csv
observation,OBS-LHHS-1302,SRC-CRPT-119HRPT271,page not confirmed by text search,"source_page 343: 6,582,279 (in $ thousands) not found on it by text or OCR; not found within 40 pages either way",reference/review/links/page_check_misses_v36.csv
observation,OBS-LHHS-1398,SRC-CRPT-119HRPT271,page not confirmed by text search,"source_page 343: 520,163 (in $ thousands) not found on it by text or OCR; not found within 40 pages either way",reference/review/links/page_check_misses_v36.csv
observation,OBS-LHHS-1449,SRC-CRPT-119HRPT271,page not confirmed by text search,"source_page 343: 1,832,197 (in $ thousands) not found on it by text or OCR; not found within 40 pages either way",reference/review/links/page_check_misses_v36.csv
observation,OBS-LHHS-1534,SRC-CRPT-119HRPT271,page not confirmed by text search,"source_page 345: 497,548 (in $ thousands) not found on it by text or OCR; not found within 40 pages either way",reference/review/links/page_check_misses_v36.csv
observation,OBS-LHHS-1539,SRC-CRPT-119HRPT271,page not confirmed by text search,"source_page 345: 497,548 (in $ thousands) not found on it by text or OCR; not found within 40 pages either way",reference/review/links/page_check_misses_v36.csv
observation,OBS-LHHS-1677,SRC-CRPT-119HRPT271,page not confirmed by text search,"source_page 346: 1,463,331 (in $ thousands) not found on it by text or OCR; the nearest page with it is +1 pages away",reference/review/links/page_check_misses_v36.csv
observation,OBS-LHHS-1693,SRC-CRPT-119HRPT271,page not confirmed by text search,"source_page 348: 205,009 (in $ thousands) not found on it by text or OCR; not found within 40 pages either way",reference/review/links/page_check_misses_v36.csv
observation,OBS-LHHS-0146,SRC-CRPT-119HRPT696,page not confirmed by text search,"source_page 373: 6,723,092 (in $ thousands) not found on it by text or OCR; not found within 40 pages either way",reference/review/links/page_check_misses_v36.csv
observation,OBS-LHHS-0148,SRC-CRPT-119HRPT696,page not confirmed by text search,"source_page 373: 6,140,461 (in $ thousands) not found on it by text or OCR; not found within 40 pages either way",reference/review/links/page_check_misses_v36.csv
observation,OBS-LHHS-0224,SRC-CRPT-119HRPT696,page not confirmed by text search,"source_page 382: 1,481,377,040 (in $ thousands) not found on it by text or OCR; not found within 40 pages either way",reference/review/links/page_check_misses_v36.csv
observation,OBS-LHHS-0617,SRC-CRPT-119HRPT696,page not confirmed by text search,"source_page 386: 14,587,087 (in $ thousands) not found on it by text or OCR; not found within 40 pages either way",reference/review/links/page_check_misses_v36.csv
observation,OBS-LHHS-0618,SRC-CRPT-119HRPT696,page not confirmed by text search,"source_page 386: 13,754,443 (in $ thousands) not found on it by text or OCR; not found within 40 pages either way",reference/review/links/page_check_misses_v36.csv
observation,OBS-LHHS-0716,SRC-CRPT-119HRPT696,page not confirmed by text search,"source_page 392: 335,606 (in $ thousands) not found on it by text or OCR; not found within 40 pages either way",reference/review/links/page_check_misses_v36.csv
observation,OBS-LHHS-0864,SRC-CRPT-119HRPT696,page not confirmed by text search,"source_page 372: 566,000 (in $ thousands) not found on it by text or OCR; not found within 40 pages either way",reference/review/links/page_check_misses_v36.csv
observation,OBS-LHHS-1027,SRC-CRPT-119HRPT696,page not confirmed by text search,"source_page 369: 126,887 (in $ thousands) not found on it by text or OCR; not found within 40 pages either way",reference/review/links/page_check_misses_v36.csv
observation,OBS-LHHS-1078,SRC-CRPT-119HRPT696,page not confirmed by text search,"source_page 371: 648,432 (in $ thousands) not found on it by text or OCR; not found within 40 pages either way",reference/review/links/page_check_misses_v36.csv
observation,OBS-LHHS-1340,SRC-CRPT-119HRPT696,page not confirmed by text search,"source_page 375: 408,391 (in $ thousands) not found on it by text or OCR; not found within 40 pages either way",reference/review/links/page_check_misses_v36.csv
observation,OBS-LHHS-1487,SRC-CRPT-119HRPT696,page not confirmed by text search,"source_page 375: 538,395 (in $ thousands) not found on it by text or OCR; not found within 40 pages either way",reference/review/links/page_check_misses_v36.csv
observation,OBS-LHHS-1709,SRC-CRPT-119HRPT696,page not confirmed by text search,"source_page 378: 117,255 (in $ thousands) not found on it by text or OCR; not found within 40 pages either way",reference/review/links/page_check_misses_v36.csv
observation,OBS-LHHS-1713,SRC-CRPT-119HRPT696,page not confirmed by text search,"source_page 378: 117,255 (in $ thousands) not found on it by text or OCR; not found within 40 pages either way",reference/review/links/page_check_misses_v36.csv
observation,OBS-LHHS-0074,SRC-EXPL-LHHS-FY2026-ENACTED,page not confirmed by text search,"source_page 294: 2,508,979 (in $ thousands) not found on it by text or OCR; not found within 40 pages either way",reference/review/links/page_check_misses_v36.csv
observation,OBS-LHHS-0172,SRC-EXPL-LHHS-FY2026-ENACTED,page not confirmed by text search,"source_page 289: 824,663,516 (in $ thousands) not found on it by text or OCR; not found within 40 pages either way",reference/review/links/page_check_misses_v36.csv
observation,OBS-LHHS-0174,SRC-EXPL-LHHS-FY2026-ENACTED,page not confirmed by text search,"source_page 289: 261,063,820 (in $ thousands) not found on it by text or OCR; not found within 40 pages either way",reference/review/links/page_check_misses_v36.csv
observation,OBS-LHHS-0207,SRC-EXPL-LHHS-FY2026-ENACTED,page not confirmed by text search,"source_page 289: 3,669,744 (in $ thousands) not found on it by text or OCR; not found within 40 pages either way",reference/review/links/page_check_misses_v36.csv
observation,OBS-LHHS-0220,SRC-EXPL-LHHS-FY2026-ENACTED,page not confirmed by text search,"source_page 290: 1,423,091,260 (in $ thousands) not found on it by text or OCR; not found within 40 pages either way",reference/review/links/page_check_misses_v36.csv
observation,OBS-LHHS-0250,SRC-EXPL-LHHS-FY2026-ENACTED,page not confirmed by text search,"source_page 296: 455,000 (in $ thousands) not found on it by text or OCR; the nearest page with it is -37 pages away",reference/review/links/page_check_misses_v36.csv
observation,OBS-LHHS-0290,SRC-EXPL-LHHS-FY2026-ENACTED,page not confirmed by text search,"source_page 281: 1,858,772 (in $ thousands) not found on it by text or OCR; not found within 40 pages either way",reference/review/links/page_check_misses_v36.csv
observation,OBS-LHHS-0316,SRC-EXPL-LHHS-FY2026-ENACTED,page not confirmed by text search,"source_page 284: 287,262 (in $ thousands) not found on it by text or OCR; not found within 40 pages either way",reference/review/links/page_check_misses_v36.csv
observation,OBS-LHHS-0366,SRC-EXPL-LHHS-FY2026-ENACTED,page not confirmed by text search,"source_page 296: 226,000 (in $ thousands) not found on it by text or OCR; the nearest page with it is +36 pages away",reference/review/links/page_check_misses_v36.csv
observation,OBS-LHHS-0443,SRC-EXPL-LHHS-FY2026-ENACTED,page not confirmed by text search,"source_page 296: 1,553,262,357 (in $ thousands) not found on it by text or OCR; not found within 40 pages either way",reference/review/links/page_check_misses_v36.csv
observation,OBS-LHHS-0514,SRC-CRPT-117HRPT403,page not confirmed by text search,"source_page 802: 1,946,772 (in $ thousands) not found on it by text or OCR; not found within 40 pages either way",reference/review/links/page_check_misses_v36.csv
observation,OBS-LHHS-0515,SRC-CRPT-117HRPT403,page not confirmed by text search,"source_page 802: 1,839,022 (in $ thousands) not found on it by text or OCR; not found within 40 pages either way",reference/review/links/page_check_misses_v36.csv
observation,OBS-LHHS-0884,SRC-CRPT-117HRPT403,page not confirmed by text search,"source_page 812: 897,779 (in $ thousands) not found on it by text or OCR; not found within 40 pages either way",reference/review/links/page_check_misses_v36.csv
observation,OBS-LHHS-1188,SRC-CRPT-117HRPT403,page not confirmed by text search,"source_page 815: 183,368 (in $ thousands) not found on it by text or OCR; not found within 40 pages either way",reference/review/links/page_check_misses_v36.csv
observation,OBS-LHHS-1360,SRC-CRPT-117HRPT403,page not confirmed by text search,"source_page 815: 1,843,326 (in $ thousands) not found on it by text or OCR; not found within 40 pages either way",reference/review/links/page_check_misses_v36.csv
observation,OBS-LHHS-1377,SRC-CRPT-117HRPT403,page not confirmed by text search,"source_page 815: 508,704 (in $ thousands) not found on it by text or OCR; not found within 40 pages either way",reference/review/links/page_check_misses_v36.csv
observation,OBS-LHHS-1460,SRC-CRPT-117HRPT403,page not confirmed by text search,"source_page 815: 2,203,775 (in $ thousands) not found on it by text or OCR; not found within 40 pages either way",reference/review/links/page_check_misses_v36.csv
observation,OBS-LHHS-1478,SRC-CRPT-117HRPT403,page not confirmed by text search,"source_page 815: 659,817 (in $ thousands) not found on it by text or OCR; not found within 40 pages either way",reference/review/links/page_check_misses_v36.csv
observation,OBS-0964,SRC-CBO-HR8845-FY2027,interim source: re-source to H.Rpt. 119-652 when the rest of CJS is ingested,"FY2027 House Reported transfer -100,000,000 (ACC-DOJ-CVF); figure owner-verified, outside Title III","data/staged.json (SRC-CBO-HR8845-FY2027 note, v38)"
observation,OBS-0965,SRC-CBO-HR8845-FY2027,interim source: re-source to H.Rpt. 119-652 when the rest of CJS is ingested,"FY2027 House Reported transfer -10,000,000 (ACC-DOJ-CVF); figure owner-verified, outside Title III","data/staged.json (SRC-CBO-HR8845-FY2027 note, v38)"
observation,OBS-0966,SRC-CBO-HR8845-FY2027,interim source: re-source to H.Rpt. 119-652 when the rest of CJS is ingested,"FY2027 House Reported rescission -2,670,000,000 (ACC-DOJ-CVF); figure owner-verified, outside Title III","data/staged.json (SRC-CBO-HR8845-FY2027 note, v38)"
observation,OBS-0967,SRC-CBO-HR8845-FY2027,interim source: re-source to H.Rpt. 119-652 when the rest of CJS is ingested,"FY2027 House Reported rescission 0 (ACC-DOJ-CVF); figure owner-verified, outside Title III","data/staged.json (SRC-CBO-HR8845-FY2027 note, v38)"
observation,OBS-0968,SRC-CBO-HR8845-FY2027,interim source: re-source to H.Rpt. 119-652 when the rest of CJS is ingested,"FY2027 House Reported budget authority 21,000,000 (ACC-DOJ-AFF); figure owner-verified, outside Title III","data/staged.json (SRC-CBO-HR8845-FY2027 note, v38)"
observation,OBS-0969,SRC-CBO-HR8845-FY2027,interim source: re-source to H.Rpt. 119-652 when the rest of CJS is ingested,"FY2027 House Reported rescission -150,000,000 (ACC-DOJ-WCF); figure owner-verified, outside Title III","data/staged.json (SRC-CBO-HR8845-FY2027 note, v38)"
observation,OBS-0970,SRC-CBO-HR8845-FY2027,interim source: re-source to H.Rpt. 119-652 when the rest of CJS is ingested,"FY2027 House Reported budget authority 0 (ACC-DOJ-WCF); figure owner-verified, outside Title III","data/staged.json (SRC-CBO-HR8845-FY2027 note, v38)"
observation,OBS-0971,SRC-CBO-HR8845-FY2027,interim source: re-source to H.Rpt. 119-652 when the rest of CJS is ingested,"FY2027 House Reported budget authority 5,160,000,000 (ACC-USPTO-SE); figure owner-verified, outside Title III","data/staged.json (SRC-CBO-HR8845-FY2027 note, v38)"
observation,OBS-0972,SRC-CBO-HR8845-FY2027,interim source: re-source to H.Rpt. 119-652 when the rest of CJS is ingested,"FY2027 House Reported offsetting_collection -5,160,000,000 (ACC-USPTO-SE); figure owner-verified, outside Title III","data/staged.json (SRC-CBO-HR8845-FY2027 note, v38)"
observation,OBS-0973,SRC-CBO-HR8845-FY2027,interim source: re-source to H.Rpt. 119-652 when the rest of CJS is ingested,"FY2027 House Reported transfer -2,000,000 (ACC-USPTO-SE); figure owner-verified, outside Title III","data/staged.json (SRC-CBO-HR8845-FY2027 note, v38)"
observation,OBS-0974,SRC-CBO-HR8845-FY2027,interim source: re-source to H.Rpt. 119-652 when the rest of CJS is ingested,"FY2027 House Reported budget authority 313,000,000 (ACC-DOJ-ANTITRUST-SE); figure owner-verified, outside Title III","data/staged.json (SRC-CBO-HR8845-FY2027 note, v38)"
observation,OBS-0975,SRC-CBO-HR8845-FY2027,interim source: re-source to H.Rpt. 119-652 when the rest of CJS is ingested,"FY2027 House Reported offsetting_collection -313,000,000 (ACC-DOJ-ANTITRUST-SE); figure owner-verified, outside Title III","data/staged.json (SRC-CBO-HR8845-FY2027 note, v38)"
observation,OBS-0976,SRC-CBO-HR8845-FY2027,interim source: re-source to H.Rpt. 119-652 when the rest of CJS is ingested,"FY2027 House Reported budget authority 198,000,000 (ACC-DOJ-USTSF); figure owner-verified, outside Title III","data/staged.json (SRC-CBO-HR8845-FY2027 note, v38)"
observation,OBS-0977,SRC-CBO-HR8845-FY2027,interim source: re-source to H.Rpt. 119-652 when the rest of CJS is ingested,"FY2027 House Reported offsetting_collection -279,000,000 (ACC-DOJ-USTSF); figure owner-verified, outside Title III","data/staged.json (SRC-CBO-HR8845-FY2027 note, v38)"
observation,OBS-0978,SRC-CBO-HR8845-FY2027,interim source: re-source to H.Rpt. 119-652 when the rest of CJS is ingested,"FY2027 House Reported budget authority 4,008,000,000 (ACC-NOAA-ORF); figure owner-verified, outside Title III","data/staged.json (SRC-CBO-HR8845-FY2027 note, v38)"
observation,OBS-0979,SRC-CBO-HR8845-FY2027,interim source: re-source to H.Rpt. 119-652 when the rest of CJS is ingested,"FY2027 House Reported transfer 659,000,000 (ACC-NOAA-ORF); figure owner-verified, outside Title III","data/staged.json (SRC-CBO-HR8845-FY2027 note, v38)"
observation,OBS-0980,SRC-CBO-HR8845-FY2027,interim source: re-source to H.Rpt. 119-652 when the rest of CJS is ingested,"FY2027 House Reported rescission -75,000,000 (ACC-NOAA-ORF); figure owner-verified, outside Title III","data/staged.json (SRC-CBO-HR8845-FY2027 note, v38)"
observation,OBS-0981,SRC-CBO-HR8845-FY2027,interim source: re-source to H.Rpt. 119-652 when the rest of CJS is ingested,"FY2027 House Reported transfer -659,000,000 (ACC-NOAA-PDF); figure owner-verified, outside Title III","data/staged.json (SRC-CBO-HR8845-FY2027 note, v38)"
observation,OBS-0982,SRC-CBO-HR8845-FY2027,interim source: re-source to H.Rpt. 119-652 when the rest of CJS is ingested,"FY2027 House Reported rescission -175,000,000 (ACC-DOJ-OJP-RESC); figure owner-verified, outside Title III","data/staged.json (SRC-CBO-HR8845-FY2027 note, v38)"
observation,OBS-0983,SRC-CBO-HR8845-FY2027,interim source: re-source to H.Rpt. 119-652 when the rest of CJS is ingested,"FY2027 House Reported budget authority 0 (ACC-DOJ-OJP-RESC); figure owner-verified, outside Title III","data/staged.json (SRC-CBO-HR8845-FY2027 note, v38)"
observation,OBS-0984,SRC-CBO-HR8845-FY2027,interim source: re-source to H.Rpt. 119-652 when the rest of CJS is ingested,"FY2027 House Reported transfer 100,000,000 (ACC-DOJ-VAWA); figure owner-verified, outside Title III","data/staged.json (SRC-CBO-HR8845-FY2027 note, v38)"
observation,OBS-0985,SRC-CBO-HR8845-FY2027,interim source: re-source to H.Rpt. 119-652 when the rest of CJS is ingested,"FY2027 House Reported transfer 10,000,000 (ACC-DOJ-OIG); figure owner-verified, outside Title III","data/staged.json (SRC-CBO-HR8845-FY2027 note, v38)"
