fiscal_year,stage,source_document_id,source_page,printed_total_title_iii_thousands,store_ostp_nsc_nasa_total_nsf_total_thousands,difference_thousands,same_document_as_the_agency_totals,note
2016,Enacted,SRC-CRPT-114HRPT605,115,26754040,,,no,
2016,Enacted,SRC-CRPT-114SRPT239,140,26754040,,,no,
2017,President's Budget,SRC-CRPT-114HRPT605,115,25831686,25831686,0,yes,
2017,President's Budget,SRC-CRPT-114SRPT239,140,25831686,25831686,0,no,
2017,House Reported,SRC-CRPT-114HRPT605,115,26919685,26919685,0,yes,
2017,Senate Reported,SRC-CRPT-114SRPT239,140,26821343,26821343,0,yes,
2017,Enacted,SRC-CRPT-115HRPT231,121,27131070,27131070,0,yes,
2017,Enacted,SRC-CRPT-115SRPT139,141,27131070,27131070,0,no,
2018,President's Budget,SRC-CRPT-115HRPT231,121,25750632,25750632,0,yes,
2018,President's Budget,SRC-CRPT-115SRPT139,141,25750632,25750632,0,no,
2018,House Reported,SRC-CRPT-115HRPT231,121,27216903,27216903,0,yes,
2018,Senate Reported,SRC-CRPT-115SRPT139,141,26845927,26845927,0,yes,
2018,Enacted,SRC-CRPT-115HRPT704,129,28511005,28511005,0,yes,
2018,Enacted,SRC-CRPT-115SRPT275,158,28511005,28511005,0,no,
2019,President's Budget,SRC-CRPT-115HRPT704,129,27371709,27371709,0,yes,
2019,President's Budget,SRC-CRPT-115SRPT275,158,27371709,27371709,0,no,
2019,House Reported,SRC-CRPT-115HRPT704,129,29728139,29728139,0,yes,
2019,Senate Reported,SRC-CRPT-115SRPT275,158,29399576,29399576,0,yes,
2019,Enacted,SRC-CRPT-116HRPT101,149,29582509,29582509,0,yes,
2019,Enacted,SRC-CRPT-116SRPT127,192,29582509,29582509,0,no,
2020,President's Budget,SRC-CRPT-116HRPT101,149,28091870,28091870,0,yes,
2020,President's Budget,SRC-CRPT-116SRPT127,192,29688570,28091870,1596700,no,"Senate budget estimate includes the May 13, 2019 budget amendments (1,596,700: Science 90,000, Exploration Technology 132,000, Deep Space Exploration Systems 1,374,700), which the House request column and the store's totals keep as separate budget_amendment lines"
2020,House Reported,SRC-CRPT-116HRPT101,149,30958011,30958011,0,yes,
2020,Senate Reported,SRC-CRPT-116SRPT127,192,31074509,31074509,0,yes,
2020,Enacted,SRC-CRPT-116HRPT455,188,30914839,30914839,0,yes,
2021,President's Budget,SRC-CRPT-116HRPT455,188,32994350,32994350,0,yes,
2021,House Reported,SRC-CRPT-116HRPT455,188,31184852,31184852,0,yes,
2021,Enacted,SRC-CRPT-117HRPT97,214,31765546,31765546,0,yes,
2022,President's Budget,SRC-CRPT-117HRPT97,214,34979417,34979417,0,yes,
2022,House Reported,SRC-CRPT-117HRPT97,214,34681553,34681553,0,yes,
2022,Enacted,SRC-CRPT-117HRPT395,220,32887917,32887917,0,yes,
2023,President's Budget,SRC-CRPT-117HRPT395,220,36475810,36475810,0,yes,
2023,House Reported,SRC-CRPT-117HRPT395,220,35087373,35087373,0,yes,
2023,Enacted,SRC-CRPT-118SRPT62,220,33865480,33865480,0,yes,
2024,President's Budget,SRC-CRPT-118SRPT62,220,38549893,38549893,0,yes,
2024,Senate Reported,SRC-CRPT-118SRPT62,220,34510250,34510250,0,yes,
2024,Enacted,SRC-CRPT-118HRPT582,248,33944930,33944930,0,yes,
2024,Enacted,SRC-CRPT-118SRPT198,228,33944930,33944930,0,no,
2025,President's Budget,SRC-CRPT-118HRPT582,248,35575670,35575670,0,yes,
2025,President's Budget,SRC-CRPT-118SRPT198,228,35575670,35575670,0,no,
2025,House Reported,SRC-CRPT-118HRPT582,248,34444689,34444689,0,yes,
2025,Senate Reported,SRC-CRPT-118SRPT198,228,34993630,34992630,1000,yes,"store's NASA total OBS-0889 is 25,432,700 but this page prints 25,433,700 -- the printed Title III total only adds up with the printed NASA total"
2025,Enacted,SRC-CRPT-119HRPT272,257,33908257,33908257,0,yes,
2025,Enacted,SRC-CRPT-119SRPT44,219,33908257,33908257,0,no,
2025,Enacted,SRC-EXPL-FY2026-PB,130,33908257,33908257,0,no,
2026,President's Budget,SRC-EXPL-FY2026-PB,130,22722180,22722180,0,yes,
2026,House Reported,SRC-CRPT-119HRPT272,257,31848257,31848257,0,yes,
2026,Senate Reported,SRC-CRPT-119SRPT44,219,33909609,33909609,0,yes,
2026,Enacted,SRC-EXPL-FY2026-PB,130,33196301,33196301,0,yes,
