fiscal_year,stage,source_document_id,source_page,printed_total_title_iii_thousands
2016,Enacted,SRC-CRPT-114HRPT605,115,26754040
2016,Enacted,SRC-CRPT-114SRPT239,140,26754040
2017,President's Budget,SRC-CRPT-114HRPT605,115,25831686
2017,President's Budget,SRC-CRPT-114SRPT239,140,25831686
2017,House Reported,SRC-CRPT-114HRPT605,115,26919685
2017,Senate Reported,SRC-CRPT-114SRPT239,140,26821343
2017,Enacted,SRC-CRPT-115HRPT231,121,27131070
2017,Enacted,SRC-CRPT-115SRPT139,141,27131070
2018,President's Budget,SRC-CRPT-115HRPT231,121,25750632
2018,President's Budget,SRC-CRPT-115SRPT139,141,25750632
2018,House Reported,SRC-CRPT-115HRPT231,121,27216903
2018,Senate Reported,SRC-CRPT-115SRPT139,141,26845927
2018,Enacted,SRC-CRPT-115HRPT704,129,28511005
2018,Enacted,SRC-CRPT-115SRPT275,158,28511005
2019,President's Budget,SRC-CRPT-115HRPT704,129,27371709
2019,President's Budget,SRC-CRPT-115SRPT275,158,27371709
2019,House Reported,SRC-CRPT-115HRPT704,129,29728139
2019,Senate Reported,SRC-CRPT-115SRPT275,158,29399576
2019,Enacted,SRC-CRPT-116HRPT101,149,29582509
2019,Enacted,SRC-CRPT-116SRPT127,192,29582509
2020,President's Budget,SRC-CRPT-116HRPT101,149,28091870
2020,President's Budget,SRC-CRPT-116SRPT127,192,29688570
2020,House Reported,SRC-CRPT-116HRPT101,149,30958011
2020,Senate Reported,SRC-CRPT-116SRPT127,192,31074509
2020,Enacted,SRC-CRPT-116HRPT455,188,30914839
2021,President's Budget,SRC-CRPT-116HRPT455,188,32994350
2021,House Reported,SRC-CRPT-116HRPT455,188,31184852
2021,Enacted,SRC-CRPT-117HRPT97,214,31765546
2022,President's Budget,SRC-CRPT-117HRPT97,214,34979417
2022,House Reported,SRC-CRPT-117HRPT97,214,34681553
2022,Enacted,SRC-CRPT-117HRPT395,220,32887917
2023,President's Budget,SRC-CRPT-117HRPT395,220,36475810
2023,House Reported,SRC-CRPT-117HRPT395,220,35087373
2023,Enacted,SRC-CRPT-118SRPT62,220,33865480
2024,President's Budget,SRC-CRPT-118SRPT62,220,38549893
2024,Senate Reported,SRC-CRPT-118SRPT62,220,34510250
2024,Enacted,SRC-CRPT-118HRPT582,248,33944930
2024,Enacted,SRC-CRPT-118SRPT198,228,33944930
2025,President's Budget,SRC-CRPT-118HRPT582,248,35575670
2025,President's Budget,SRC-CRPT-118SRPT198,228,35575670
2025,House Reported,SRC-CRPT-118HRPT582,248,34444689
2025,Senate Reported,SRC-CRPT-118SRPT198,228,34993630
2025,Enacted,SRC-CRPT-119HRPT272,257,33908257
2025,Enacted,SRC-CRPT-119SRPT44,219,33908257
2025,Enacted,SRC-EXPL-FY2026-PB,130,33908257
2026,President's Budget,SRC-EXPL-FY2026-PB,130,22722180
2026,House Reported,SRC-CRPT-119HRPT272,257,31848257
2026,Senate Reported,SRC-CRPT-119SRPT44,219,33909609
2026,Enacted,SRC-EXPL-FY2026-PB,130,33196301
