group,family,rule_applied,result,verification_status,subcommittee,source_document_id,count,proposed_disposition,reason,examples
G001,memo-of-which,structural,flag,unverified,LHHS,SRC-CRPT-118SRPT207,21,A,"informational: the memo lines printed under this total are 'of which' amounts or alternate (program-level) totals, not its parts; a memo breakdown cannot confirm the figure","VAL-LHHS-00385 ACC-HHS-AHRQ-TOTAL FY2024 Enacted: memo breakdown [(Evaluation Funding (PHS Act Sec 241))] sums to 0 | 369,000 as printed || VAL-LHHS-03884 ACC-HHS-CMS-HCFAC FY2025 President's Budget: memo breakdown [Program integrity (cap adjustment)] sums to 630,000 | 941,000 as printed || VAL-LHHS-06667 ACC-HHS-SAMHSA-TREATMENT FY2025 Senate Reported: memo breakdown [(Evaluation Funding (PHS Act Sec 241))] sums to 81,200 | 4,154,098 as printed"
G002,memo-of-which,structural,flag,unverified,LHHS,SRC-CRPT-118SRPT84,18,A,"informational: the memo lines printed under this total are 'of which' amounts or alternate (program-level) totals, not its parts; a memo breakdown cannot confirm the figure","VAL-LHHS-00376 ACC-HHS-AHRQ-TOTAL FY2023 Enacted: memo breakdown [(Evaluation Tap Funding)] sums to 0 | 373,500 as printed || VAL-LHHS-03867 ACC-HHS-CMS-HCFAC FY2024 Senate Reported: memo breakdown [Program integrity (cap adjustment)] sums to 604,000 | 915,000 as printed || VAL-LHHS-06644 ACC-HHS-SAMHSA-TREATMENT FY2024 Senate Reported: memo breakdown [(Evaluation Tap Funding)] sums to 81,200 | 4,138,098 as printed"
G003,memo-of-which,structural,flag,unverified,LHHS,SRC-CRPT-119HRPT696,14,A,"informational: the memo lines printed under this total are 'of which' amounts or alternate (program-level) totals, not its parts; a memo breakdown cannot confirm the figure","VAL-LHHS-01789 ACC-HHS-SAMHSA-TOTAL FY2027 House Reported: memo breakdown [(Evaluation Funding (PHS Act Sec. 241)); (Prevention and Public Health Fun | 7,148,608 as printed || VAL-LHHS-06167 ACC-HHS-OS-GDM FY2027 President's Budget: memo breakdown [(Evaluation Funding (PHS Act Sec. 241))] sums to 9,900 | 409,646 as printed || VAL-LHHS-06699 ACC-HHS-SAMHSA-TREATMENT FY2027 President's Budget: memo breakdown [(Evaluation Funding (PHS Act Sec. 241)); Subtotal, Substance Abuse Treatme | 488,202 as printed"
G004,memo-of-which,structural,flag,unverified,LHHS,SRC-CRPT-119HRPT271,13,A,"informational: the memo lines printed under this total are 'of which' amounts or alternate (program-level) totals, not its parts; a memo breakdown cannot confirm the figure","VAL-LHHS-01762 ACC-HHS-SAMHSA-TOTAL FY2026 House Reported: memo breakdown [(Evaluation Funding (PHS Act Sec. 241)); (Prevention and Public Health Fun | 6,932,188 as printed || VAL-LHHS-06146 ACC-HHS-OS-GDM FY2026 House Reported: memo breakdown [(Evaluation Funding (PHS Act Sec. 241))] sums to 58,028 | 549,161 as printed || VAL-LHHS-06678 ACC-HHS-SAMHSA-TREATMENT FY2026 House Reported: memo breakdown [(Evaluation Funding (PHS Act Sec. 241)); Subtotal, Substance Abuse Treatme | 3,929,763 as printed"
G005,memo-of-which,structural,flag,unverified,LHHS,SRC-CRPT-117HRPT403,10,A,"informational: the memo lines printed under this total are 'of which' amounts or alternate (program-level) totals, not its parts; a memo breakdown cannot confirm the figure","VAL-LHHS-02103 ACC-HHS-NIH-TOTAL FY2023 House Reported: memo breakdown [(Evaluation Tap Funding)] sums to 1,420,700 | 46,038,300 as printed || VAL-LHHS-03844 ACC-HHS-CMS-HCFAC FY2023 President's Budget: memo breakdown [Program integrity (cap adjustment)] sums to 576,000 | 899,000 as printed || VAL-LHHS-06415 ACC-HHS-SAMHSA-MENTAL-HEALTH FY2023 President's Budget: memo breakdown [(Evaluation Tap Funding); (Prevention and Public Health Fund 1/); Subtotal | 4,182,687 as printed"
G006,memo-of-which,structural,flag,unverified,LHHS,SRC-CRPT-119SRPT55,7,A,"informational: the memo lines printed under this total are 'of which' amounts or alternate (program-level) totals, not its parts; a memo breakdown cannot confirm the figure","VAL-LHHS-00460 ACC-HHS-AHRQ-TOTAL FY2026 Senate Reported: memo breakdown [(Evaluation Funding (PHS Act Sec 241))] sums to 0 | 345,380 as printed || VAL-LHHS-03910 ACC-HHS-CMS-HCFAC FY2026 Senate Reported: memo breakdown [Program integrity (cap adjustment)] sums to 630,000 | 941,000 as printed || VAL-LHHS-06689 ACC-HHS-SAMHSA-TREATMENT FY2026 Senate Reported: memo breakdown [(Evaluation Funding (PHS Act Sec 241))] sums to 81,200 | 4,103,098 as printed"
G007,memo-of-which,structural,flag,flagged,LHHS,SRC-CRPT-118SRPT84,6,A,"informational: the memo lines printed under this total are 'of which' amounts or alternate (program-level) totals, not its parts; a memo breakdown cannot confirm the figure","VAL-LHHS-01374 ACC-HHS-NIH-TOTAL FY2023 Enacted: memo breakdown [(Evaluation Tap Funding)] sums to 1,412,482 | 47,546,518 as printed || VAL-LHHS-06404 ACC-HHS-SAMHSA-MENTAL-HEALTH FY2023 Enacted: memo breakdown [(Evaluation Tap Funding)] sums to 21,039 | 2,755,507 as printed || VAL-LHHS-06438 ACC-HHS-SAMHSA-MENTAL-HEALTH FY2024 Senate Reported: memo breakdown [(Evaluation Tap Funding)] sums to 21,039 | 2,817,507 as printed"
G008,memo-of-which,structural,flag,unverified,LHHS,SRC-EXPL-LHHS-FY2023-SENATE,5,A,"informational: the memo lines printed under this total are 'of which' amounts or alternate (program-level) totals, not its parts; a memo breakdown cannot confirm the figure","VAL-LHHS-02262 ACC-HHS-NIH-TOTAL FY2023 Senate Reported: memo breakdown [(Evaluation Tap Funding)] sums to 1,429,313 | 46,529,687 as printed || VAL-LHHS-03850 ACC-HHS-CMS-HCFAC FY2023 Senate Reported: memo breakdown [Program integrity (cap adjustment)] sums to 576,000 | 893,000 as printed || VAL-LHHS-06627 ACC-HHS-SAMHSA-TREATMENT FY2023 Senate Reported: memo breakdown [(Evaluation Tap Funding)] sums to 81,200 | 4,963,889 as printed"
G009,memo-of-which,structural,flag,unverified,LHHS,SRC-EXPL-LHHS-FY2024-HOUSE,5,A,"informational: the memo lines printed under this total are 'of which' amounts or alternate (program-level) totals, not its parts; a memo breakdown cannot confirm the figure","VAL-LHHS-06862 ACC-HHS-CMS-HCFAC FY2024 House Reported: memo breakdown [Program integrity (cap adjustment)] sums to 604,000 | 915,000 as printed || VAL-LHHS-07103 ACC-HHS-OS-GDM FY2024 House Reported: memo breakdown [(Evaluation Tap Funding)] sums to 58,028 | 402,341 as printed || VAL-LHHS-07157 ACC-HHS-SAMHSA-TREATMENT FY2024 House Reported: memo breakdown [(Evaluation Tap Funding); Subtotal, Substance Abuse Treatment, program lev | 3,980,103 as printed"
G010,memo-of-which,structural,flag,unverified,LHHS,SRC-CRPT-118HRPT585,4,A,"informational: the memo lines printed under this total are 'of which' amounts or alternate (program-level) totals, not its parts; a memo breakdown cannot confirm the figure","VAL-LHHS-01727 ACC-HHS-SAMHSA-TOTAL FY2025 House Reported: memo breakdown [(Evaluation Funding (PHS Act Sec. 241)); (Prevention and Public Health Fun | 7,398,400 as printed || VAL-LHHS-06449 ACC-HHS-SAMHSA-MENTAL-HEALTH FY2025 House Reported: memo breakdown [(Evaluation Funding (PHS Act Sec. 241)); (Prevention and Public Health Fun | 2,643,068 as printed || VAL-LHHS-06655 ACC-HHS-SAMHSA-TREATMENT FY2025 House Reported: memo breakdown [(Evaluation Funding (PHS Act Sec. 241)); Subtotal, Substance Abuse Treatme | 4,437,263 as printed"
G011,memo-of-which,structural,flag,flagged,LHHS,SRC-EXPL-LHHS-FY2023-SENATE,1,A,"informational: the memo lines printed under this total are 'of which' amounts or alternate (program-level) totals, not its parts; a memo breakdown cannot confirm the figure","VAL-LHHS-06096 ACC-HHS-OS-GDM FY2023 Senate Reported: memo breakdown [(Evaluation Tap Funding)] sums to 64,828 | 915,394 as printed"
G012,memo-of-which,structural,flag,flagged,LHHS,SRC-EXPL-LHHS-FY2024-HOUSE,1,A,"informational: the memo lines printed under this total are 'of which' amounts or alternate (program-level) totals, not its parts; a memo breakdown cannot confirm the figure","VAL-LHHS-07137 ACC-HHS-SAMHSA-MENTAL-HEALTH FY2024 House Reported: memo breakdown [(Evaluation Tap Funding); (Prevention and Public Health Fund); Subtotal, M | 2,706,282 as printed"
G013,memo-split-closes,structural,flag,unverified,LHHS,SRC-CRPT-118SRPT207,15,A,"4 variants, e.g. informational: the funding split printed under this total (Current year appropriations + Advance appropriations) sums exactly to it; the flag comes from the 'of which' lines in the same memo list","VAL-LHHS-00108 ACC-HHS-ACF-TOTAL FY2024 Enacted: memo breakdown [Current year appropriations; Advance appropriations; Total, Administration | 52,748,216 as printed || VAL-LHHS-00577 ACC-HHS-CDC-TOTAL FY2025 President's Budget: memo breakdown [Discretionary; Mandatory; (Evaluation Funding (PHS Act Sec 241)); (Prevent | 8,452,490 as printed || VAL-LHHS-01640 ACC-HHS-OS-TOTAL FY2025 Senate Reported: memo breakdown [Federal Funds; Trust Funds; (Evaluation Funding (PHS Act Sec 241))] sums t | 1,880,729 as printed"
G014,memo-split-closes,structural,flag,unverified,LHHS,SRC-CRPT-118SRPT84,12,A,"3 variants, e.g. informational: the funding split printed under this total (Current year appropriations + Advance appropriations) sums exactly to it; the flag comes from the 'of which' lines in the same memo list","VAL-LHHS-00096 ACC-HHS-ACF-TOTAL FY2023 Enacted: memo breakdown [Current year appropriations; Advance appropriations; Total, Administration | 52,962,553 as printed || VAL-LHHS-00906 ACC-HHS-CMS-TOTAL FY2023 Enacted: memo breakdown [Federal funds; Current year appropriations; Advance appropriations; Trust  | 1,117,630,308 as printed || VAL-LHHS-01612 ACC-HHS-OS-TOTAL FY2024 Senate Reported: memo breakdown [Federal Funds; Trust Funds; (Evaluation Tap Funding)] sums to 1,904,691 | 1,768,625 as printed"
G015,memo-split-closes,structural,flag,unverified,LHHS,SRC-CRPT-119HRPT271,11,A,"3 variants, e.g. informational: the funding split printed under this total (Current year appropriations + Advance appropriations) sums exactly to it; the flag comes from the 'of which' lines in the same memo list","VAL-LHHS-00197 ACC-HHS-ACF-TOTAL FY2026 House Reported: memo breakdown [Current year appropriations; Advance appropriations; Total, Administration | 50,326,744 as printed || VAL-LHHS-00947 ACC-HHS-CMS-TOTAL FY2026 House Reported: memo breakdown [Federal Funds; Current year appropriations; Advance appropriations; Trust  | 1,422,895,907 as printed || VAL-LHHS-01875 ACC-HHS-TITLE-II-TOTAL FY2026 President's Budget: memo breakdown [Federal Funds; Current Year appropriations; Advance appropriations, FY 202 | 1,521,532,778 as printed"
G016,memo-split-closes,structural,flag,unverified,LHHS,SRC-CRPT-119HRPT696,11,A,"3 variants, e.g. informational: the funding split printed under this total (Current year appropriations + Advance appropriations) sums exactly to it; the flag comes from the 'of which' lines in the same memo list","VAL-LHHS-00221 ACC-HHS-ACF-TOTAL FY2027 House Reported: memo breakdown [Current year appropriations; Advance appropriations; Total, Administration | 48,352,223 as printed || VAL-LHHS-00962 ACC-HHS-CMS-TOTAL FY2027 House Reported: memo breakdown [Federal Funds; Current year appropriations; Advance appropriations; Trust  | 1,481,377,040 as printed || VAL-LHHS-01901 ACC-HHS-TITLE-II-TOTAL FY2027 President's Budget: memo breakdown [Federal Funds; Current Year appropriations; Advance appropriations, FY 202 | 1,593,868,985 as printed"
G017,memo-split-closes,structural,flag,unverified,LHHS,SRC-CRPT-118HRPT585,5,A,"4 variants, e.g. informational: the funding split printed under this total (Current year appropriations + Advance appropriations) sums exactly to it; the flag comes from the 'of which' lines in the same memo list","VAL-LHHS-00150 ACC-HHS-ACF-TOTAL FY2025 House Reported: memo breakdown [Current year appropriations; Advance appropriations; Total, Administration | 48,219,801 as printed || VAL-LHHS-00567 ACC-HHS-CDC-TOTAL FY2025 House Reported: memo breakdown [Discretionary; Mandatory; (Evaluation Funding (PHS Act Sec. 241)); (Preven | 6,259,858 as printed || VAL-LHHS-01618 ACC-HHS-OS-TOTAL FY2025 House Reported: memo breakdown [Federal Funds; Trust Funds; (Evaluation Funding (PHS Act Sec. 241))] sums  | 1,636,729 as printed"
G018,memo-split-closes,structural,flag,unverified,LHHS,SRC-CRPT-119SRPT55,5,A,"4 variants, e.g. informational: the funding split printed under this total (Current year appropriations + Advance appropriations) sums exactly to it; the flag comes from the 'of which' lines in the same memo list","VAL-LHHS-00215 ACC-HHS-ACF-TOTAL FY2026 Senate Reported: memo breakdown [Current year appropriations; Advance appropriations; Total, Administration | 52,240,075 as printed || VAL-LHHS-00617 ACC-HHS-CDC-TOTAL FY2026 Senate Reported: memo breakdown [Discretionary; Mandatory; (Evaluation Funding (PHS Act Sec 241)); (Prevent | 7,710,771 as printed || VAL-LHHS-01673 ACC-HHS-OS-TOTAL FY2026 Senate Reported: memo breakdown [Federal Funds; Trust Funds; (Evaluation Funding (PHS Act Sec 241))] sums t | 1,883,116 as printed"
G019,memo-split-closes,structural,flag,unverified,LHHS,SRC-EXPL-LHHS-FY2024-HOUSE,5,A,"4 variants, e.g. informational: the funding split printed under this total (Current year appropriations + Advance appropriations) sums exactly to it; the flag comes from the 'of which' lines in the same memo list","VAL-LHHS-06745 ACC-HHS-ACF-TOTAL FY2024 House Reported: memo breakdown [Current year appropriations; Advance appropriations; Total, Administration | 47,011,935 as printed || VAL-LHHS-06852 ACC-HHS-CDC-TOTAL FY2024 House Reported: memo breakdown [Discretionary; Mandatory; (Evaluation Tap Funding); (Prevention and Public | 6,405,366 as printed || VAL-LHHS-07126 ACC-HHS-OS-TOTAL FY2024 House Reported: memo breakdown [Federal Funds; Trust Funds; (Evaluation Tap Funding)] sums to 1,617,298 | 1,503,032 as printed"
G020,memo-split-closes,structural,flag,flagged,LHHS,SRC-CRPT-118SRPT84,3,A,informational: the funding split printed under this total (Discretionary + Mandatory) sums exactly to it; the flag comes from the 'of which' lines in the same memo list,"VAL-LHHS-00531 ACC-HHS-CDC-TOTAL FY2023 Enacted: memo breakdown [Discretionary; Mandatory; (Evaluation Tap Funding); (Prevention and Public | 8,314,290 as printed || VAL-LHHS-00549 ACC-HHS-CDC-TOTAL FY2024 President's Budget: memo breakdown [Discretionary; Mandatory; (Evaluation Tap Funding); (Prevention and Public | 10,272,669 as printed || VAL-LHHS-00557 ACC-HHS-CDC-TOTAL FY2024 Senate Reported: memo breakdown [Discretionary; Mandatory; (Evaluation Tap Funding); (Prevention and Public | 7,767,060 as printed"
G021,memo-split-closes,structural,flag,flagged,LHHS,SRC-CRPT-117HRPT403,1,A,informational: the funding split printed under this total (Federal funds + Trust Funds) sums exactly to it; the flag comes from the 'of which' lines in the same memo list,"VAL-LHHS-01995 ACC-HHS-ACL-TOTAL FY2023 House Reported: memo breakdown [Federal funds; Trust Funds; (Prevention and Public Health Fund 1/)] sums t | 2,918,123 as printed"
G022,memo-split-open,structural,flag,flagged,LHHS,SRC-CRPT-117HRPT403,1,B,check the printed page: the funding split (Federal funds; Trust Funds) does not sum to the total; confirm whether a footnoted line (e.g. 'Prevention and Public Health Fund 1/') is part of it,"VAL-LHHS-02006 ACC-HHS-ACL-TOTAL FY2023 President's Budget: memo breakdown [Federal funds; Trust Funds; (Prevention and Public Health Fund 1/)] sums t | 3,013,236 as printed"
G023,nested-misread,structural,flag,unverified,LHHS,SRC-CRPT-117HRPT403,2,A,"parse artifact: the model-read indent nests this Medicaid line under 'Vaccines for Children' (e.g. 5,608,606 vs 197,580,474); no sum relationship exists","VAL-LHHS-02328 ACC-HHS-CMS-MEDICAID FY2023 President's Budget: nested under 'Vaccines for Children' by model-read indent: the parent equals the sum of it | [FY 2022 Enacted] 5,139,998 vs 165,722,018; [FY 2023 Request] 5,608,60 || VAL-LHHS-02342 ACC-HHS-CMS-MEDICAID FY2023 House Reported: nested under 'Vaccines for Children' by model-read indent: the parent equals the sum of it | [FY 2022 Enacted] 5,139,998 vs 165,722,018; [FY 2023 Request] 5,608,60"
G024,nested-misread,structural,flag,unverified,LHHS,SRC-CRPT-119HRPT271,2,A,"parse artifact: the model-read indent nests this Medicaid line under 'Vaccines for Children' (e.g. 5,608,606 vs 197,580,474); no sum relationship exists","VAL-LHHS-00758 ACC-HHS-CMS-MEDICAID FY2026 House Reported: nested under 'Vaccines for Children' by model-read indent: the parent equals the sum of it | [FY 2025 Estimate] 7,711,718 vs -245,580,414; [FY 2026 Request] 7,930, || VAL-LHHS-00780 ACC-HHS-CMS-MEDICAID FY2026 President's Budget: nested under 'Vaccines for Children' by model-read indent: the parent equals the sum of it | [FY 2025 Estimate] 7,711,718 vs -245,580,414; [FY 2026 Request] 7,930,"
G025,nested-misread,structural,flag,unverified,LHHS,SRC-CRPT-119HRPT696,2,A,"parse artifact: the model-read indent nests this Medicaid line under 'Vaccines for Children' (e.g. 5,608,606 vs 197,580,474); no sum relationship exists","VAL-LHHS-00821 ACC-HHS-CMS-MEDICAID FY2027 House Reported: nested under 'Vaccines for Children' by model-read indent: the parent equals the sum of it | [FY 2026 Enacted] 7,930,272 vs -261,063,820; [FY 2027 Request*] 6,783, || VAL-LHHS-00844 ACC-HHS-CMS-MEDICAID FY2027 President's Budget: nested under 'Vaccines for Children' by model-read indent: the parent equals the sum of it | [FY 2026 Enacted] 7,930,272 vs -261,063,820; [FY 2027 Request*] 6,783,"
G026,nested-misread,structural,flag,unverified,LHHS,SRC-CRPT-118HRPT585,1,A,"parse artifact: the model-read indent nests this Medicaid line under 'Vaccines for Children' (e.g. 5,608,606 vs 197,580,474); no sum relationship exists","VAL-LHHS-00684 ACC-HHS-CMS-MEDICAID FY2025 House Reported: nested under 'Vaccines for Children' by model-read indent: the parent equals the sum of it | [FY 2024 Enacted] 5,814,850 vs -197,580,474; [FY 2025 Request] 7,711,7"
G027,nested-misread,structural,flag,unverified,LHHS,SRC-EXPL-LHHS-FY2024-HOUSE,1,A,"parse artifact: the model-read indent nests this Medicaid line under 'Vaccines for Children' (e.g. 5,608,606 vs 197,580,474); no sum relationship exists","VAL-LHHS-06880 ACC-HHS-CMS-MEDICAID FY2024 House Reported: nested under 'Vaccines for Children' by model-read indent: the parent equals the sum of it | [FY 2023 Enacted] 5,608,606 vs -165,722,018; [FY 2024 Request] 5,814,8"
G028,nested-other,structural,flag,unverified,LHHS,SRC-EXPL-LHHS-FY2024-HOUSE,1,B,check the printed indent: the nesting was read by the model and the parent does not equal its indented lines,"VAL-LHHS-06912 ACC-HHS-GP-MEDICARE-OPERATIONS FY2024 House Reported: nested under 'Program Operations' by model-read indent: the parent equals the sum of its i | [FY 2023 Enacted] 2,479,823 vs 455,000; [FY 2024 Request] 3,130,183 vs"
G029,no-children,structural,flag,unverified,LHHS,SRC-CRPT-118SRPT207,3,A,"informational: the table prints no lines under this total, so the sum check has nothing to compare","VAL-LHHS-03711 ACC-HHS-CDC-PROGRAM-SUPPORT FY2024 Enacted: 0 = sum of [] (thousands) | 503,570 (thousands) as printed; no children found || VAL-LHHS-03730 ACC-HHS-CDC-PROGRAM-SUPPORT FY2025 President's Budget: 0 = sum of [] (thousands) | 513,570 (thousands) as printed; no children found || VAL-LHHS-03735 ACC-HHS-CDC-PROGRAM-SUPPORT FY2025 Senate Reported: 0 = sum of [] (thousands) | 521,570 (thousands) as printed; no children found"
G030,no-children,structural,flag,unverified,LHHS,SRC-CRPT-118SRPT84,3,A,"informational: the table prints no lines under this total, so the sum check has nothing to compare","VAL-LHHS-03707 ACC-HHS-CDC-PROGRAM-SUPPORT FY2023 Enacted: 0 = sum of [] (thousands) | 563,570 (thousands) as printed; no children found || VAL-LHHS-03716 ACC-HHS-CDC-PROGRAM-SUPPORT FY2024 President's Budget: 0 = sum of [] (thousands) | 828,570 (thousands) as printed; no children found || VAL-LHHS-03720 ACC-HHS-CDC-PROGRAM-SUPPORT FY2024 Senate Reported: 0 = sum of [] (thousands) | 533,570 (thousands) as printed; no children found"
G031,no-children,table_total,flag,unverified,LHHS,SRC-CRPT-118SRPT207,3,A,"informational: the table prints no lines under this total, so the sum check has nothing to compare","VAL-LHHS-00046 ACC-HHS-ACF-LIHEAP FY2024 Enacted: 0 = sum of [] (thousands) | 4,025,000 (thousands) as printed; no children found || VAL-LHHS-00066 ACC-HHS-ACF-LIHEAP FY2025 President's Budget: 0 = sum of [] (thousands) | 4,111,000 (thousands) as printed; no children found || VAL-LHHS-00071 ACC-HHS-ACF-LIHEAP FY2025 Senate Reported: 0 = sum of [] (thousands) | 4,125,000 (thousands) as printed; no children found"
G032,no-children,table_total,flag,unverified,LHHS,SRC-CRPT-117HRPT403,2,A,"informational: the table prints no lines under this total, so the sum check has nothing to compare","VAL-LHHS-01980 ACC-HHS-ACF-TOTAL FY2023 House Reported: 0 = sum of [] (thousands) | 51,428,535 (thousands) as printed; no children found || VAL-LHHS-01990 ACC-HHS-ACF-TOTAL FY2023 President's Budget: 0 = sum of [] (thousands) | 50,316,969 (thousands) as printed; no children found"
G033,no-children,table_total,flag,unverified,LHHS,SRC-CRPT-118HRPT585,1,A,"informational: the table prints no lines under this total, so the sum check has nothing to compare","VAL-LHHS-00061 ACC-HHS-ACF-LIHEAP FY2025 House Reported: 0 = sum of [] (thousands) | 4,040,000 (thousands) as printed; no children found"
G034,no-children,table_total,flag,unverified,LHHS,SRC-EXPL-LHHS-FY2023-SENATE,1,A,"informational: the table prints no lines under this total, so the sum check has nothing to compare","VAL-LHHS-02200 ACC-HHS-ACF-TOTAL FY2023 Senate Reported: 0 = sum of [] (thousands) | 52,429,825 (thousands) as printed; no children found"
G035,children-incomplete,table_total,flag,unverified,LHHS,SRC-CRPT-118SRPT84,21,A,"informational: the parser could not place every printed line under this total, so the sum was not checked; no check disagrees with the figure","VAL-LHHS-00095 ACC-HHS-ACF-TOTAL FY2023 Enacted: 10,806,000 = sum of [Total, Payments to States available in this bill] (thousands) | 52,962,553 (thousands) as printed; children not fully extracted (inner || VAL-LHHS-01282 ACC-HHS-HRSA-VICTF FY2024 President's Budget: 287,697 = sum of [Post-FY 1988 Claims; HRSA Administrative expenses] (thousands) | 287,697 (thousands) as printed; children not fully extracted (innermos || VAL-LHHS-06033 ACC-HHS-OS-COMMISSIONED-OFFICERS FY2024 Senate Reported: 792,691 = sum of [Retirement Payments; Survivors Benefits; Dependents’ Medical Care] (thou | 792,691 (thousands) as printed; children not fully extracted (innermos"
G036,children-incomplete,table_total,flag,unverified,LHHS,SRC-CRPT-118SRPT207,19,A,"informational: the parser could not place every printed line under this total, so the sum was not checked; no check disagrees with the figure","VAL-LHHS-00538 ACC-HHS-CDC-TOTAL FY2024 Enacted: 543,570 = sum of [Subtotal, Center for Forecasting and Outbreak Analytics; Subtotal, CDC–W | 7,992,946 (thousands) as printed; children not fully extracted (innerm || VAL-LHHS-01277 ACC-HHS-HRSA-VICTF FY2024 Enacted: 276,697 = sum of [Post-FY 1988 Claims; HRSA Administrative expenses] (thousands) | 276,697 (thousands) as printed; children not fully extracted (innermos || VAL-LHHS-06398 ACC-HHS-OS-PHSSEF FY2025 President's Budget: 172,492 = sum of [Cybersecurity; Office of National Security; Public Health Emergency Fund | 172,492 (thousands) as printed; children not fully extracted (innermos"
G037,children-incomplete,table_total,flag,unverified,LHHS,SRC-CRPT-119HRPT271,13,A,"informational: the parser could not place every printed line under this total, so the sum was not checked; no check disagrees with the figure","VAL-LHHS-00946 ACC-HHS-CMS-TOTAL FY2026 House Reported: 1,422,895,907 = sum of [Total, Grants to States for Medicaid, appropriated in this bill; T | 1,422,895,907 (thousands) as printed; children not fully extracted (un || VAL-LHHS-01652 ACC-HHS-OS-TOTAL FY2026 House Reported: 947,182 = sum of [Total, Medical Benefits for Commissioned Officers] (thousands) | 1,803,141 (thousands) as printed; children not fully extracted (innerm || VAL-LHHS-06063 ACC-HHS-OS-COMMISSIONED-OFFICERS FY2026 President's Budget: 947,182 = sum of [Retirement Payments; Survivors Benefits; Dependents' Medical Care] (thou | 947,182 (thousands) as printed; children not fully extracted (innermos"
G038,children-incomplete,table_total,flag,unverified,LHHS,SRC-CRPT-119HRPT696,13,A,"informational: the parser could not place every printed line under this total, so the sum was not checked; no check disagrees with the figure","VAL-LHHS-00961 ACC-HHS-CMS-TOTAL FY2027 House Reported: 1,481,377,040 = sum of [Total, Grants to States for Medicaid, appropriated in this bill; T | 1,481,377,040 (thousands) as printed; children not fully extracted (un || VAL-LHHS-01679 ACC-HHS-OS-TOTAL FY2027 House Reported: 1,303,127 = sum of [Assistant Secretary for Civil Rights and Appeals; Medicare Hearings an | 1,717,767 (thousands) as printed; children not fully extracted (unmatc || VAL-LHHS-06075 ACC-HHS-OS-COMMISSIONED-OFFICERS FY2027 President's Budget: 967,192 = sum of [Retirement Payments; Survivors Benefits; Dependents' Medical Care] (thou | 967,192 (thousands) as printed; children not fully extracted (innermos"
G039,children-incomplete,table_total,flag,unverified,LHHS,SRC-CRPT-117HRPT403,12,A,"informational: the parser could not place every printed line under this total, so the sum was not checked; no check disagrees with the figure","VAL-LHHS-01974 ACC-HHS-ACF-TOTAL FY2023 House Reported: 42,872,189 = sum of [Payments to States for the Child Care and Development Block Grant; So | 51,428,535 (thousands) as printed; children not fully extracted (unmat || VAL-LHHS-02149 ACC-HHS-SAMHSA-TOTAL FY2023 House Reported: 257,279 = sum of [Health Surveillance and Program Support] (thousands) | 9,024,713 (thousands) as printed; children not fully extracted (innerm || VAL-LHHS-06016 ACC-HHS-OS-COMMISSIONED-OFFICERS FY2023 President's Budget: 710,327 = sum of [Retirement Payments; Survivors Benefits; Dependents' Medical Care] (thou | 710,327 (thousands) as printed; children not fully extracted (innermos"
G040,children-incomplete,table_total,flag,unverified,LHHS,SRC-EXPL-LHHS-FY2023-SENATE,9,A,"informational: the parser could not place every printed line under this total, so the sum was not checked; no check disagrees with the figure","VAL-LHHS-02194 ACC-HHS-ACF-TOTAL FY2023 Senate Reported: 42,482,812 = sum of [Payments to States for the Child Care and Development Block Grant; So | 52,429,825 (thousands) as printed; children not fully extracted (unmat || VAL-LHHS-02252 ACC-HHS-HRSA-VICTF FY2023 Senate Reported: 276,570 = sum of [Post-Fiscal Year 1988 Claims; HRSA Administrative expenses] (thousands) | 276,570 (thousands) as printed; children not fully extracted (innermos || VAL-LHHS-06021 ACC-HHS-OS-COMMISSIONED-OFFICERS FY2023 Senate Reported: 710,327 = sum of [Retirement Payments; Survivors Benefits; Dependents’ Medical Care] (thou | 710,327 (thousands) as printed; children not fully extracted (innermos"
G041,children-incomplete,table_total,flag,unverified,LHHS,SRC-CRPT-118HRPT585,6,A,"informational: the parser could not place every printed line under this total, so the sum was not checked; no check disagrees with the figure","VAL-LHHS-00927 ACC-HHS-CMS-TOTAL FY2025 House Reported: 1,170,825,909 = sum of [Total, Grants to States for Medicaid, appropriated in this bill; T | 1,170,825,909 (thousands) as printed; children not fully extracted (un || VAL-LHHS-01831 ACC-HHS-TITLE-II-TOTAL FY2025 House Reported: 1,310,127,474 = sum of [Total, Primary Health Care; National Health Service Corps (NHSC);  | 1,293,225,058 (thousands) as printed; children not fully extracted (un || VAL-LHHS-06122 ACC-HHS-OS-GDM FY2025 House Reported: 116,992 = sum of [Cybersecurity; Office of National Security; Office of Global Affairs] (t | 409,136 (thousands) as printed; children not fully extracted (innermos"
G042,children-incomplete,table_total,flag,unverified,LHHS,SRC-EXPL-LHHS-FY2024-HOUSE,6,A,"informational: the parser could not place every printed line under this total, so the sum was not checked; no check disagrees with the figure","VAL-LHHS-06899 ACC-HHS-CMS-TOTAL FY2024 House Reported: 1,133,503,954 = sum of [Total, Grants to States for Medicaid, appropriated in this bill; T | 1,133,503,954 (thousands) as printed; children not fully extracted (un || VAL-LHHS-07097 ACC-HHS-OS-COMMISSIONED-OFFICERS FY2024 House Reported: 792,691 = sum of [Retirement Payments; Survivors Benefits; Dependents' Medical Care] (thou | 792,691 (thousands) as printed; children not fully extracted (innermos || VAL-LHHS-07125 ACC-HHS-OS-TOTAL FY2024 House Reported: 0 = sum of [Total, PHSSEF] (thousands) | 1,503,032 (thousands) as printed; children not fully extracted (innerm"
G043,children-incomplete,table_total,flag,unverified,LHHS,SRC-CRPT-119SRPT55,5,A,"informational: the parser could not place every printed line under this total, so the sum was not checked; no check disagrees with the figure","VAL-LHHS-00085 ACC-HHS-ACF-LIHEAP FY2026 Senate Reported: 4,045,000 = sum of [Formula Grants] (thousands) | 4,045,000 (thousands) as printed; children not fully extracted (innerm || VAL-LHHS-01316 ACC-HHS-HRSA-VICTF FY2026 Senate Reported: 287,262 = sum of [Post-FY 1988 Claims; HRSA Administrative expenses] (thousands) | 287,262 (thousands) as printed; children not fully extracted (innermos || VAL-LHHS-06067 ACC-HHS-OS-COMMISSIONED-OFFICERS FY2026 Senate Reported: 947,182 = sum of [Retirement Payments; Survivors Benefits; Dependents’ Medical Care] (thou | 947,182 (thousands) as printed; children not fully extracted (innermos"
G044,parallel-total,table_total,flag,unverified,LHHS,SRC-CRPT-118SRPT207,4,A,"informational: a parallel total of the family's main total; no one printed set of rows explains the difference in every column, so it cannot confirm the figure","VAL-LHHS-00113 ACC-HHS-ACF-TOTAL FY2024 Enacted: parallel total ((excluding emergencies)) of 'Total, Administration for Children and Famili | 52,748,216 (thousands) as printed || VAL-LHHS-00185 ACC-HHS-ACF-TOTAL FY2025 Senate Reported: parallel total ((excluding emergencies)) of 'Total, Administration for Children and Famili | 50,781,055 (thousands) as printed || VAL-LHHS-01856 ACC-HHS-TITLE-II-TOTAL FY2025 Senate Reported: parallel total (discretionary) of 'Total, Title II, Department of Health and Human Service | 122,557,069 (thousands) as printed"
G045,parallel-total,table_total,flag,unverified,LHHS,SRC-CRPT-118SRPT84,3,A,"informational: a parallel total of the family's main total; no one printed set of rows explains the difference in every column, so it cannot confirm the figure","VAL-LHHS-00100 ACC-HHS-ACF-TOTAL FY2023 Enacted: parallel total ((excluding emergencies)) of 'Total, Administration for Children and Famili | 47,687,553 (thousands) as printed || VAL-LHHS-00127 ACC-HHS-ACF-TOTAL FY2024 President's Budget: parallel total ((excluding emergencies)) of 'Total, Administration for Children and Famili | 55,363,420 (thousands) as printed || VAL-LHHS-00140 ACC-HHS-ACF-TOTAL FY2024 Senate Reported: parallel total ((excluding emergencies)) of 'Total, Administration for Children and Famili | 49,995,216 (thousands) as printed"
G046,parallel-total,table_total,flag,flagged,LHHS,SRC-CRPT-118SRPT207,2,A,"informational: a parallel total of the family's main total; no one printed set of rows explains the difference in every column, so it cannot confirm the figure","VAL-LHHS-01817 ACC-HHS-TITLE-II-TOTAL FY2024 Enacted: parallel total (discretionary) of 'Total, Title II, Department of Health and Human Service | 117,442,958 (thousands) as printed || VAL-LHHS-01846 ACC-HHS-TITLE-II-TOTAL FY2025 President's Budget: parallel total (discretionary) of 'Total, Title II, Department of Health and Human Service | 122,119,671 (thousands) as printed"
G047,parallel-total,table_total,flag,unverified,LHHS,SRC-CRPT-119HRPT271,2,A,"informational: a parallel total of the family's main total; no one printed set of rows explains the difference in every column, so it cannot confirm the figure","VAL-LHHS-01869 ACC-HHS-TITLE-II-TOTAL FY2026 House Reported: parallel total (discretionary) of 'Total, Title II, Department of Health and Human Service | 108,066,863 (thousands) as printed || VAL-LHHS-01879 ACC-HHS-TITLE-II-TOTAL FY2026 President's Budget: parallel total (discretionary) of 'Total, Title II, Department of Health and Human Service | 83,067,660 (thousands) as printed"
G048,parallel-total,table_total,flag,unverified,LHHS,SRC-CRPT-119HRPT696,2,A,"informational: a parallel total of the family's main total; no one printed set of rows explains the difference in every column, so it cannot confirm the figure","VAL-LHHS-01895 ACC-HHS-TITLE-II-TOTAL FY2027 House Reported: parallel total (discretionary) of 'Total, Title II, Department of Health and Human Service | 110,767,281 (thousands) as printed || VAL-LHHS-01905 ACC-HHS-TITLE-II-TOTAL FY2027 President's Budget: parallel total (discretionary) of 'Total, Title II, Department of Health and Human Service | 98,602,461 (thousands) as printed"
G049,parallel-total,table_total,flag,unverified,LHHS,SRC-CRPT-118HRPT585,1,A,"informational: a parallel total of the family's main total; no one printed set of rows explains the difference in every column, so it cannot confirm the figure","VAL-LHHS-01836 ACC-HHS-TITLE-II-TOTAL FY2025 House Reported: parallel total (discretionary) of 'Total, Title II, Department of Health and Human Service | 107,640,959 (thousands) as printed"
G050,parallel-total,table_total,flag,unverified,LHHS,SRC-CRPT-119SRPT55,1,A,"informational: a parallel total of the family's main total; no one printed set of rows explains the difference in every column, so it cannot confirm the figure","VAL-LHHS-01886 ACC-HHS-TITLE-II-TOTAL FY2026 Senate Reported: parallel total (discretionary) of 'Total, Title II, Department of Health and Human Service | 116,857,390 (thousands) as printed"
G051,parallel-total,table_total,flag,unverified,LHHS,SRC-EXPL-LHHS-FY2024-HOUSE,1,A,"informational: a parallel total of the family's main total; no one printed set of rows explains the difference in every column, so it cannot confirm the figure","VAL-LHHS-07087 ACC-HHS-NIH-TOTAL FY2024 House Reported: parallel total ((with CURES Act funding)) of 'Total, National Institutes of Health (NIH)'  | 43,795,063 (thousands) as printed"
G052,routine-amount-type,semantic,flag,unverified,LHHS,SRC-CRPT-118SRPT207,6,A,"2 variants, e.g. routine: the amount_type matches the printed label ('Less appropriations provided in prior years')","VAL-LHHS-00659 ACC-HHS-CMS-MEDICAID FY2024 Enacted: amount_type fits the row label (prior_year_advance) | label 'Less appropriations provided in prior years'; memo=False || VAL-LHHS-00712 ACC-HHS-CMS-MEDICAID FY2025 President's Budget: amount_type fits the row label (advance) | label 'New advance, 1st quarter, FY 2026'; memo=False; appropriated in || VAL-LHHS-00734 ACC-HHS-CMS-MEDICAID FY2025 Senate Reported: amount_type fits the row label (advance) | label 'New advance, 1st quarter, FY 2026'; memo=False; appropriated in"
G053,routine-amount-type,semantic,flag,unverified,LHHS,SRC-CRPT-118SRPT84,6,A,"2 variants, e.g. routine: the amount_type matches the printed label ('Less appropriations provided in prior years')","VAL-LHHS-02366 ACC-HHS-CMS-MEDICAID FY2023 Enacted: amount_type fits the row label (advance) | label 'New advance, 1st quarter, FY 2025'; memo=False; appropriated in || VAL-LHHS-02377 ACC-HHS-CMS-MEDICAID FY2024 President's Budget: amount_type fits the row label (prior_year_advance) | label 'Less appropriations provided in prior years'; memo=False || VAL-LHHS-02387 ACC-HHS-CMS-MEDICAID FY2024 Senate Reported: amount_type fits the row label (prior_year_advance) | label 'Less appropriations provided in prior years'; memo=False"
G054,routine-amount-type,semantic,flag,unverified,LHHS,SRC-CRPT-119HRPT271,6,A,"3 variants, e.g. routine: the amount_type matches the printed label ('Less appropriations provided in prior years.')","VAL-LHHS-00761 ACC-HHS-CMS-MEDICAID FY2026 House Reported: amount_type fits the row label (prior_year_advance) | label 'Less appropriations provided in prior years.'; memo=False || VAL-LHHS-00787 ACC-HHS-CMS-MEDICAID FY2026 President's Budget: amount_type fits the row label (advance) | label 'New advance, 1st quarter, FY 2027'; memo=False; appropriated in || VAL-LHHS-01110 ACC-HHS-GP-NEF-RESCISSION FY2026 President's Budget: amount_type fits the row label (rescission) | label 'Nonrecurring expenses fund, HHS (rescission) (Sec. 234)'; memo="
G055,routine-amount-type,semantic,flag,unverified,LHHS,SRC-CRPT-119HRPT696,6,A,"3 variants, e.g. routine: the amount_type matches the printed label ('Less appropriations provided in prior years.')","VAL-LHHS-00824 ACC-HHS-CMS-MEDICAID FY2027 House Reported: amount_type fits the row label (prior_year_advance) | label 'Less appropriations provided in prior years.'; memo=False || VAL-LHHS-00851 ACC-HHS-CMS-MEDICAID FY2027 President's Budget: amount_type fits the row label (advance) | label 'New advance, 1st quarter, FY 2028'; memo=False; appropriated in || VAL-LHHS-01120 ACC-HHS-GP-NEF-RESCISSION FY2027 President's Budget: amount_type fits the row label (rescission) | label 'Nonrecurring expenses fund, HHS (rescission) (Sec. 237)'; memo="
G056,routine-amount-type,semantic,flag,unverified,LHHS,SRC-CRPT-118HRPT585,5,A,"5 variants, e.g. routine: the amount_type matches the printed label ('Adoption Incentives (rescission)')","VAL-LHHS-00687 ACC-HHS-CMS-MEDICAID FY2025 House Reported: amount_type fits the row label (prior_year_advance) | label 'Less appropriations provided in prior years.'; memo=False || VAL-LHHS-01032 ACC-HHS-GP-ADOPTION-INCENTIVES-RESCISSION FY2025 House Reported: amount_type fits the row label (rescission) | label 'Adoption Incentives (rescission)'; memo=False || VAL-LHHS-01092 ACC-HHS-GP-NEF-RESCISSION FY2025 House Reported: amount_type fits the row label (rescission) | label 'Nonrecurring expenses fund, HHS (rescission) (emergency)'; memo"
G057,routine-amount-type,semantic,flag,unverified,LHHS,SRC-CRPT-117HRPT403,4,A,"2 variants, e.g. routine: the amount_type matches the printed label ('Less appropriations provided in prior years.')","VAL-LHHS-02331 ACC-HHS-CMS-MEDICAID FY2023 President's Budget: amount_type fits the row label (advance) | label 'New advance, 1st quarter, FY 2024'; memo=False; appropriated in || VAL-LHHS-02345 ACC-HHS-CMS-MEDICAID FY2023 House Reported: amount_type fits the row label (advance) | label 'New advance, 1st quarter, FY 2024'; memo=False; appropriated in || VAL-LHHS-02351 ACC-HHS-CMS-MEDICAID FY2023 House Reported: amount_type fits the row label (prior_year_advance) | label 'Less appropriations provided in prior years.'; memo=False"
G058,routine-amount-type,semantic,flag,unverified,LHHS,SRC-CRPT-119SRPT55,2,A,"2 variants, e.g. routine: the amount_type matches the printed label ('Less appropriations provided in prior years')","VAL-LHHS-00799 ACC-HHS-CMS-MEDICAID FY2026 Senate Reported: amount_type fits the row label (prior_year_advance) | label 'Less appropriations provided in prior years'; memo=False || VAL-LHHS-00802 ACC-HHS-CMS-MEDICAID FY2026 Senate Reported: amount_type fits the row label (advance) | label 'New advance, 1st quarter, FY 2027'; memo=False; appropriated in"
G059,routine-amount-type,semantic,flag,unverified,LHHS,SRC-EXPL-LHHS-FY2023-SENATE,2,A,"2 variants, e.g. routine: the amount_type matches the printed label ('Less appropriations provided in prior years')","VAL-LHHS-02356 ACC-HHS-CMS-MEDICAID FY2023 Senate Reported: amount_type fits the row label (advance) | label 'New advance, 1st quarter, fiscal year 2024'; memo=False; approp || VAL-LHHS-02361 ACC-HHS-CMS-MEDICAID FY2023 Senate Reported: amount_type fits the row label (prior_year_advance) | label 'Less appropriations provided in prior years'; memo=False"
G060,routine-amount-type,semantic,flag,unverified,LHHS,SRC-EXPL-LHHS-FY2024-HOUSE,2,A,"2 variants, e.g. routine: the amount_type matches the printed label ('Less appropriations provided in prior years.')","VAL-LHHS-06876 ACC-HHS-CMS-MEDICAID FY2024 House Reported: amount_type fits the row label (advance) | label 'New advance, 1st quarter, FY 2025'; memo=False; appropriated in || VAL-LHHS-06883 ACC-HHS-CMS-MEDICAID FY2024 House Reported: amount_type fits the row label (prior_year_advance) | label 'Less appropriations provided in prior years.'; memo=False"
G061,amount-type-name-word,semantic,flag,unverified,LHHS,SRC-CRPT-117HRPT403,1,A,"false positive: 'Advance' is part of the account's name (ARPA-H); the line is budget authority, as recorded",VAL-LHHS-04491 ACC-HHS-NIH-ARPA-H FY2023 President's Budget: amount_type fits the row label (advance) | label 'Advance Research Projects Agency for Health (ARPA-H)'; memo=Fal
G062,amount-type-name-word,semantic,flag,unverified,LHHS,SRC-EXPL-LHHS-FY2023-SENATE,1,A,"false positive: 'Advance' is part of the account's name (ARPA-H); the line is budget authority, as recorded",VAL-LHHS-04497 ACC-HHS-NIH-ARPA-H FY2023 Senate Reported: amount_type fits the row label (advance) | label 'Advance Research Projects Agency for Health (ARPA–H)'; memo=Fal
G063,subtotal-label-ba,semantic,flag,flagged,LHHS,SRC-CRPT-118SRPT84,3,A,"routine: budget authority on the 'Subtotal, Operations and Emergency Response' row that defines this account","VAL-LHHS-02887 ACC-HHS-ASPR-OPER FY2023 Enacted: amount_type fits the row label (budget authority) | label 'Subtotal, Operations and Emergency Response'; memo=False || VAL-LHHS-02898 ACC-HHS-ASPR-OPER FY2024 President's Budget: amount_type fits the row label (budget authority) | label 'Subtotal, Operations and Emergency Response'; memo=False || VAL-LHHS-02904 ACC-HHS-ASPR-OPER FY2024 Senate Reported: amount_type fits the row label (budget authority) | label 'Subtotal, Operations and Emergency Response'; memo=False"
G064,subtotal-label-ba,semantic,flag,unverified,LHHS,SRC-CRPT-118SRPT207,3,A,"routine: budget authority on the 'Subtotal, Operations and Emergency Response' row that defines this account","VAL-LHHS-02892 ACC-HHS-ASPR-OPER FY2024 Enacted: amount_type fits the row label (budget authority) | label 'Subtotal, Operations and Emergency Response'; memo=False || VAL-LHHS-02920 ACC-HHS-ASPR-OPER FY2025 President's Budget: amount_type fits the row label (budget authority) | label 'Subtotal, Operations and Emergency Response'; memo=False || VAL-LHHS-02927 ACC-HHS-ASPR-OPER FY2025 Senate Reported: amount_type fits the row label (budget authority) | label 'Subtotal, Operations and Emergency Response'; memo=False"
G065,subtotal-label-ba,semantic,flag,unverified,LHHS,SRC-CRPT-119HRPT271,3,A,"routine: budget authority on the 'Subtotal, Operations and Emergency Response' row that defines this account","VAL-LHHS-02909 ACC-HHS-ASPR-OPER FY2025 Enacted: amount_type fits the row label (budget authority) | label 'Subtotal, Operations and Emergency Response'; memo=False || VAL-LHHS-02938 ACC-HHS-ASPR-OPER FY2026 House Reported: amount_type fits the row label (budget authority) | label 'Subtotal, Operations and Emergency Response'; memo=False || VAL-LHHS-02943 ACC-HHS-ASPR-OPER FY2026 President's Budget: amount_type fits the row label (budget authority) | label 'Subtotal, Operations and Emergency Response'; memo=False"
G066,subtotal-label-ba,semantic,flag,unverified,LHHS,SRC-CRPT-119HRPT696,3,A,"routine: budget authority on the 'Subtotal, Operations and Emergency Response' row that defines this account","VAL-LHHS-02932 ACC-HHS-ASPR-OPER FY2026 Enacted: amount_type fits the row label (budget authority) | label 'Subtotal, Operations and Emergency Response'; memo=False || VAL-LHHS-02953 ACC-HHS-ASPR-OPER FY2027 House Reported: amount_type fits the row label (budget authority) | label 'Subtotal, Operations and Emergency Response'; memo=False || VAL-LHHS-02958 ACC-HHS-ASPR-OPER FY2027 President's Budget: amount_type fits the row label (budget authority) | label 'Subtotal, Operations and Emergency Response'; memo=False"
G067,subtotal-label-ba,semantic,flag,unverified,LHHS,SRC-CRPT-118HRPT585,1,A,"routine: budget authority on the 'Subtotal, Operations and Emergency Response' row that defines this account","VAL-LHHS-02915 ACC-HHS-ASPR-OPER FY2025 House Reported: amount_type fits the row label (budget authority) | label 'Subtotal, Operations and Emergency Response'; memo=False"
G068,subtotal-label-ba,semantic,flag,unverified,LHHS,SRC-CRPT-119SRPT55,1,A,"routine: budget authority on the 'Subtotal, Operations and Emergency Response' row that defines this account","VAL-LHHS-02947 ACC-HHS-ASPR-OPER FY2026 Senate Reported: amount_type fits the row label (budget authority) | label 'Subtotal, Operations and Emergency Response'; memo=False"
G069,subtotal-label-ba,semantic,flag,unverified,LHHS,SRC-EXPL-LHHS-FY2024-HOUSE,1,A,"routine: budget authority on the 'Subtotal, Operations and Emergency Response' row that defines this account","VAL-LHHS-06784 ACC-HHS-ASPR-OPER FY2024 House Reported: amount_type fits the row label (budget authority) | label 'Subtotal, Operations and Emergency Response'; memo=False"
G070,cr-estimate,semantic,flag,flagged,LHHS,SRC-CRPT-119HRPT271,12,B,"decide the FY2025 Enacted treatment: P.L. 119-4 sec. 1109(a) set no dollar level; the figure is the report's estimate (keep as is with this note, or mark the year's Enacted figures as estimates)","VAL-LHHS-01923 ACC-HHS-ACF-TOTAL FY2025 Enacted: a dollar level set in law; P.L. 119-4 sec. 1109(a) appropriates 'the amounts necessary to  | 51,897,205: the report's estimate of an open-ended appropriation (CR-d || VAL-LHHS-01938 ACC-HHS-CMS-TRUST-FUND-PAYMENTS FY2025 Enacted: a dollar level set in law; P.L. 119-4 sec. 1109(a) appropriates 'the amounts necessary to  | 521,757,000: the report's estimate of an open-ended appropriation (CR- || VAL-LHHS-01954 ACC-HHS-TITLE-II-TOTAL FY2025 Enacted: a dollar level set in law; P.L. 119-4 sec. 1109(a) appropriates 'the amounts necessary to  | 1,300,549,900: the report's estimate of an open-ended appropriation (C"
G071,chimp-mechanism,semantic,flag,human-verified,CJS,SRC-CBO-HR8845-FY2027,1,B,decide how to represent the FY27 CHIMP / CHIMP Pop-Up (a dedicated amount_type or a multi-year note); the figure itself is human-verified,VAL-0089 ACC-DOJ-CVF FY2027 House Reported: Confirm whether budget authority alone captures the FY27 CHIMP / CHIMP Pop-Up mechanism co | The CBO document's own multi-year spendout table shows the FY27 CHIMP 
G072,title-ii-request-27503,semantic,flag,flagged,LHHS,SRC-CRPT-117HRPT403,1,A,"explained: the 27,503 is ACL's '(Evaluation Tap Funding)' in the FY2023 request column (Senate draft p.416); both documents print the same column, figure as printed","VAL-LHHS-02395 ACC-HHS-TITLE-II-TOTAL FY2023 President's Budget: request column: the agency totals sum to 1,255,045,333, 27,503 more than this printed titl | 1,255,017,830 as printed = agency totals - 27,503"
G073,title-ii-request-27503,table_total,fail,flagged,LHHS,SRC-CRPT-117HRPT403,1,A,"explained: the 27,503 is ACL's '(Evaluation Tap Funding)' in the FY2023 request column (Senate draft p.416); both documents print the same column, figure as printed","VAL-LHHS-02177 ACC-HHS-TITLE-II-TOTAL FY2023 President's Budget: the agency totals as recorded (ACF-TOTAL 50,316,969, ACL-TOTAL 3,013,236, CDC-TOTAL 9,676, | 1,255,017,830 as printed"
G074,title-ii-scope,cross_document,flag,flagged,LHHS,SRC-CRPT-118SRPT207,4,B,confirm H.Rept. 118-585 p.339's AI-extracted Title II total against the PDF and the scope note in title_ii_totals.csv (the two reports scope the general provisions differently),"VAL-LHHS-01816 ACC-HHS-TITLE-II-TOTAL FY2024 Enacted: H.Rept.118-585 p.339 prints 1,265,242,768 (AI-extracted, 'Total, Title II, Department of H | 1,266,562,768 as recorded -- as printed: the two reports scope this ye || VAL-LHHS-01845 ACC-HHS-TITLE-II-TOTAL FY2025 President's Budget: H.Rept.118-585 p.339 prints 1,307,132,770 (AI-extracted, 'Total, Title II, Department of H | 1,307,703,770 as recorded -- as printed: the two reports scope this ye || VAL-LHHS-01850 ACC-HHS-TITLE-II-TOTAL FY2025 President's Budget: H.Rept.118-585 p.339 prints 121,548,671 (AI-extracted, 'Total, Title II, Department of Hea | 122,119,671 as recorded -- as printed: the two reports scope this year"
G075,bill-text-disagrees,cross_document,flag,flagged,LHHS,SRC-EXPL-LHHS-FY2024-HOUSE,1,B,"decide which figure stands: H.R. 5894 prints $370,772,000; the explanatory table and its change column print 370,722 thousand (kept)","VAL-LHHS-07178 ACC-HHS-CDC-GLOBAL-HEALTH FY2024 House Reported: H.R. 5894 bill text prints $370,772,000 | the explanatory materials' table (and its change column) print 370,722"
G076,sum-fail-confirmed,table_total,fail,flagged,LHHS,SRC-CRPT-117HRPT403,14,A,"14 variants, e.g. parse artifact: the lines grouped under this total do not match the printed table's structure; the figure is confirmed by VAL-LHHS-01996 (the printed change column [Bill vs. Enacted]); VAL-LHHS-01997 (the printed change column [Bill vs. Request])","VAL-LHHS-01994 ACC-HHS-ACL-TOTAL FY2023 House Reported: 4,941,442 = sum of [Subtotal; Subtotal, Caregivers; Subtotal; Subtotal, Grants to States;  | 2,918,123 (thousands) as printed || VAL-LHHS-04035 ACC-HHS-HRSA-HEALTH-SYSTEMS FY2023 President's Budget: 15,685 = sum of [Subtotal, Office of Pharmacy Affairs with transfer; Poison Control Center | 94,009 (thousands) as printed || VAL-LHHS-06370 ACC-HHS-OS-PHSSEF FY2023 President's Budget: 4,908,011 = sum of [Operations; H-CORE; Preparedness and Emergency Operations; National Di | 3,814,610 (thousands) as printed"
G077,sum-fail-confirmed,structural,fail,flagged,LHHS,SRC-CRPT-118SRPT84,13,A,"13 variants, e.g. parse artifact: the lines grouped under this total do not match the printed table's structure; the figure is confirmed by VAL-LHHS-02884 (the printed change column [Senate Committee recommendation compared with (+ or -) 2023 appropriation])","VAL-LHHS-02883 ACC-HHS-ASPR-OPER FY2023 Enacted: 329,252 = sum of [Formula Grants; Policy and Planning; Medical Reserve Corps; Preparedness | 566,686 (thousands) as printed || VAL-LHHS-04101 ACC-HHS-HRSA-HEALTH-WORKFORCE FY2023 Enacted: 455,000 = sum of [Children’s Hospitals Graduate Medical Education; Medical Student Educati | 1,390,376 (thousands) as printed || VAL-LHHS-06437 ACC-HHS-SAMHSA-MENTAL-HEALTH FY2024 Senate Reported: 2,829,507 = sum of [Subtotal; Mental Health Block Grant (MHBG); Certified Community Behavi | 2,817,507 (thousands) as printed"
G078,sum-fail-confirmed,table_total,fail,flagged,LHHS,SRC-CRPT-118SRPT84,11,A,"11 variants, e.g. parse artifact: the lines grouped under this total do not match the printed table's structure; the figure is confirmed by VAL-LHHS-00476 (the printed change column [Senate Committee recommendation compared with (+ or -) 2023 appropriation])","VAL-LHHS-00475 ACC-HHS-ASPR-TOTAL FY2023 Enacted: 3,867,111 = sum of [Subtotal, BARDA; Subtotal, Project BioShield; Strategic National Stock | 3,629,677 (thousands) as printed || VAL-LHHS-00556 ACC-HHS-CDC-TOTAL FY2024 Senate Reported: 795,611 = sum of [Immunization and Respiratory Diseases; Subtotal; Subtotal, CDC–Wide Acti | 7,767,060 (thousands) as printed || VAL-LHHS-01826 ACC-HHS-TITLE-II-TOTAL FY2024 Senate Reported: 1,208,108,108 = sum of [Total, Public Health Service with CURES Act funding; Total, Center | 1,266,744,593 (thousands) as printed"
G079,sum-fail-confirmed,table_total,fail,flagged,LHHS,SRC-EXPL-LHHS-FY2023-SENATE,8,A,"8 variants, e.g. parse artifact: the lines grouped under this total do not match the printed table's structure; the figure is confirmed by VAL-LHHS-02206 (the printed change column [Senate Committee recommendation compared with (+ or -) 2022 appropriation]); VAL-LHHS-02207 (the printed change column [Senate Committee recommendation compared with (+ or -) Budget estimate])","VAL-LHHS-02205 ACC-HHS-ACL-TOTAL FY2023 Senate Reported: 4,280,802 = sum of [Subtotal; Subtotal, Caregivers; Subtotal; Subtotal, Grants to States;  | 2,515,088 (thousands) as printed || VAL-LHHS-04269 ACC-HHS-HRSA-PROGRAM-SUPPORT FY2023 Senate Reported: 0 = sum of [Subtotal, 340B Drug Pricing Prog/Office of Pharmacy Affairs (with transfers);  | 1,029,152 (thousands) as printed || VAL-LHHS-06375 ACC-HHS-OS-PHSSEF FY2023 Senate Reported: 4,669,560 = sum of [Operations; H–CORE; Preparedness and Emergency Operations; National Di | 3,639,479 (thousands) as printed"
G080,sum-fail-confirmed,structural,fail,flagged,LHHS,SRC-CRPT-118SRPT207,6,A,"6 variants, e.g. parse artifact: the lines grouped under this total do not match the printed table's structure; the figure is confirmed by VAL-LHHS-02964 (the printed change column [Senate Committee recommendation compared with (+ or -) 2024 appropriation]); VAL-LHHS-02967 (another document prints it)","VAL-LHHS-02963 ACC-HHS-ASPR-RDP FY2024 Enacted: 315,000 = sum of [Pandemic Influenza Preparedness] (thousands) | 3,135,000 (thousands) as printed || VAL-LHHS-04120 ACC-HHS-HRSA-HEALTH-WORKFORCE FY2024 Enacted: 460,000 = sum of [Children’s Hospitals Graduate Medical Education; Medical Student Educati | 1,404,376 (thousands) as printed || VAL-LHHS-04148 ACC-HHS-HRSA-HEALTH-WORKFORCE FY2025 Senate Reported: 436,000 = sum of [Children’s Hospitals Graduate Medical Education; Medical Student Educati | 1,411,376 (thousands) as printed"
G081,sum-fail-confirmed,structural,fail,flagged,LHHS,SRC-CRPT-119HRPT271,3,A,"3 variants, e.g. parse artifact: the lines grouped under this total do not match the printed table's structure; the figure is confirmed by VAL-LHHS-04135 (the printed change column [Bill vs. Estimate])","VAL-LHHS-04134 ACC-HHS-HRSA-HEALTH-WORKFORCE FY2025 Enacted: 1,259,776 = sum of [Children's Hospitals Graduate Medical Education; Medical Student Educa | 1,404,376 (thousands) as printed || VAL-LHHS-04157 ACC-HHS-HRSA-HEALTH-WORKFORCE FY2026 House Reported: 470,000 = sum of [Children's Hospitals Graduate Medical Education; Medical Student Educati | 1,366,933 (thousands) as printed || VAL-LHHS-04162 ACC-HHS-HRSA-HEALTH-WORKFORCE FY2026 President's Budget: 0 = sum of [Children's Hospitals Graduate Medical Education; Medical Student Education; Na | 394,620 (thousands) as printed"
G082,sum-fail-confirmed,structural,fail,flagged,LHHS,SRC-CRPT-119HRPT696,3,A,"3 variants, e.g. parse artifact: the lines grouped under this total do not match the printed table's structure; the figure is confirmed by VAL-LHHS-04154 (the printed change column [Committee vs. Enacted])","VAL-LHHS-04153 ACC-HHS-HRSA-HEALTH-WORKFORCE FY2026 Enacted: 460,000 = sum of [Children's Hospitals Graduate Medical Education; Medical Student Educati | 1,413,776 (thousands) as printed || VAL-LHHS-04169 ACC-HHS-HRSA-HEALTH-WORKFORCE FY2027 House Reported: 480,000 = sum of [Children's Hospitals Graduate Medical Education; Medical Student Educati | 1,438,876 (thousands) as printed || VAL-LHHS-04174 ACC-HHS-HRSA-HEALTH-WORKFORCE FY2027 President's Budget: 0 = sum of [Children's Hospitals Graduate Medical Education; Medical Student Education; Na | 393,020 (thousands) as printed"
G083,sum-fail-confirmed,structural,fail,flagged,LHHS,SRC-EXPL-LHHS-FY2024-HOUSE,3,A,"3 variants, e.g. parse artifact: the lines grouped under this total do not match the printed table's structure; the figure is confirmed by VAL-LHHS-06786 (the printed change column [Bill vs. Enacted]); VAL-LHHS-06787 (the printed change column [Bill vs. Request])","VAL-LHHS-06785 ACC-HHS-ASPR-RDP FY2024 House Reported: 327,991 = sum of [Pandemic Influenza Preparedness] (thousands) | 3,277,991 (thousands) as printed || VAL-LHHS-06932 ACC-HHS-HRSA-HEALTH-WORKFORCE FY2024 House Reported: 470,000 = sum of [Children's Hospitals Graduate Medical Education; Medical Student Educati | 1,336,348 (thousands) as printed || VAL-LHHS-07136 ACC-HHS-SAMHSA-MENTAL-HEALTH FY2024 House Reported: 2,718,282 = sum of [Subtotal; Mental Health Block Grant (MHBG); Certified Community Behavi | 2,706,282 (thousands) as printed"
G084,sum-fail-confirmed,table_total,fail,flagged,LHHS,SRC-CRPT-118SRPT207,3,A,"3 variants, e.g. parse artifact: the lines grouped under this total do not match the printed table's structure; the figure is confirmed by VAL-LHHS-01813 (the printed change column [Senate Committee recommendation compared with (+ or -) 2024 appropriation]); VAL-LHHS-01910 (the agency totals sum to it)","VAL-LHHS-01812 ACC-HHS-TITLE-II-TOTAL FY2024 Enacted: 1,208,066,604 = sum of [Total, Public Health Service with CURES Act funding; Total, Center | 1,266,562,768 (thousands) as printed || VAL-LHHS-01841 ACC-HHS-TITLE-II-TOTAL FY2025 President's Budget: 1,246,416,916 = sum of [Total, Public Health Service with CURES Act funding; Total, Center | 1,307,703,770 (thousands) as printed || VAL-LHHS-01851 ACC-HHS-TITLE-II-TOTAL FY2025 Senate Reported: 1,247,543,399 = sum of [Total, Public Health Service with CURES Act funding; Total, Center | 1,308,241,168 (thousands) as printed"
G085,sum-fail-confirmed,structural,fail,flagged,LHHS,SRC-CRPT-118HRPT585,2,A,"2 variants, e.g. parse artifact: the lines grouped under this total do not match the printed table's structure; the figure is confirmed by VAL-LHHS-02982 (the printed change column [Bill vs. Enacted]); VAL-LHHS-02983 (the printed change column [Bill vs. Request])","VAL-LHHS-02981 ACC-HHS-ASPR-RDP FY2025 House Reported: 327,991 = sum of [Pandemic Influenza Preparedness] (thousands) | 3,277,991 (thousands) as printed || VAL-LHHS-04138 ACC-HHS-HRSA-HEALTH-WORKFORCE FY2025 House Reported: 465,000 = sum of [Children's Hospitals Graduate Medical Education; Medical Student Educati | 1,342,011 (thousands) as printed"
G086,sum-fail-confirmed,table_total,fail,flagged,LHHS,SRC-CRPT-119SRPT55,1,A,parse artifact: the lines grouped under this total do not match the printed table's structure; the figure is confirmed by VAL-LHHS-01918 (the agency totals sum to it),"VAL-LHHS-01883 ACC-HHS-TITLE-II-TOTAL FY2026 Senate Reported: 1,565,329,989 = sum of [Total, Primary Health Care; National Health Service Corps (NHSC);  | 1,555,322,508 (thousands) as printed"
G087,sum-fail-confirmed,table_total,fail,flagged,LHHS,SRC-EXPL-LHHS-FY2024-HOUSE,1,A,parse artifact: the lines grouped under this total do not match the printed table's structure; the figure is confirmed by VAL-LHHS-07163 (the printed change column [Bill vs. Enacted]); VAL-LHHS-07164 (the printed change column [Bill vs. Request]),"VAL-LHHS-07162 ACC-HHS-TITLE-II-TOTAL FY2024 House Reported: 1,269,616,269 = sum of [Total, Primary Health Care; National Health Service Corps; Subtota | 1,252,404,610 (thousands) as printed"
G088,sum-fail-unconfirmed,structural,fail,flagged,LHHS,SRC-CRPT-119SRPT55,2,B,check the printed page: the lines under this total do not sum to it and no other check confirms the figure,"VAL-LHHS-03009 ACC-HHS-ASPR-RDP FY2026 Senate Reported: 307,991 = sum of [Pandemic Influenza Preparedness] (thousands) | 3,127,991 (thousands) as printed || VAL-LHHS-04166 ACC-HHS-HRSA-HEALTH-WORKFORCE FY2026 Senate Reported: 445,000 = sum of [Children’s Hospitals Graduate Medical Education; Medical Student Educati | 1,383,376 (thousands) as printed"
G089,page-derived,page_check,not confirmed,human-verified,CJS,SRC-EXPL-FY2026-PB,4,A,"derived figure (a sum of printed lines), not printed on the page; the page check cannot find it","OBS-0884 ACC-NASA-TOTAL FY2026 Enacted: source_page 128-130: 24,438,336 (in $ thousands) not found on it by text or OCR; not found within 40 pages either way || OBS-0924 ACC-NSF-TOTAL FY2026 Enacted: source_page 128-130: 8,750,000 (in $ thousands) not found on it by text or OCR; not found within 40 pages either way || OBS-0927 ACC-NSF-TOTAL FY2026 President's Budget: source_page 128-130: 3,903,150 (in $ thousands) not found on it by text or OCR; not found within 40 pages either way"
G090,page-derived,page_check,not confirmed,human-verified,CJS,SRC-CRPT-117HRPT395,3,A,"derived figure (a sum of printed lines), not printed on the page; the page check cannot find it","OBS-0938 ACC-NSF-TOTAL FY2023 House Reported: source_page 219-220: 9,631,243 (in $ thousands) not found on it by text or OCR; not found within 40 pages either way || OBS-0939 ACC-NSF-TOTAL FY2023 President's Budget: source_page 219-220: 10,492,080 (in $ thousands) not found on it by text or OCR; not found within 40 pages either way || OBS-0940 ACC-NSF-TOTAL FY2022 Enacted: source_page 219-220: 8,838,000 (in $ thousands) not found on it by text or OCR; not found within 40 pages either way"
G091,page-derived,page_check,not confirmed,human-verified,CJS,SRC-CRPT-116HRPT455,1,A,"derived figure (a sum of printed lines), not printed on the page; the page check cannot find it","OBS-0907 ACC-NASA-TOTAL FY2021 President's Budget: source_page 187-188: 25,245,985 (in $ thousands) not found on it by text or OCR; not found within 40 pages either way"
G092,page-derived,page_check,not confirmed,human-verified,CJS,SRC-CRPT-117HRPT97,1,A,"derived figure (a sum of printed lines), not printed on the page; the page check cannot find it","OBS-0942 ACC-NSF-TOTAL FY2022 House Reported: source_page 213-214: 9,634,036 (in $ thousands) not found on it by text or OCR; not found within 40 pages either way"
G093,page-derived,page_check,not confirmed,human-verified,CJS,SRC-CRPT-118HRPT582,1,A,"derived figure (a sum of printed lines), not printed on the page; the page check cannot find it","OBS-0890 ACC-NASA-TOTAL FY2025 House Reported: source_page 247-248: 25,178,640 (in $ thousands) not found on it by text or OCR; not found within 40 pages either way"
G094,page-derived,page_check,not confirmed,human-verified,CJS,SRC-CRPT-119HRPT272,1,A,"derived figure (a sum of printed lines), not printed on the page; the page check cannot find it","OBS-0928 ACC-NSF-TOTAL FY2025 Enacted: source_page 256-257: 9,060,000 (in $ thousands) not found on it by text or OCR; not found within 40 pages either way"
G095,page-nearby,page_check,not confirmed,auto-validated,LHHS,SRC-CRPT-119HRPT271,2,B,"open the PDF: the figure was found 16 pages before source_page 366; if it is the same line, correct source_page","OBS-LHHS-0370 ACC-HHS-NIH-CURES FY2026 House Reported: source_page 366: 226,000 (in $ thousands) not found on it by text or OCR; the nearest page with it is -16 pages away || OBS-LHHS-0374 ACC-HHS-NIH-CURES FY2026 President's Budget: source_page 366: 226,000 (in $ thousands) not found on it by text or OCR; the nearest page with it is -16 pages away"
G096,page-nearby,page_check,not confirmed,auto-validated,LHHS,SRC-EXPL-LHHS-FY2026-ENACTED,2,B,"2 variants, e.g. open the PDF: the figure was found 36 pages after source_page 296; if it is the same line, correct source_page","OBS-LHHS-0250 ACC-HHS-GP-MEDICARE-OPERATIONS FY2026 Enacted: source_page 296: 455,000 (in $ thousands) not found on it by text or OCR; the nearest page with it is -37 pages away || OBS-LHHS-0366 ACC-HHS-NIH-CURES FY2026 Enacted: source_page 296: 226,000 (in $ thousands) not found on it by text or OCR; the nearest page with it is +36 pages away"
G097,page-nearby,page_check,not confirmed,human-verified,CJS,SRC-CRPT-116HRPT101,2,B,"2 variants, e.g. open the PDF: the figure was found 14 pages before source_page 148-149; if it is the same line, correct source_page","OBS-0107 ACC-NASA-SCIENCE FY2020 House Reported: source_page 148-149: 7,161,300 (in $ thousands) not found on it by text or OCR; the nearest page with it is -15 pages aw || OBS-0554 ACC-NASA-EXPLORATION FY2020 House Reported: source_page 148-149: 5,129,900 (in $ thousands) not found on it by text or OCR; the nearest page with it is -14 pages aw"
G098,page-nearby,page_check,not confirmed,human-verified,CJS,SRC-CRPT-117HRPT395,2,B,"open the PDF: the figure was found 14 pages before source_page 219-220; if it is the same line, correct source_page","OBS-0255 ACC-NASA-SAFETY-SECURITY FY2023 House Reported: source_page 219-220: 3,138,700 (in $ thousands) not found on it by text or OCR; the nearest page with it is -14 pages aw || OBS-0542 ACC-NASA-EXPLORATION FY2023 House Reported: source_page 219-220: 7,323,700 (in $ thousands) not found on it by text or OCR; the nearest page with it is -14 pages aw"
G099,page-nearby,page_check,not confirmed,human-verified,CJS,SRC-CRPT-115HRPT231,1,B,"open the PDF: the figure was found 13 pages before source_page 120-121; if it is the same line, correct source_page","OBS-0117 ACC-NASA-SCIENCE FY2017 Enacted: source_page 120-121: 5,764,900 (in $ thousands) not found on it by text or OCR; the nearest page with it is -13 pages aw"
G100,page-nearby,page_check,not confirmed,human-verified,CJS,SRC-CRPT-115HRPT704,1,B,"open the PDF: the figure was found 12 pages before source_page 128-129; if it is the same line, correct source_page","OBS-0233 ACC-NASA-STEM-ENGAGEMENT FY2018 Enacted: source_page 128-129: 100,000 (in $ thousands) not found on it by text or OCR; the nearest page with it is -12 pages away"
G101,page-nearby,page_check,not confirmed,human-verified,CJS,SRC-CRPT-116HRPT455,1,B,"open the PDF: the figure was found 12 pages before source_page 187-188; if it is the same line, correct source_page","OBS-0103 ACC-NASA-SCIENCE FY2021 House Reported: source_page 187-188: 7,097,500 (in $ thousands) not found on it by text or OCR; the nearest page with it is -12 pages aw"
G102,page-nearby,page_check,not confirmed,human-verified,CJS,SRC-EXPL-FY2026-PB,1,B,"open the PDF: the figure was found 15 pages before source_page 128-130; if it is the same line, correct source_page","OBS-0241 ACC-NASA-SAFETY-SECURITY FY2026 Enacted: source_page 128-130: 3,000,000 (in $ thousands) not found on it by text or OCR; the nearest page with it is -15 pages aw"
G103,page-nearby,page_check,not confirmed,unverified,LHHS,SRC-CRPT-119HRPT271,1,B,"open the PDF: the figure was found 1 pages after source_page 346; if it is the same line, correct source_page","OBS-LHHS-1677 ACC-HHS-SAMHSA-MENTAL-HEALTH FY2026 President's Budget: source_page 346: 1,463,331 (in $ thousands) not found on it by text or OCR; the nearest page with it is +1 pages away"
G104,page-not-found,page_check,not confirmed,human-verified,CJS,SRC-EXPL-FY2026-PB,26,B,open the PDF at source_page and confirm the figure is printed there (the text layer and OCR missed it); correct source_page if it is elsewhere,"OBS-0084 ACC-NASA-SCIENCE FY2026 President's Budget: source_page 128-130: 3,907,600 (in $ thousands) not found on it by text or OCR; not found within 40 pages either way || OBS-0444 ACC-NSF-OIG FY2026 President's Budget: source_page 128-130: 18,000 (in $ thousands) not found on it by text or OCR; not found within 40 pages either way || OBS-0807 ACC-NSF-MREFC FY2026 President's Budget: source_page 128-130: 251,000 (in $ thousands) not found on it by text or OCR; not found within 40 pages either way"
G105,page-not-found,page_check,not confirmed,auto-validated,LHHS,SRC-CRPT-119HRPT271,20,B,open the PDF at source_page and confirm the figure is printed there (the text layer and OCR missed it); correct source_page if it is elsewhere,"OBS-LHHS-0053 ACC-HHS-ACF-TOTAL FY2026 President's Budget: source_page 356: 26,759,350 (in $ thousands) not found on it by text or OCR; not found within 40 pages either way || OBS-LHHS-1059 ACC-HHS-HRSA-MCH FY2026 President's Budget: source_page 337: 896,846 (in $ thousands) not found on it by text or OCR; not found within 40 pages either way || OBS-LHHS-1693 ACC-HHS-SAMHSA-PREVENTION FY2026 House Reported: source_page 348: 205,009 (in $ thousands) not found on it by text or OCR; not found within 40 pages either way"
G106,page-not-found,page_check,not confirmed,auto-validated,LHHS,SRC-CRPT-119HRPT696,9,B,open the PDF at source_page and confirm the figure is printed there (the text layer and OCR missed it); correct source_page if it is elsewhere,"OBS-LHHS-0617 ACC-HHS-ACF-CFSP FY2027 House Reported: source_page 386: 14,587,087 (in $ thousands) not found on it by text or OCR; not found within 40 pages either way || OBS-LHHS-1078 ACC-HHS-HRSA-PROGRAM-SUPPORT FY2027 House Reported: source_page 371: 648,432 (in $ thousands) not found on it by text or OCR; not found within 40 pages either way || OBS-LHHS-1713 ACC-HHS-SAMHSA-PROGRAM-SUPPORT FY2027 House Reported: source_page 378: 117,255 (in $ thousands) not found on it by text or OCR; not found within 40 pages either way"
G107,page-not-found,page_check,not confirmed,auto-validated,LHHS,SRC-EXPL-LHHS-FY2026-ENACTED,8,B,open the PDF at source_page and confirm the figure is printed there (the text layer and OCR missed it); correct source_page if it is elsewhere,"OBS-LHHS-0074 ACC-HHS-ACL-TOTAL FY2026 Enacted: source_page 294: 2,508,979 (in $ thousands) not found on it by text or OCR; not found within 40 pages either way || OBS-LHHS-0220 ACC-HHS-CMS-TOTAL FY2026 Enacted: source_page 290: 1,423,091,260 (in $ thousands) not found on it by text or OCR; not found within 40 pages either way || OBS-LHHS-0443 ACC-HHS-TITLE-II-TOTAL FY2026 Enacted: source_page 296: 1,553,262,357 (in $ thousands) not found on it by text or OCR; not found within 40 pages either way"
G108,page-not-found,page_check,not confirmed,auto-validated,LHHS,SRC-CRPT-117HRPT403,6,B,open the PDF at source_page and confirm the figure is printed there (the text layer and OCR missed it); correct source_page if it is elsewhere,"OBS-LHHS-0884 ACC-HHS-CDC-INJURY-PREVENTION FY2023 House Reported: source_page 812: 897,779 (in $ thousands) not found on it by text or OCR; not found within 40 pages either way || OBS-LHHS-1377 ACC-HHS-NIH-NIDCD FY2023 President's Budget: source_page 815: 508,704 (in $ thousands) not found on it by text or OCR; not found within 40 pages either way || OBS-LHHS-1478 ACC-HHS-NIH-NIMHD FY2023 President's Budget: source_page 815: 659,817 (in $ thousands) not found on it by text or OCR; not found within 40 pages either way"
G109,page-not-found,page_check,not confirmed,human-verified,CJS,SRC-CRPT-116HRPT101,6,B,open the PDF at source_page and confirm the figure is printed there (the text layer and OCR missed it); correct source_page if it is elsewhere,"OBS-0067 ACC-NSC FY2020 House Reported: source_page 148-149: 1,870 (in $ thousands) not found on it by text or OCR; not found within 40 pages either way || OBS-0269 ACC-NASA-SAFETY-SECURITY FY2019 Enacted: source_page 148-149: 2,755,000 (in $ thousands) not found on it by text or OCR; not found within 40 pages either way || OBS-0428 ACC-NSF-NSB FY2020 President's Budget: source_page 148-149: 4,100 (in $ thousands) not found on it by text or OCR; not found within 40 pages either way"
G110,page-not-found,page_check,not confirmed,human-verified,CJS,SRC-CRPT-118HRPT582,6,B,open the PDF at source_page and confirm the figure is printed there (the text layer and OCR missed it); correct source_page if it is elsewhere,"OBS-0129 ACC-NASA-AERONAUTICS FY2024 Enacted: source_page 247-248: 935,000 (in $ thousands) not found on it by text or OCR; not found within 40 pages either way || OBS-0409 ACC-NSF-NSB FY2024 Enacted: source_page 247-248: 5,090 (in $ thousands) not found on it by text or OCR; not found within 40 pages either way || OBS-0771 ACC-NSF-RRA FY2025 President's Budget: source_page 247-248: 420,000 (in $ thousands) not found on it by text or OCR; not found within 40 pages either way"
G111,page-not-found,page_check,not confirmed,unverified,LHHS,SRC-CRPT-119HRPT271,6,B,open the PDF at source_page and confirm the figure is printed there (the text layer and OCR missed it); correct source_page if it is elsewhere,"OBS-LHHS-0221 ACC-HHS-CMS-TOTAL FY2026 House Reported: source_page 351: 1,422,895,907 (in $ thousands) not found on it by text or OCR; not found within 40 pages either way || OBS-LHHS-0318 ACC-HHS-HRSA-VICTF FY2026 President's Budget: source_page 340: 287,262 (in $ thousands) not found on it by text or OCR; not found within 40 pages either way || OBS-LHHS-0942 ACC-HHS-CDC-PROGRAM-SUPPORT FY2026 House Reported: source_page 342: 523,570 (in $ thousands) not found on it by text or OCR; not found within 40 pages either way"
G112,page-not-found,page_check,not confirmed,auto-validated,LHHS,SRC-CRPT-118HRPT585,5,B,open the PDF at source_page and confirm the figure is printed there (the text layer and OCR missed it); correct source_page if it is elsewhere,"OBS-LHHS-0005 ACC-HHS-ACF-HEAD-START FY2025 House Reported: source_page 328: 12,296,820 (in $ thousands) not found on it by text or OCR; not found within 40 pages either way || OBS-LHHS-0392 ACC-HHS-OS-TOTAL FY2025 House Reported: source_page 338: 1,753,995 (in $ thousands) not found on it by text or OCR; not found within 40 pages either way || OBS-LHHS-1088 ACC-HHS-HRSA-RURAL-HEALTH FY2025 House Reported: source_page 312: 400,907 (in $ thousands) not found on it by text or OCR; not found within 40 pages either way"
G113,page-not-found,page_check,not confirmed,human-verified,CJS,SRC-CRPT-115HRPT231,4,B,open the PDF at source_page and confirm the figure is printed there (the text layer and OCR missed it); correct source_page if it is elsewhere,"OBS-0116 ACC-NASA-SCIENCE FY2018 President's Budget: source_page 120-121: 5,711,800 (in $ thousands) not found on it by text or OCR; not found within 40 pages either way || OBS-0476 ACC-NSF-OIG FY2018 President's Budget: source_page 120-121: 15,008 (in $ thousands) not found on it by text or OCR; not found within 40 pages either way || OBS-0643 ACC-NASA-CONSTRUCTION FY2018 President's Budget: source_page 120-121: 496,100 (in $ thousands) not found on it by text or OCR; not found within 40 pages either way"
G114,page-not-found,page_check,not confirmed,unverified,LHHS,SRC-CRPT-119HRPT696,4,B,open the PDF at source_page and confirm the figure is printed there (the text layer and OCR missed it); correct source_page if it is elsewhere,"OBS-LHHS-0146 ACC-HHS-CDC-TOTAL FY2027 House Reported: source_page 373: 6,723,092 (in $ thousands) not found on it by text or OCR; not found within 40 pages either way || OBS-LHHS-0224 ACC-HHS-CMS-TOTAL FY2027 House Reported: source_page 382: 1,481,377,040 (in $ thousands) not found on it by text or OCR; not found within 40 pages either way || OBS-LHHS-0716 ACC-HHS-ASPR-OPER FY2027 House Reported: source_page 392: 335,606 (in $ thousands) not found on it by text or OCR; not found within 40 pages either way"
G115,page-not-found,page_check,not confirmed,flagged,LHHS,SRC-CRPT-119HRPT271,3,B,open the PDF at source_page and confirm the figure is printed there (the text layer and OCR missed it); correct source_page if it is elsewhere,"OBS-LHHS-0457 ACC-HHS-ACF-TOTAL FY2025 Enacted: source_page 356: 51,897,205 (in $ thousands) not found on it by text or OCR; not found within 40 pages either way || OBS-LHHS-0468 ACC-HHS-CMS-MEDICAID FY2025 Enacted: source_page 350: 245,580,414 (in $ thousands) not found on it by text or OCR; not found within 40 pages either way || OBS-LHHS-0477 ACC-HHS-HRSA-TOTAL FY2025 Enacted: source_page 340: 8,286,229 (in $ thousands) not found on it by text or OCR; not found within 40 pages either way"
G116,page-not-found,page_check,not confirmed,human-verified,CJS,SRC-CRPT-117HRPT395,3,B,open the PDF at source_page and confirm the figure is printed there (the text layer and OCR missed it); correct source_page if it is elsewhere,"OBS-0017 ACC-OSTP FY2022 Enacted: source_page 219-220: 6,652 (in $ thousands) not found on it by text or OCR; not found within 40 pages either way || OBS-0256 ACC-NASA-SAFETY-SECURITY FY2023 President's Budget: source_page 219-220: 3,208,700 (in $ thousands) not found on it by text or OCR; not found within 40 pages either way || OBS-0337 ACC-NSF-STEM-EDUCATION FY2022 Enacted: source_page 219-220: 1,006,000 (in $ thousands) not found on it by text or OCR; not found within 40 pages either way"
G117,page-not-found,page_check,not confirmed,human-verified,CJS,SRC-CRPT-116HRPT455,2,B,open the PDF at source_page and confirm the figure is printed there (the text layer and OCR missed it); correct source_page if it is elsewhere,"OBS-0023 ACC-OSTP FY2021 House Reported: source_page 187-188: 5,544 (in $ thousands) not found on it by text or OCR; not found within 40 pages either way || OBS-0025 ACC-OSTP FY2020 Enacted: source_page 187-188: 5,544 (in $ thousands) not found on it by text or OCR; not found within 40 pages either way"
G118,page-not-found,page_check,not confirmed,human-verified,CJS,SRC-CRPT-119HRPT272,2,B,open the PDF at source_page and confirm the figure is printed there (the text layer and OCR missed it); correct source_page if it is elsewhere,"OBS-0285 ACC-NASA-OIG FY2025 Enacted: source_page 256-257: 47,600 (in $ thousands) not found on it by text or OCR; not found within 40 pages either way || OBS-0405 ACC-NSF-NSB FY2025 Enacted: source_page 256-257: 5,090 (in $ thousands) not found on it by text or OCR; not found within 40 pages either way"
G119,page-not-found,page_check,not confirmed,unverified,LHHS,SRC-CRPT-117HRPT403,2,B,open the PDF at source_page and confirm the figure is printed there (the text layer and OCR missed it); correct source_page if it is elsewhere,"OBS-LHHS-0514 ACC-HHS-HRSA-PRIMARY-CARE FY2023 House Reported: source_page 802: 1,946,772 (in $ thousands) not found on it by text or OCR; not found within 40 pages either way || OBS-LHHS-0515 ACC-HHS-HRSA-PRIMARY-CARE FY2023 President's Budget: source_page 802: 1,839,022 (in $ thousands) not found on it by text or OCR; not found within 40 pages either way"
G120,page-not-found,page_check,not confirmed,unverified,LHHS,SRC-CRPT-118HRPT585,2,B,open the PDF at source_page and confirm the figure is printed there (the text layer and OCR missed it); correct source_page if it is elsewhere,"OBS-LHHS-0132 ACC-HHS-CDC-TOTAL FY2025 House Reported: source_page 316: 6,259,858 (in $ thousands) not found on it by text or OCR; not found within 40 pages either way || OBS-LHHS-0437 ACC-HHS-TITLE-II-TOTAL FY2025 House Reported: source_page 339: 1,293,225,058 (in $ thousands) not found on it by text or OCR; not found within 40 pages either way"
G121,page-not-found,page_check,not confirmed,human-verified,CJS,SRC-CRPT-114HRPT605,1,B,open the PDF at source_page and confirm the figure is printed there (the text layer and OCR missed it); correct source_page if it is elsewhere,"OBS-0520 ACC-NASA-SPACEOPS FY2017 President's Budget: source_page 114-115: 5,075,800 (in $ thousands) not found on it by text or OCR; not found within 40 pages either way"
G122,page-not-found,page_check,not confirmed,human-verified,CJS,SRC-CRPT-115HRPT704,1,B,open the PDF at source_page and confirm the figure is printed there (the text layer and OCR missed it); correct source_page if it is elsewhere,"OBS-0112 ACC-NASA-SCIENCE FY2019 President's Budget: source_page 128-129: 5,895,000 (in $ thousands) not found on it by text or OCR; not found within 40 pages either way"
