column,canonical_account_id,amount_type,component,our_observation_id,our_amount,this_document_amount,pdf_page,result
FY 2023 Enacted,ACC-HHS-ACF-CCDBG,budget authority,,OBS-LHHS-0585,8021387000,8021387000,272,agree
FY 2023 Enacted,ACC-HHS-ACF-CFSP,budget authority,,OBS-LHHS-0602,14618437000,14618437000,273,agree
FY 2023 Enacted,ACC-HHS-ACF-CHILD-SUPPORT,budget authority,,OBS-LHHS-0619,2883000000,4183000000,270,differ
FY 2023 Enacted,ACC-HHS-ACF-FOSTER-CARE,budget authority,,OBS-LHHS-0636,10806000000,10806000000,274,agree
FY 2023 Enacted,ACC-HHS-ACF-HEAD-START,budget authority,,OBS-LHHS-0001,11996820000,11996820000,272,agree
FY 2023 Enacted,ACC-HHS-ACF-LIHEAP,budget authority,,OBS-LHHS-0014,4000000000,1500000000,271,differ
FY 2023 Enacted,ACC-HHS-ACF-PSSF,budget authority,,OBS-LHHS-0653,431515000,431515000,273,agree
FY 2023 Enacted,ACC-HHS-ACF-REFUGEE,budget authority,,OBS-LHHS-0670,6427214000,8202214000,272,differ
FY 2023 Enacted,ACC-HHS-ACF-SSBG,budget authority,,OBS-LHHS-0687,1700000000,1700000000,272,agree
FY 2023 Enacted,ACC-HHS-ACF-TOTAL,budget authority,,OBS-LHHS-0027,52962553000,50462553000,274,differ
FY 2023 Enacted,ACC-HHS-ACF-TOTAL,budget authority,discretionary,OBS-LHHS-0029,35928553000,33428553000,274,differ
FY 2023 Enacted,ACC-HHS-ACF-TOTAL,budget authority,excluding_emergencies,OBS-LHHS-0028,47687553000,47687553000,274,agree
FY 2023 Enacted,ACC-HHS-ACL-TOTAL,budget authority,,OBS-LHHS-0060,2537787000,2537787000,278,agree
FY 2023 Enacted,ACC-HHS-ACL-TOTAL,budget authority,program_level,OBS-LHHS-0061,2565487000,2565487000,278,agree
FY 2023 Enacted,ACC-HHS-AHRQ-TOTAL,budget authority,,OBS-LHHS-0090,373500000,373500000,266,agree
FY 2023 Enacted,ACC-HHS-AHRQ-TOTAL,budget authority,program_level,OBS-LHHS-0091,373500000,373500000,266,agree
FY 2023 Enacted,ACC-HHS-ASPR-OPER,budget authority,,OBS-LHHS-0704,566686000,566686000,279,agree
FY 2023 Enacted,ACC-HHS-ASPR-RDP,budget authority,,OBS-LHHS-0718,3062991000,3062991000,279,agree
FY 2023 Enacted,ACC-HHS-ASPR-TOTAL,budget authority,,OBS-LHHS-0111,3629677000,3629677000,279,agree
FY 2023 Enacted,ACC-HHS-CDC-BIRTH-DEFECTS,budget authority,,OBS-LHHS-0732,205560000,205560000,257,agree
FY 2023 Enacted,ACC-HHS-CDC-BUILDINGS-FACILITIES,budget authority,,OBS-LHHS-0748,40000000,40000000,258,agree
FY 2023 Enacted,ACC-HHS-CDC-CHRONIC-DISEASE,budget authority,,OBS-LHHS-0765,1175464000,1175464000,257,agree
FY 2023 Enacted,ACC-HHS-CDC-EEOICP,budget authority,,OBS-LHHS-0782,55358000,55358000,258,agree
FY 2023 Enacted,ACC-HHS-CDC-EMERGING-ZOONOTIC,budget authority,,OBS-LHHS-0798,698772000,698772000,257,agree
FY 2023 Enacted,ACC-HHS-CDC-ENVIRONMENTAL-HEALTH,budget authority,,OBS-LHHS-0815,229850000,229850000,258,agree
FY 2023 Enacted,ACC-HHS-CDC-GLOBAL-HEALTH,budget authority,,OBS-LHHS-0832,692843000,692843000,258,agree
FY 2023 Enacted,ACC-HHS-CDC-HIV-HEPATITIS-STD-TB,budget authority,,OBS-LHHS-0849,1391056000,1391056000,257,agree
FY 2023 Enacted,ACC-HHS-CDC-IMMUNIZATION,budget authority,,OBS-LHHS-0866,499941000,499941000,257,agree
FY 2023 Enacted,ACC-HHS-CDC-INJURY-PREVENTION,budget authority,,OBS-LHHS-0883,761379000,761379000,258,agree
FY 2023 Enacted,ACC-HHS-CDC-NIOSH,budget authority,,OBS-LHHS-0900,362800000,362800000,258,agree
FY 2023 Enacted,ACC-HHS-CDC-PREPAREDNESS,budget authority,,OBS-LHHS-0917,883200000,883200000,258,agree
FY 2023 Enacted,ACC-HHS-CDC-PROGRAM-SUPPORT,budget authority,,OBS-LHHS-0934,563570000,563570000,259,agree
FY 2023 Enacted,ACC-HHS-CDC-SCIENTIFIC-SERVICES,budget authority,,OBS-LHHS-0947,754497000,754497000,258,agree
FY 2023 Enacted,ACC-HHS-CDC-TOTAL,budget authority,,OBS-LHHS-0124,8314290000,8314290000,259,agree
FY 2023 Enacted,ACC-HHS-CDC-TOTAL,budget authority,program_level,OBS-LHHS-0125,9217590000,9217590000,260,agree
FY 2023 Enacted,ACC-HHS-CMS-HCFAC,budget authority,,OBS-LHHS-0964,893000000,893000000,269,agree
FY 2023 Enacted,ACC-HHS-CMS-MEDICAID,advance,,OBS-LHHS-0574,197580474000,197580474000,267,agree
FY 2023 Enacted,ACC-HHS-CMS-MEDICAID,prior_year_advance,,OBS-LHHS-0575,-165722018000,-165722018000,267,agree
FY 2023 Enacted,ACC-HHS-CMS-PROGRAM-MANAGEMENT,budget authority,,OBS-LHHS-0200,3669744000,4124744000,268,differ
FY 2023 Enacted,ACC-HHS-CMS-TOTAL,budget authority,,OBS-LHHS-0213,1117630308000,1118085308000,269,differ
FY 2023 Enacted,ACC-HHS-CMS-TRUST-FUND-PAYMENTS,budget authority,,OBS-LHHS-0226,548130000000,548130000000,268,agree
FY 2023 Enacted,ACC-HHS-GP-NEF-RESCISSION,rescission,,OBS-LHHS-0582,-650000000,,,not printed
FY 2023 Enacted,ACC-HHS-HRSA-CCPF,budget authority,,OBS-LHHS-0981,7000000,7000000,256,agree
FY 2023 Enacted,ACC-HHS-HRSA-FAMILY-PLANNING,budget authority,,OBS-LHHS-0995,286479000,286479000,255,agree
FY 2023 Enacted,ACC-HHS-HRSA-HEALTH-CENTERS,budget authority,,OBS-LHHS-0270,1857772000,1857772000,250,agree
FY 2023 Enacted,ACC-HHS-HRSA-HEALTH-SYSTEMS,budget authority,,OBS-LHHS-1012,99009000,99009000,254,agree
FY 2023 Enacted,ACC-HHS-HRSA-HEALTH-WORKFORCE,budget authority,,OBS-LHHS-1029,1390376000,1390376000,253,agree
FY 2023 Enacted,ACC-HHS-HRSA-MCH,budget authority,,OBS-LHHS-1046,1171430000,1171430000,253,agree
FY 2023 Enacted,ACC-HHS-HRSA-PRIMARY-CARE,budget authority,,OBS-LHHS-0283,1858772000,1858772000,250,agree
FY 2023 Enacted,ACC-HHS-HRSA-PROGRAM-SUPPORT,budget authority,,OBS-LHHS-1063,1735769000,1735769000,255,agree
FY 2023 Enacted,ACC-HHS-HRSA-RURAL-HEALTH,budget authority,,OBS-LHHS-1080,352407000,352407000,255,agree
FY 2023 Enacted,ACC-HHS-HRSA-RYAN-WHITE,budget authority,,OBS-LHHS-1097,2571041000,2571041000,254,agree
FY 2023 Enacted,ACC-HHS-HRSA-TOTAL,budget authority,,OBS-LHHS-0296,9743853000,9743853000,256,agree
FY 2023 Enacted,ACC-HHS-HRSA-VICTF,budget authority,,OBS-LHHS-0309,271570000,271570000,256,agree
FY 2023 Enacted,ACC-HHS-NIH-ARPA-H,budget authority,,OBS-LHHS-1114,1500000000,1500000000,262,agree
FY 2023 Enacted,ACC-HHS-NIH-BUILDINGS-FACILITIES,budget authority,,OBS-LHHS-1134,350000000,350000000,262,agree
FY 2023 Enacted,ACC-HHS-NIH-CURES,budget authority,,OBS-LHHS-0338,1085000000,1085000000,283,agree
FY 2023 Enacted,ACC-HHS-NIH-FIC,budget authority,,OBS-LHHS-1152,95162000,95162000,261,agree
FY 2023 Enacted,ACC-HHS-NIH-NCATS,budget authority,,OBS-LHHS-1169,923323000,923323000,262,agree
FY 2023 Enacted,ACC-HHS-NIH-NCCIH,budget authority,,OBS-LHHS-1186,170384000,170384000,261,agree
FY 2023 Enacted,ACC-HHS-NIH-NCI,budget authority,,OBS-LHHS-0322,7104159000,7104159000,260,agree
FY 2023 Enacted,ACC-HHS-NIH-NEI,budget authority,,OBS-LHHS-1203,896549000,896549000,261,agree
FY 2023 Enacted,ACC-HHS-NIH-NHGRI,budget authority,,OBS-LHHS-1222,663200000,663200000,261,agree
FY 2023 Enacted,ACC-HHS-NIH-NHLBI,budget authority,,OBS-LHHS-1239,3982345000,3982345000,260,agree
FY 2023 Enacted,ACC-HHS-NIH-NIA,budget authority,,OBS-LHHS-1256,4407623000,4407623000,261,agree
FY 2023 Enacted,ACC-HHS-NIH-NIAAA,budget authority,,OBS-LHHS-1273,595318000,595318000,261,agree
FY 2023 Enacted,ACC-HHS-NIH-NIAID,budget authority,,OBS-LHHS-1290,6562279000,6562279000,260,agree
FY 2023 Enacted,ACC-HHS-NIH-NIAMS,budget authority,,OBS-LHHS-1307,685465000,685465000,261,agree
FY 2023 Enacted,ACC-HHS-NIH-NIBIB,budget authority,,OBS-LHHS-1324,440627000,440627000,261,agree
FY 2023 Enacted,ACC-HHS-NIH-NICHD,budget authority,,OBS-LHHS-1341,1749078000,1749078000,261,agree
FY 2023 Enacted,ACC-HHS-NIH-NIDA,budget authority,,OBS-LHHS-1358,1662695000,1662695000,261,agree
FY 2023 Enacted,ACC-HHS-NIH-NIDCD,budget authority,,OBS-LHHS-1375,534333000,534333000,261,agree
FY 2023 Enacted,ACC-HHS-NIH-NIDCR,budget authority,,OBS-LHHS-1391,520163000,520163000,260,agree
FY 2023 Enacted,ACC-HHS-NIH-NIDDK,budget authority,,OBS-LHHS-1408,2300721000,2300721000,260,agree
FY 2023 Enacted,ACC-HHS-NIH-NIEHS,budget authority,,OBS-LHHS-1425,913979000,913979000,261,agree
FY 2023 Enacted,ACC-HHS-NIH-NIGMS,budget authority,,OBS-LHHS-1442,1827197000,1827197000,260,agree
FY 2023 Enacted,ACC-HHS-NIH-NIMH,budget authority,,OBS-LHHS-1459,2112843000,2112843000,261,agree
FY 2023 Enacted,ACC-HHS-NIH-NIMHD,budget authority,,OBS-LHHS-1476,524395000,524395000,261,agree
FY 2023 Enacted,ACC-HHS-NIH-NINDS,budget authority,,OBS-LHHS-1493,2588925000,2588925000,260,agree
FY 2023 Enacted,ACC-HHS-NIH-NINR,budget authority,,OBS-LHHS-1510,197693000,197693000,261,agree
FY 2023 Enacted,ACC-HHS-NIH-NLM,budget authority,,OBS-LHHS-1527,497548000,497548000,262,agree
FY 2023 Enacted,ACC-HHS-NIH-OD,budget authority,,OBS-LHHS-1544,2655514000,2655514000,262,agree
FY 2023 Enacted,ACC-HHS-NIH-TOTAL,budget authority,,OBS-LHHS-0335,47546518000,47546518000,262,agree
FY 2023 Enacted,ACC-HHS-NIH-TOTAL,budget authority,program_level,OBS-LHHS-0336,48959000000,,,not printed
FY 2023 Enacted,ACC-HHS-NIH-TOTAL,budget authority,program_level_excluding_arpa_h,OBS-LHHS-0337,47459000000,47459000000,262,agree
FY 2023 Enacted,ACC-HHS-OS-COMMISSIONED-OFFICERS,budget authority,,OBS-LHHS-1562,710327000,710327000,282,agree
FY 2023 Enacted,ACC-HHS-OS-GDM,budget authority,,OBS-LHHS-1579,537144000,537144000,281,agree
FY 2023 Enacted,ACC-HHS-OS-OCR,budget authority,,OBS-LHHS-1596,39798000,39798000,281,agree
FY 2023 Enacted,ACC-HHS-OS-OIG,budget authority,,OBS-LHHS-1613,87000000,87000000,281,agree
FY 2023 Enacted,ACC-HHS-OS-OMHA,budget authority,,OBS-LHHS-1630,196000000,196000000,281,agree
FY 2023 Enacted,ACC-HHS-OS-PHSSEF,budget authority,,OBS-LHHS-1655,137892000,137892000,283,agree
FY 2023 Enacted,ACC-HHS-OS-TOTAL,budget authority,,OBS-LHHS-0386,1708161000,1708161000,283,agree
FY 2023 Enacted,ACC-HHS-SAMHSA-MENTAL-HEALTH,budget authority,,OBS-LHHS-1664,2755507000,2755507000,263,agree
FY 2023 Enacted,ACC-HHS-SAMHSA-PREVENTION,budget authority,,OBS-LHHS-1681,236879000,236879000,265,agree
FY 2023 Enacted,ACC-HHS-SAMHSA-PROGRAM-SUPPORT,budget authority,,OBS-LHHS-1698,301932000,301932000,265,agree
FY 2023 Enacted,ACC-HHS-SAMHSA-TOTAL,budget authority,,OBS-LHHS-0409,7370416000,7370416000,265,agree
FY 2023 Enacted,ACC-HHS-SAMHSA-TREATMENT,budget authority,,OBS-LHHS-1715,4076098000,4076098000,264,agree
FY 2023 Enacted,ACC-HHS-TITLE-II-TOTAL,budget authority,,OBS-LHHS-0432,1250732063000,1248687063000,283,differ
FY 2024 Request,ACC-HHS-ACF-CCDBG,budget authority,,OBS-LHHS-0590,9000000000,9000000000,272,agree
FY 2024 Request,ACC-HHS-ACF-CFSP,budget authority,,OBS-LHHS-0607,16139665000,16139665000,273,agree
FY 2024 Request,ACC-HHS-ACF-CHILD-SUPPORT,budget authority,,OBS-LHHS-0624,3309000000,4709000000,270,differ
FY 2024 Request,ACC-HHS-ACF-FOSTER-CARE,budget authority,,OBS-LHHS-0641,11994000000,11994000000,274,agree
FY 2024 Request,ACC-HHS-ACF-HEAD-START,budget authority,,OBS-LHHS-0003,13111586000,13111586000,272,agree
FY 2024 Request,ACC-HHS-ACF-LIHEAP,budget authority,,OBS-LHHS-0016,4111000000,4111000000,271,agree
FY 2024 Request,ACC-HHS-ACF-PSSF,budget authority,,OBS-LHHS-0658,451000000,451000000,273,agree
FY 2024 Request,ACC-HHS-ACF-REFUGEE,budget authority,,OBS-LHHS-0675,7258755000,7258755000,272,agree
FY 2024 Request,ACC-HHS-ACF-SSBG,budget authority,,OBS-LHHS-0692,1700000000,1700000000,272,agree
FY 2024 Request,ACC-HHS-ACF-TOTAL,budget authority,,OBS-LHHS-0033,55363420000,55363420000,274,agree
FY 2024 Request,ACC-HHS-ACF-TOTAL,budget authority,discretionary,OBS-LHHS-0035,36615420000,36615420000,274,agree
FY 2024 Request,ACC-HHS-ACF-TOTAL,budget authority,excluding_emergencies,OBS-LHHS-0034,55363420000,55363420000,274,agree
FY 2024 Request,ACC-HHS-ACL-TOTAL,budget authority,,OBS-LHHS-0064,3027622000,3027622000,278,agree
FY 2024 Request,ACC-HHS-ACL-TOTAL,budget authority,program_level,OBS-LHHS-0065,3055322000,3055322000,278,agree
FY 2024 Request,ACC-HHS-AHRQ-TOTAL,budget authority,,OBS-LHHS-0094,402500000,402500000,266,agree
FY 2024 Request,ACC-HHS-AHRQ-TOTAL,budget authority,program_level,OBS-LHHS-0095,447500000,447500000,266,agree
FY 2024 Request,ACC-HHS-ASPR-OPER,budget authority,,OBS-LHHS-0706,656790000,1056790000,279,differ
FY 2024 Request,ACC-HHS-ASPR-RDP,budget authority,,OBS-LHHS-0720,3215123000,3215123000,279,agree
FY 2024 Request,ACC-HHS-ASPR-TOTAL,budget authority,,OBS-LHHS-0113,4271913000,4271913000,279,agree
FY 2024 Request,ACC-HHS-CDC-BIRTH-DEFECTS,budget authority,,OBS-LHHS-0736,222560000,222560000,257,agree
FY 2024 Request,ACC-HHS-CDC-BUILDINGS-FACILITIES,budget authority,,OBS-LHHS-0753,55000000,55000000,258,agree
FY 2024 Request,ACC-HHS-CDC-CHRONIC-DISEASE,budget authority,,OBS-LHHS-0770,1551339000,1551339000,257,agree
FY 2024 Request,ACC-HHS-CDC-EEOICP,budget authority,,OBS-LHHS-0786,55358000,55358000,258,agree
FY 2024 Request,ACC-HHS-CDC-EMERGING-ZOONOTIC,budget authority,,OBS-LHHS-0803,793772000,793772000,257,agree
FY 2024 Request,ACC-HHS-CDC-ENVIRONMENTAL-HEALTH,budget authority,,OBS-LHHS-0820,396850000,396850000,258,agree
FY 2024 Request,ACC-HHS-CDC-GLOBAL-HEALTH,budget authority,,OBS-LHHS-0837,764843000,764843000,258,agree
FY 2024 Request,ACC-HHS-CDC-HIV-HEPATITIS-STD-TB,budget authority,,OBS-LHHS-0854,1544556000,1544556000,257,agree
FY 2024 Request,ACC-HHS-CDC-IMMUNIZATION,budget authority,,OBS-LHHS-0871,750930000,750930000,257,agree
FY 2024 Request,ACC-HHS-CDC-INJURY-PREVENTION,budget authority,,OBS-LHHS-0888,1351669000,1351669000,258,agree
FY 2024 Request,ACC-HHS-CDC-NIOSH,budget authority,,OBS-LHHS-0905,362800000,362800000,258,agree
FY 2024 Request,ACC-HHS-CDC-PREPAREDNESS,budget authority,,OBS-LHHS-0922,943200000,943200000,258,agree
FY 2024 Request,ACC-HHS-CDC-PROGRAM-SUPPORT,budget authority,,OBS-LHHS-0936,828570000,828570000,259,agree
FY 2024 Request,ACC-HHS-CDC-SCIENTIFIC-SERVICES,budget authority,,OBS-LHHS-0952,651222000,651222000,258,agree
FY 2024 Request,ACC-HHS-CDC-TOTAL,budget authority,,OBS-LHHS-0128,10272669000,10272669000,259,agree
FY 2024 Request,ACC-HHS-CDC-TOTAL,budget authority,program_level,OBS-LHHS-0129,11636211000,11636211000,260,agree
FY 2024 Request,ACC-HHS-CMS-HCFAC,budget authority,,OBS-LHHS-0969,937000000,937000000,269,agree
FY 2024 Request,ACC-HHS-CMS-MEDICAID,advance,,OBS-LHHS-0576,245580414000,245580414000,267,agree
FY 2024 Request,ACC-HHS-CMS-MEDICAID,prior_year_advance,,OBS-LHHS-0577,-197580474000,-197580474000,267,agree
FY 2024 Request,ACC-HHS-CMS-PROGRAM-MANAGEMENT,budget authority,,OBS-LHHS-0202,4550070000,4550070000,268,agree
FY 2024 Request,ACC-HHS-CMS-TOTAL,budget authority,,OBS-LHHS-0215,1134749334000,1134749334000,269,agree
FY 2024 Request,ACC-HHS-CMS-TRUST-FUND-PAYMENTS,budget authority,,OBS-LHHS-0228,476725000000,476725000000,268,agree
FY 2024 Request,ACC-HHS-GP-NEF-RESCISSION,rescission,,OBS-LHHS-0583,-350000000,,,not printed
FY 2024 Request,ACC-HHS-HRSA-CCPF,budget authority,,OBS-LHHS-0986,15000000,15000000,256,agree
FY 2024 Request,ACC-HHS-HRSA-FAMILY-PLANNING,budget authority,,OBS-LHHS-1000,512000000,512000000,255,agree
FY 2024 Request,ACC-HHS-HRSA-HEALTH-CENTERS,budget authority,,OBS-LHHS-0272,1937772000,1937772000,250,agree
FY 2024 Request,ACC-HHS-HRSA-HEALTH-SYSTEMS,budget authority,,OBS-LHHS-1017,135009000,135009000,254,agree
FY 2024 Request,ACC-HHS-HRSA-HEALTH-WORKFORCE,budget authority,,OBS-LHHS-1034,1747486000,1747486000,253,agree
FY 2024 Request,ACC-HHS-HRSA-MCH,budget authority,,OBS-LHHS-1051,1357830000,1357830000,253,agree
FY 2024 Request,ACC-HHS-HRSA-PRIMARY-CARE,budget authority,,OBS-LHHS-0285,1938772000,1938772000,250,agree
FY 2024 Request,ACC-HHS-HRSA-PROGRAM-SUPPORT,budget authority,,OBS-LHHS-1068,360709000,360709000,255,agree
FY 2024 Request,ACC-HHS-HRSA-RURAL-HEALTH,budget authority,,OBS-LHHS-1085,415852000,415852000,255,agree
FY 2024 Request,ACC-HHS-HRSA-RYAN-WHITE,budget authority,,OBS-LHHS-1102,2696041000,2696041000,254,agree
FY 2024 Request,ACC-HHS-HRSA-TOTAL,budget authority,,OBS-LHHS-0298,9466396000,9466396000,256,agree
FY 2024 Request,ACC-HHS-HRSA-VICTF,budget authority,,OBS-LHHS-0311,287697000,287697000,256,agree
FY 2024 Request,ACC-HHS-NIH-ARPA-H,budget authority,,OBS-LHHS-1119,2500000000,2500000000,262,agree
FY 2024 Request,ACC-HHS-NIH-BUILDINGS-FACILITIES,budget authority,,OBS-LHHS-1139,350000000,350000000,262,agree
FY 2024 Request,ACC-HHS-NIH-CURES,budget authority,,OBS-LHHS-0346,407000000,407000000,283,agree
FY 2024 Request,ACC-HHS-NIH-FIC,budget authority,,OBS-LHHS-1157,95130000,95130000,261,agree
FY 2024 Request,ACC-HHS-NIH-NCATS,budget authority,,OBS-LHHS-1174,923323000,923323000,262,agree
FY 2024 Request,ACC-HHS-NIH-NCCIH,budget authority,,OBS-LHHS-1191,170277000,170277000,261,agree
FY 2024 Request,ACC-HHS-NIH-NCI,budget authority,,OBS-LHHS-0324,7820159000,7820159000,260,agree
FY 2024 Request,ACC-HHS-NIH-NEI,budget authority,,OBS-LHHS-1208,896136000,896136000,261,agree
FY 2024 Request,ACC-HHS-NIH-NHGRI,budget authority,,OBS-LHHS-1227,660510000,660510000,261,agree
FY 2024 Request,ACC-HHS-NIH-NHLBI,budget authority,,OBS-LHHS-1244,3985158000,3985158000,260,agree
FY 2024 Request,ACC-HHS-NIH-NIA,budget authority,,OBS-LHHS-1261,4412090000,4412090000,261,agree
FY 2024 Request,ACC-HHS-NIH-NIAAA,budget authority,,OBS-LHHS-1278,596616000,596616000,261,agree
FY 2024 Request,ACC-HHS-NIH-NIAID,budget authority,,OBS-LHHS-1295,6561652000,6561652000,260,agree
FY 2024 Request,ACC-HHS-NIH-NIAMS,budget authority,,OBS-LHHS-1312,687639000,687639000,261,agree
FY 2024 Request,ACC-HHS-NIH-NIBIB,budget authority,,OBS-LHHS-1329,440625000,440625000,261,agree
FY 2024 Request,ACC-HHS-NIH-NICHD,budget authority,,OBS-LHHS-1346,1747784000,1747784000,261,agree
FY 2024 Request,ACC-HHS-NIH-NIDA,budget authority,,OBS-LHHS-1363,1663365000,1663365000,261,agree
FY 2024 Request,ACC-HHS-NIH-NIDCD,budget authority,,OBS-LHHS-1379,534330000,534330000,261,agree
FY 2024 Request,ACC-HHS-NIH-NIDCR,budget authority,,OBS-LHHS-1396,520138000,520138000,260,agree
FY 2024 Request,ACC-HHS-NIH-NIDDK,budget authority,,OBS-LHHS-1413,2303098000,2303098000,260,agree
FY 2024 Request,ACC-HHS-NIH-NIEHS,budget authority,,OBS-LHHS-1430,938807000,938807000,261,agree
FY 2024 Request,ACC-HHS-NIH-NIGMS,budget authority,,OBS-LHHS-1447,1291570000,1291570000,260,agree
FY 2024 Request,ACC-HHS-NIH-NIMH,budget authority,,OBS-LHHS-1464,2455653000,2455653000,261,agree
FY 2024 Request,ACC-HHS-NIH-NIMHD,budget authority,,OBS-LHHS-1481,525138000,525138000,261,agree
FY 2024 Request,ACC-HHS-NIH-NINDS,budget authority,,OBS-LHHS-1498,2739418000,2739418000,260,agree
FY 2024 Request,ACC-HHS-NIH-NINR,budget authority,,OBS-LHHS-1515,197671000,197671000,261,agree
FY 2024 Request,ACC-HHS-NIH-NLM,budget authority,,OBS-LHHS-1532,495314000,495314000,262,agree
FY 2024 Request,ACC-HHS-NIH-OD,budget authority,,OBS-LHHS-1549,2903379000,2903379000,262,agree
FY 2024 Request,ACC-HHS-NIH-TOTAL,budget authority,,OBS-LHHS-0343,48821980000,48821980000,262,agree
FY 2024 Request,ACC-HHS-NIH-TOTAL,budget authority,program_level,OBS-LHHS-0344,50770089000,,,not printed
FY 2024 Request,ACC-HHS-NIH-TOTAL,budget authority,program_level_excluding_arpa_h,OBS-LHHS-0345,48270089000,48270089000,262,agree
FY 2024 Request,ACC-HHS-OS-COMMISSIONED-OFFICERS,budget authority,,OBS-LHHS-1567,792691000,792691000,282,agree
FY 2024 Request,ACC-HHS-OS-GDM,budget authority,,OBS-LHHS-1584,611320000,611320000,281,agree
FY 2024 Request,ACC-HHS-OS-OCR,budget authority,,OBS-LHHS-1601,78000000,78000000,281,agree
FY 2024 Request,ACC-HHS-OS-OIG,budget authority,,OBS-LHHS-1618,116801000,116801000,281,agree
FY 2024 Request,ACC-HHS-OS-OMHA,budget authority,,OBS-LHHS-1635,199000000,199000000,281,agree
FY 2024 Request,ACC-HHS-OS-PHSSEF,budget authority,,OBS-LHHS-1660,278318000,278318000,283,agree
FY 2024 Request,ACC-HHS-OS-TOTAL,budget authority,,OBS-LHHS-0389,2096130000,2096130000,283,agree
FY 2024 Request,ACC-HHS-SAMHSA-MENTAL-HEALTH,budget authority,,OBS-LHHS-1669,4496356000,4496356000,263,agree
FY 2024 Request,ACC-HHS-SAMHSA-PREVENTION,budget authority,,OBS-LHHS-1686,245738000,245738000,265,agree
FY 2024 Request,ACC-HHS-SAMHSA-PROGRAM-SUPPORT,budget authority,,OBS-LHHS-1703,150827000,150827000,265,agree
FY 2024 Request,ACC-HHS-SAMHSA-TOTAL,budget authority,,OBS-LHHS-0412,10274808000,10274808000,265,agree
FY 2024 Request,ACC-HHS-SAMHSA-TREATMENT,budget authority,,OBS-LHHS-1720,5381887000,5381887000,264,agree
FY 2024 Request,ACC-HHS-TITLE-II-TOTAL,budget authority,,OBS-LHHS-0435,1278339772000,1278339772000,283,agree
