source_document_id,observation_id,source_page,amount_thousands,nearest_offset,note
SRC-CRPT-119HRPT272,OBS-0285,256-257,"47,600",,not found within 40 pages (image page: possibly an OCR misread)
SRC-CRPT-119HRPT272,OBS-0405,256-257,"5,090",,not found within 40 pages (image page: possibly an OCR misread)
SRC-CRPT-119HRPT272,OBS-0928,256-257,"9,060,000",,not found within 40 pages (image page: possibly an OCR misread)
SRC-EXPL-FY2026-PB,OBS-0084,128-130,"3,907,600",,not found within 40 pages (image page: possibly an OCR misread)
SRC-EXPL-FY2026-PB,OBS-0124,128-130,"588,700",,not found within 40 pages (image page: possibly an OCR misread)
SRC-EXPL-FY2026-PB,OBS-0161,128-130,"920,500",,not found within 40 pages (image page: possibly an OCR misread)
SRC-EXPL-FY2026-PB,OBS-0164,128-130,"568,900",,not found within 40 pages (image page: possibly an OCR misread)
SRC-EXPL-FY2026-PB,OBS-0201,128-130,"143,000",,not found within 40 pages (image page: possibly an OCR misread)
SRC-EXPL-FY2026-PB,OBS-0241,128-130,"3,000,000",-15,found on a nearby page
SRC-EXPL-FY2026-PB,OBS-0244,128-130,"2,118,300",,not found within 40 pages (image page: possibly an OCR misread)
SRC-EXPL-FY2026-PB,OBS-0281,128-130,"46,500",,not found within 40 pages (image page: possibly an OCR misread)
SRC-EXPL-FY2026-PB,OBS-0284,128-130,"40,700",,not found within 40 pages (image page: possibly an OCR misread)
SRC-EXPL-FY2026-PB,OBS-0321,128-130,"938,250",,not found within 40 pages (image page: possibly an OCR misread)
SRC-EXPL-FY2026-PB,OBS-0361,128-130,"355,000",,not found within 40 pages (image page: possibly an OCR misread)
SRC-EXPL-FY2026-PB,OBS-0364,128-130,"355,000",,not found within 40 pages (image page: possibly an OCR misread)
SRC-EXPL-FY2026-PB,OBS-0404,128-130,"3,000",,not found within 40 pages (image page: possibly an OCR misread)
SRC-EXPL-FY2026-PB,OBS-0441,128-130,"24,160",,not found within 40 pages (image page: possibly an OCR misread)
SRC-EXPL-FY2026-PB,OBS-0444,128-130,"18,000",,not found within 40 pages (image page: possibly an OCR misread)
SRC-EXPL-FY2026-PB,OBS-0481,128-130,"4,175,000",,not found within 40 pages (image page: possibly an OCR misread)
SRC-EXPL-FY2026-PB,OBS-0484,128-130,"3,131,900",,not found within 40 pages (image page: possibly an OCR misread)
SRC-EXPL-FY2026-PB,OBS-0528,128-130,"7,783,000",,not found within 40 pages (image page: possibly an OCR misread)
SRC-EXPL-FY2026-PB,OBS-0531,128-130,"8,312,900",,not found within 40 pages (image page: possibly an OCR misread)
SRC-EXPL-FY2026-PB,OBS-0608,128-130,"185,336",,not found within 40 pages (image page: possibly an OCR misread)
SRC-EXPL-FY2026-PB,OBS-0611,128-130,"140,100",,not found within 40 pages (image page: possibly an OCR misread)
SRC-EXPL-FY2026-PB,OBS-0688,128-130,"7,057,700",,not found within 40 pages (image page: possibly an OCR misread)
SRC-EXPL-FY2026-PB,OBS-0691,128-130,"3,166,840",,not found within 40 pages (image page: possibly an OCR misread)
SRC-EXPL-FY2026-PB,OBS-0728,128-130,"118,800",,not found within 40 pages (image page: possibly an OCR misread)
SRC-EXPL-FY2026-PB,OBS-0731,128-130,"109,310",,not found within 40 pages (image page: possibly an OCR misread)
SRC-EXPL-FY2026-PB,OBS-0804,128-130,"251,000",,not found within 40 pages (image page: possibly an OCR misread)
SRC-EXPL-FY2026-PB,OBS-0807,128-130,"251,000",,not found within 40 pages (image page: possibly an OCR misread)
SRC-EXPL-FY2026-PB,OBS-0884,128-130,"24,438,336",,not found within 40 pages (image page: possibly an OCR misread)
SRC-EXPL-FY2026-PB,OBS-0887,128-130,"18,809,100",,not found within 40 pages (image page: possibly an OCR misread)
SRC-EXPL-FY2026-PB,OBS-0924,128-130,"8,750,000",,not found within 40 pages (image page: possibly an OCR misread)
SRC-EXPL-FY2026-PB,OBS-0927,128-130,"3,903,150",,not found within 40 pages (image page: possibly an OCR misread)
SRC-CRPT-118HRPT582,OBS-0129,247-248,"935,000",,not found within 40 pages (image page: possibly an OCR misread)
SRC-CRPT-118HRPT582,OBS-0169,247-248,"1,100,000",,not found within 40 pages (image page: possibly an OCR misread)
SRC-CRPT-118HRPT582,OBS-0408,247-248,"5,220",,not found within 40 pages (image page: possibly an OCR misread)
SRC-CRPT-118HRPT582,OBS-0409,247-248,"5,090",,not found within 40 pages (image page: possibly an OCR misread)
SRC-CRPT-118HRPT582,OBS-0448,247-248,"28,460",,not found within 40 pages (image page: possibly an OCR misread)
SRC-CRPT-118HRPT582,OBS-0771,247-248,"420,000",,not found within 40 pages (image page: possibly an OCR misread)
SRC-CRPT-118HRPT582,OBS-0890,247-248,"25,178,640",,not found within 40 pages (image page: possibly an OCR misread)
SRC-CRPT-117HRPT395,OBS-0017,219-220,"6,652",,not found within 40 pages (image page: possibly an OCR misread)
SRC-CRPT-117HRPT395,OBS-0255,219-220,"3,138,700",-14,found on a nearby page
SRC-CRPT-117HRPT395,OBS-0256,219-220,"3,208,700",,not found within 40 pages (image page: possibly an OCR misread)
SRC-CRPT-117HRPT395,OBS-0337,219-220,"1,006,000",,not found within 40 pages (image page: possibly an OCR misread)
SRC-CRPT-117HRPT395,OBS-0542,219-220,"7,323,700",-14,found on a nearby page
SRC-CRPT-117HRPT395,OBS-0938,219-220,"9,631,243",,not found within 40 pages (image page: possibly an OCR misread)
SRC-CRPT-117HRPT395,OBS-0939,219-220,"10,492,080",,not found within 40 pages (image page: possibly an OCR misread)
SRC-CRPT-117HRPT395,OBS-0940,219-220,"8,838,000",,not found within 40 pages (image page: possibly an OCR misread)
SRC-CRPT-117HRPT97,OBS-0942,213-214,"9,634,036",,not found within 40 pages (image page: possibly an OCR misread)
SRC-CRPT-116HRPT455,OBS-0023,187-188,"5,544",,not found within 40 pages (image page: possibly an OCR misread)
SRC-CRPT-116HRPT455,OBS-0025,187-188,"5,544",,not found within 40 pages (image page: possibly an OCR misread)
SRC-CRPT-116HRPT455,OBS-0103,187-188,"7,097,500",-12,found on a nearby page
SRC-CRPT-116HRPT455,OBS-0907,187-188,"25,245,985",,not found within 40 pages (image page: possibly an OCR misread)
SRC-CRPT-116HRPT101,OBS-0067,148-149,"1,870",,not found within 40 pages (image page: possibly an OCR misread)
SRC-CRPT-116HRPT101,OBS-0068,148-149,"1,870",,not found within 40 pages (image page: possibly an OCR misread)
SRC-CRPT-116HRPT101,OBS-0069,148-149,"1,965",,not found within 40 pages (image page: possibly an OCR misread)
SRC-CRPT-116HRPT101,OBS-0107,148-149,"7,161,300",-15,found on a nearby page
SRC-CRPT-116HRPT101,OBS-0269,148-149,"2,755,000",,not found within 40 pages (image page: possibly an OCR misread)
SRC-CRPT-116HRPT101,OBS-0389,148-149,"329,540",,not found within 40 pages (image page: possibly an OCR misread)
SRC-CRPT-116HRPT101,OBS-0428,148-149,"4,100",,not found within 40 pages (image page: possibly an OCR misread)
SRC-CRPT-116HRPT101,OBS-0554,148-149,"5,129,900",-14,found on a nearby page
SRC-CRPT-115HRPT704,OBS-0112,128-129,"5,895,000",,not found within 40 pages (image page: possibly an OCR misread)
SRC-CRPT-115HRPT704,OBS-0233,128-129,"100,000",-12,found on a nearby page
SRC-CRPT-115HRPT231,OBS-0116,120-121,"5,711,800",,not found within 40 pages (image page: possibly an OCR misread)
SRC-CRPT-115HRPT231,OBS-0117,120-121,"5,764,900",-13,found on a nearby page
SRC-CRPT-115HRPT231,OBS-0236,120-121,"37,300",,not found within 40 pages (image page: possibly an OCR misread)
SRC-CRPT-115HRPT231,OBS-0476,120-121,"15,008",,not found within 40 pages (image page: possibly an OCR misread)
SRC-CRPT-115HRPT231,OBS-0643,120-121,"496,100",,not found within 40 pages (image page: possibly an OCR misread)
SRC-CRPT-114HRPT605,OBS-0520,114-115,"5,075,800",,not found within 40 pages (image page: possibly an OCR misread)
SRC-CRPT-118HRPT585,OBS-LHHS-0005,328,"12,296,820",,not found within 40 pages (image page: possibly an OCR misread)
SRC-CRPT-118HRPT585,OBS-LHHS-0132,316,"6,259,858",,not found within 40 pages (image page: possibly an OCR misread)
SRC-CRPT-118HRPT585,OBS-LHHS-0326,317,"7,875,289",,not found within 40 pages (image page: possibly an OCR misread)
SRC-CRPT-118HRPT585,OBS-LHHS-0392,338,"1,753,995",,not found within 40 pages (image page: possibly an OCR misread)
SRC-CRPT-118HRPT585,OBS-LHHS-0437,339,"1,293,225,058",,not found within 40 pages (image page: possibly an OCR misread)
SRC-CRPT-118HRPT585,OBS-LHHS-0874,314,"237,358",,not found within 40 pages (image page: possibly an OCR misread)
SRC-CRPT-118HRPT585,OBS-LHHS-1088,312,"400,907",,not found within 40 pages (image page: possibly an OCR misread)
SRC-CRPT-119HRPT271,OBS-LHHS-0053,356,"26,759,350",,not found within 40 pages (image page: possibly an OCR misread)
SRC-CRPT-119HRPT271,OBS-LHHS-0086,334,"574,803",,not found within 40 pages (image page: possibly an OCR misread)
SRC-CRPT-119HRPT271,OBS-LHHS-0087,334,"579,688",,not found within 40 pages (image page: possibly an OCR misread)
SRC-CRPT-119HRPT271,OBS-LHHS-0221,351,"1,422,895,907",,not found within 40 pages (image page: possibly an OCR misread)
SRC-CRPT-119HRPT271,OBS-LHHS-0222,351,"1,422,885,907",,not found within 40 pages (image page: possibly an OCR misread)
SRC-CRPT-119HRPT271,OBS-LHHS-0317,340,"287,262",,not found within 40 pages (image page: possibly an OCR misread)
SRC-CRPT-119HRPT271,OBS-LHHS-0318,340,"287,262",,not found within 40 pages (image page: possibly an OCR misread)
SRC-CRPT-119HRPT271,OBS-LHHS-0331,343,"4,530,833",,not found within 40 pages (image page: possibly an OCR misread)
SRC-CRPT-119HRPT271,OBS-LHHS-0370,366,"226,000",-16,found on a nearby page
SRC-CRPT-119HRPT271,OBS-LHHS-0374,366,"226,000",-16,found on a nearby page
SRC-CRPT-119HRPT271,OBS-LHHS-0446,366,"108,066,863",,not found within 40 pages (image page: possibly an OCR misread)
SRC-CRPT-119HRPT271,OBS-LHHS-0457,356,"51,897,205",,not found within 40 pages (image page: possibly an OCR misread)
SRC-CRPT-119HRPT271,OBS-LHHS-0468,350,"245,580,414",,not found within 40 pages (image page: possibly an OCR misread)
SRC-CRPT-119HRPT271,OBS-LHHS-0477,340,"8,286,229",,not found within 40 pages (image page: possibly an OCR misread)
SRC-CRPT-119HRPT271,OBS-LHHS-0626,353,"5,524,000",,not found within 40 pages (image page: possibly an OCR misread)
SRC-CRPT-119HRPT271,OBS-LHHS-0738,341,"206,060",,not found within 40 pages (image page: possibly an OCR misread)
SRC-CRPT-119HRPT271,OBS-LHHS-0743,341,"208,560",,not found within 40 pages (image page: possibly an OCR misread)
SRC-CRPT-119HRPT271,OBS-LHHS-0810,340,"777,372",,not found within 40 pages (image page: possibly an OCR misread)
SRC-CRPT-119HRPT271,OBS-LHHS-0896,341,"550,079",,not found within 40 pages (image page: possibly an OCR misread)
SRC-CRPT-119HRPT271,OBS-LHHS-0942,342,"523,570",,not found within 40 pages (image page: possibly an OCR misread)
SRC-CRPT-119HRPT271,OBS-LHHS-1025,338,"110,887",,not found within 40 pages (image page: possibly an OCR misread)
SRC-CRPT-119HRPT271,OBS-LHHS-1059,337,"896,846",,not found within 40 pages (image page: possibly an OCR misread)
SRC-CRPT-119HRPT271,OBS-LHHS-1093,339,"283,830",,not found within 40 pages (image page: possibly an OCR misread)
SRC-CRPT-119HRPT271,OBS-LHHS-1121,345,"1,500,000",,not found within 40 pages (image page: possibly an OCR misread)
SRC-CRPT-119HRPT271,OBS-LHHS-1131,344,"2,687,238",,not found within 40 pages (image page: possibly an OCR misread)
SRC-CRPT-119HRPT271,OBS-LHHS-1302,343,"6,582,279",,not found within 40 pages (image page: possibly an OCR misread)
SRC-CRPT-119HRPT271,OBS-LHHS-1398,343,"520,163",,not found within 40 pages (image page: possibly an OCR misread)
SRC-CRPT-119HRPT271,OBS-LHHS-1449,343,"1,832,197",,not found within 40 pages (image page: possibly an OCR misread)
SRC-CRPT-119HRPT271,OBS-LHHS-1534,345,"497,548",,not found within 40 pages (image page: possibly an OCR misread)
SRC-CRPT-119HRPT271,OBS-LHHS-1539,345,"497,548",,not found within 40 pages (image page: possibly an OCR misread)
SRC-CRPT-119HRPT271,OBS-LHHS-1677,346,"1,463,331",+1,found on a nearby page
SRC-CRPT-119HRPT271,OBS-LHHS-1693,348,"205,009",,not found within 40 pages (image page: possibly an OCR misread)
SRC-CRPT-119HRPT696,OBS-LHHS-0146,373,"6,723,092",,not found within 40 pages (image page: possibly an OCR misread)
SRC-CRPT-119HRPT696,OBS-LHHS-0148,373,"6,140,461",,not found within 40 pages (image page: possibly an OCR misread)
SRC-CRPT-119HRPT696,OBS-LHHS-0224,382,"1,481,377,040",,not found within 40 pages (image page: possibly an OCR misread)
SRC-CRPT-119HRPT696,OBS-LHHS-0617,386,"14,587,087",,not found within 40 pages (image page: possibly an OCR misread)
SRC-CRPT-119HRPT696,OBS-LHHS-0618,386,"13,754,443",,not found within 40 pages (image page: possibly an OCR misread)
SRC-CRPT-119HRPT696,OBS-LHHS-0716,392,"335,606",,not found within 40 pages (image page: possibly an OCR misread)
SRC-CRPT-119HRPT696,OBS-LHHS-0864,372,"566,000",,not found within 40 pages (image page: possibly an OCR misread)
SRC-CRPT-119HRPT696,OBS-LHHS-1027,369,"126,887",,not found within 40 pages (image page: possibly an OCR misread)
SRC-CRPT-119HRPT696,OBS-LHHS-1078,371,"648,432",,not found within 40 pages (image page: possibly an OCR misread)
SRC-CRPT-119HRPT696,OBS-LHHS-1340,375,"408,391",,not found within 40 pages (image page: possibly an OCR misread)
SRC-CRPT-119HRPT696,OBS-LHHS-1487,375,"538,395",,not found within 40 pages (image page: possibly an OCR misread)
SRC-CRPT-119HRPT696,OBS-LHHS-1709,378,"117,255",,not found within 40 pages (image page: possibly an OCR misread)
SRC-CRPT-119HRPT696,OBS-LHHS-1713,378,"117,255",,not found within 40 pages (image page: possibly an OCR misread)
SRC-EXPL-LHHS-FY2026-ENACTED,OBS-LHHS-0074,294,"2,508,979",,not found within 40 pages (image page: possibly an OCR misread)
SRC-EXPL-LHHS-FY2026-ENACTED,OBS-LHHS-0172,289,"824,663,516",,not found within 40 pages (image page: possibly an OCR misread)
SRC-EXPL-LHHS-FY2026-ENACTED,OBS-LHHS-0174,289,"261,063,820",,not found within 40 pages (image page: possibly an OCR misread)
SRC-EXPL-LHHS-FY2026-ENACTED,OBS-LHHS-0207,289,"3,669,744",,not found within 40 pages (image page: possibly an OCR misread)
SRC-EXPL-LHHS-FY2026-ENACTED,OBS-LHHS-0220,290,"1,423,091,260",,not found within 40 pages (image page: possibly an OCR misread)
SRC-EXPL-LHHS-FY2026-ENACTED,OBS-LHHS-0250,296,"455,000",-37,found on a nearby page
SRC-EXPL-LHHS-FY2026-ENACTED,OBS-LHHS-0290,281,"1,858,772",,not found within 40 pages (image page: possibly an OCR misread)
SRC-EXPL-LHHS-FY2026-ENACTED,OBS-LHHS-0316,284,"287,262",,not found within 40 pages (image page: possibly an OCR misread)
SRC-EXPL-LHHS-FY2026-ENACTED,OBS-LHHS-0366,296,"226,000",+36,found on a nearby page
SRC-EXPL-LHHS-FY2026-ENACTED,OBS-LHHS-0443,296,"1,553,262,357",,not found within 40 pages (image page: possibly an OCR misread)
SRC-CRPT-117HRPT403,OBS-LHHS-0514,802,"1,946,772",,not found within 40 pages (image page: possibly an OCR misread)
SRC-CRPT-117HRPT403,OBS-LHHS-0515,802,"1,839,022",,not found within 40 pages (image page: possibly an OCR misread)
SRC-CRPT-117HRPT403,OBS-LHHS-0884,812,"897,779",,not found within 40 pages (image page: possibly an OCR misread)
SRC-CRPT-117HRPT403,OBS-LHHS-1188,815,"183,368",,not found within 40 pages (image page: possibly an OCR misread)
SRC-CRPT-117HRPT403,OBS-LHHS-1360,815,"1,843,326",,not found within 40 pages (image page: possibly an OCR misread)
SRC-CRPT-117HRPT403,OBS-LHHS-1377,815,"508,704",,not found within 40 pages (image page: possibly an OCR misread)
SRC-CRPT-117HRPT403,OBS-LHHS-1460,815,"2,203,775",,not found within 40 pages (image page: possibly an OCR misread)
SRC-CRPT-117HRPT403,OBS-LHHS-1478,815,"659,817",,not found within 40 pages (image page: possibly an OCR misread)
