canonical_account_id,canonical_name,agency,bureau,treasury_account_symbol,status,effective_start,effective_end,historical_names,historical_identifiers,fund_type,subcommittee,notes,title,display_order,total_scope
ACC-HHS-AHA-TOTAL,Administration for a Healthy America (agency total),Administration for a Healthy America,(Agency Total),,proposed,2025-10-01,,,,general,LHHS,"Proposed in the FY2026 and FY2027 budget requests only; never reported by a committee or enacted (P.L. 119-75 has no such heading). The committee tables print it only in the request column, as the request's funding 'not displayed under other HHS accounts below' (H.Rept. 119-271 p.334 footnote 1/): the tables show most of the proposed AHA under HRSA, SAMHSA and the other legacy lines. Derived rollup (agency). H.Rept. 119-696 prints no plain total, only 'Administration for a Healthy America, Discretionary 1/', recorded as the headline there.",Title II,1,agency
ACC-HHS-HRSA-HEALTH-CENTERS,Health Centers,Health Resources and Services Administration,Primary Health Care,,active,2022-10-01,,,,general,LHHS,A program line under Primary Health Care (with Free Clinics Medical Malpractice).,Title II,2,
ACC-HHS-HRSA-PRIMARY-CARE,Primary Health Care,Health Resources and Services Administration,Primary Health Care,,active,2022-10-01,,,,general,LHHS,"The appropriation heading 'Primary Health Care' (the law's dollar figure); printed as 'Total, Primary Health Care'.",Title II,3,
ACC-HHS-HRSA-VICTF,Vaccine Injury Compensation Program Trust Fund,Health Resources and Services Administration,Vaccine Injury Compensation Program,,active,2022-10-01,,,,trust,LHHS,"Trust fund, mandatory. The law appropriates 'such sums as may be necessary' for claims plus a fixed HRSA administrative-expenses amount (15,200); the tables' claims figure is an estimate, not a law figure.",Title II,4,
ACC-HHS-HRSA-TOTAL,Health Resources and Services Administration (agency total),Health Resources and Services Administration,(Agency Total),,active,2022-10-01,,,,general,LHHS,"Derived rollup -- HRSA's agency total as the Title II table prints it; kept as a reference row, not an independent funding decision. Includes the Vaccine Injury Compensation trust fund and the Covered Countermeasures Process Fund; 'Total, Health Resources and Services' (no 'Administration') is a smaller subtotal.",Title II,5,agency
ACC-HHS-CDC-TOTAL,Centers for Disease Control and Prevention (agency total),Centers for Disease Control and Prevention,(Agency Total),,active,2022-10-01,,,,general,LHHS,"Derived rollup -- CDC's agency total as the Title II table prints it; kept as a reference row, not an independent funding decision.",Title II,6,agency
ACC-HHS-NIH-NCI,National Cancer Institute,National Institutes of Health,National Cancer Institute,,active,2022-10-01,,,,general,LHHS,,Title II,7,
ACC-HHS-NIH-TOTAL,National Institutes of Health (agency total),National Institutes of Health,(Agency Total),,active,2022-10-01,,,,general,LHHS,"Derived rollup -- NIH's agency total as the Title II table prints it; kept as a reference row, not an independent funding decision. Headline: 'Total, National Institutes of Health (with CURES Act funding)' (decision 2026-09-27). The CURES Act line is its own observation, component CURES (kind 'contained': inside this headline, never added to it); the Title II total subtracts it.",Title II,8,agency
ACC-HHS-SAMHSA-TOTAL,Substance Abuse and Mental Health Services Administration (agency total),Substance Abuse and Mental Health Services Administration,(Agency Total),,active,2022-10-01,,,,general,LHHS,"Derived rollup -- SAMHSA's agency total as the Title II table prints it; kept as a reference row, not an independent funding decision.",Title II,9,agency
ACC-HHS-AHRQ-TOTAL,Agency for Healthcare Research and Quality (agency total),Agency for Healthcare Research and Quality,(Agency Total),,active,2022-10-01,,,,general,LHHS,"Derived rollup -- AHRQ's agency total as the Title II table prints it; kept as a reference row, not an independent funding decision.",Title II,10,agency
ACC-HHS-CMS-MEDICAID,Grants to States for Medicaid,Centers for Medicare & Medicaid Services,Grants to States for Medicaid,,active,2023-10-01,,,,general,LHHS,"Mandatory. Three printed totals, each its own observation (decision 2026-09-27): the current-year 'Total, Grants to States for Medicaid' (headline); 'Total, Medicaid[,] program level, available this fiscal year' (component program_level_available_this_fiscal_year); '..., appropriated in this bill' (component appropriated_in_this_bill). The new first-quarter advance is amount_type 'advance' and 'Less appropriations provided in prior years' amount_type 'prior_year_advance' (negative, as printed). S.Rept. 118-84 prints no current-year total.",Title II,11,
ACC-HHS-CMS-TRUST-FUND-PAYMENTS,Payments to the Health Care Trust Funds,Centers for Medicare & Medicaid Services,Payments to the Health Care Trust Funds,,active,2022-10-01,,,,general,LHHS,Mandatory general-fund payments into the Medicare trust funds.,Title II,12,
ACC-HHS-CMS-PROGRAM-MANAGEMENT,Program Management,Centers for Medicare & Medicaid Services,Program Management,,active,2022-10-01,,,,trust,LHHS,Funded by transfer from the Medicare trust funds (it sits in CMS's 'Trust Funds' memo line).,Title II,13,
ACC-HHS-CMS-TOTAL,Centers for Medicare & Medicaid Services (agency total),Centers for Medicare & Medicaid Services,(Agency Total),,active,2022-10-01,,,,general,LHHS,"Derived rollup -- CMS's agency total as the Title II table prints it; kept as a reference row, not an independent funding decision. Sums Medicaid 'appropriated in this bill' (advance included).",Title II,14,agency
ACC-HHS-ACF-LIHEAP,Low Income Home Energy Assistance,Administration for Children and Families,Low Income Home Energy Assistance,,active,2022-10-01,,,,general,LHHS,"No stable total row: 'Total, LIHEAP' where printed; S.Rept. 118-207 and H.Rept. 118-585 print only 'Total, LIHEAP, program level' (recorded as the headline there); the FY2026 JES prints only 'Formula Grants'.",Title II,15,
ACC-HHS-ACF-HEAD-START,Head Start,Administration for Children and Families,Children and Families Services Programs,,active,2022-10-01,,,,general,LHHS,"The line item; an 'Additional funding (emergency)' line under it is a separate supplemental line, not in scope.",Title II,16,
ACC-HHS-ACF-TOTAL,Administration for Children and Families (agency total),Administration for Children and Families,(Agency Total),,active,2022-10-01,,,,general,LHHS,"Derived rollup -- ACF's agency total as the Title II table prints it; kept as a reference row, not an independent funding decision.",Title II,17,agency
ACC-HHS-ACL-TOTAL,Administration for Community Living (agency total),Administration for Community Living,(Agency Total),,active,2022-10-01,,,,general,LHHS,"Derived rollup -- ACL's agency total as the Title II table prints it; kept as a reference row, not an independent funding decision.",Title II,18,agency
ACC-HHS-ASPR-TOTAL,Administration for Strategic Preparedness and Response (agency total),Administration for Strategic Preparedness and Response,(Agency Total),,active,2022-10-01,,,,general,LHHS,"Derived rollup -- ASPR's agency total as the Title II table prints it; kept as a reference row, not an independent funding decision. A separate operating division in these tables, outside the Office of the Secretary total.",Title II,19,agency
ACC-HHS-OS-TOTAL,Office of the Secretary (agency total),Office of the Secretary,(Agency Total),,active,2022-10-01,,,,general,LHHS,"Derived rollup -- the Office of the Secretary's agency total as the Title II table prints it; kept as a reference row, not an independent funding decision.",Title II,20,agency
ACC-HHS-GP-MEDICARE-OPERATIONS,Medicare Operations (Title II general provision),Department of Health and Human Services,General Provisions,,active,2023-10-01,,,,trust,LHHS,"A Title II general-provision line, not an operating division's account: the section number varies by bill (House Sec. 226, Senate Sec. 227; P.L. 119-75 Sec. 227). The law lets the Secretary transfer up to $455,000,000 to 'Centers for Medicare & Medicaid Services, Program Management' from the Federal Hospital Insurance and Federal Supplementary Medical Insurance Trust Funds for Medicare program management. The tables print it under General Provisions, outside the CMS total, and count it in the Title II total; recorded as printed (budget authority).",Title II,21,
ACC-HHS-GP-NEF-RESCISSION,"Nonrecurring Expenses Fund, HHS (rescission)",Department of Health and Human Services,General Provisions,,active,2023-10-01,,,,general,LHHS,"A rescission-only general-provision line (House Sec. 234/235, P.L. 119-75 Sec. 237: 'Of the unobligated balances in the Nonrecurring Expenses Fund ... are hereby rescinded'), not a standing program account. Recorded as printed (negative). H.Rept. 118-585 also prints a separate '(rescission) (emergency)' line: component 'emergency'. The Senate reports print no such line.",Title II,22,
ACC-HHS-GP-ADOPTION-INCENTIVES-RESCISSION,Adoption Incentives (rescission),Department of Health and Human Services,General Provisions,,active,2023-10-01,,,,general,LHHS,"A rescission-only line printed only by H.Rept. 118-585, under Title II General Provisions and outside the ACF total, though Adoption Incentives is an ACF program. Recorded as printed (negative).",Title II,23,
ACC-HHS-GP-MEDICARE-LIMITATION,Limitation for Title XVIII of the Social Security Act,Department of Health and Human Services,General Provisions,,active,2025-10-01,,,,general,LHHS,"A general-provision line printed only for FY2026 Enacted (the JES and H.Rept. 119-696 p.392, 2,000; '---' in the FY2027 columns). The provision of P.L. 119-75 it reflects is not identified here -- the Title II general provisions carry no section naming title XVIII with that figure; to be confirmed. Vision read H.Rept. 119-696's label as 'mitation ...' (the page image prints 'Limitation ...').",Title II,24,
ACC-HHS-TITLE-II-TOTAL,"Title II, Department of Health and Human Services (title total)",Department of Health and Human Services,(Title Total),,active,2022-10-01,,,,general,LHHS,"Derived rollup -- the Title II title total as printed. Reconciles as the ten agency totals (eleven in the FY2026-27 requests, with AHA) + General Provisions lines (signed) - the CURES Act line, in all 16 printed columns (reference/review/lhhs/title_ii_totals.py); in the store, through the agency-total rollups and the four General Provisions accounts, in all 13 recorded cells. The House counts the HHS rescissions (NEF, Adoption Incentives) in Title II's general provisions; the Senate prints them after the grand total, outside Title II -- so the two FY2024 figures differ by 1,320,000 as printed.",Title II,25,title
