confirmed_absence_id,canonical_account_id,fiscal_year,stage,amount_type,component,source_document_id,evidence,confirmed_date
CA-LHHS-0001,ACC-HHS-AHA-TOTAL,2026,House Reported,budget authority,,SRC-CRPT-119HRPT271,"H.Rept. 119-271 p.334 prints the Administration for a Healthy America rows (a proposal of the FY2026 request, footnote 1/: funding 'not displayed under other HHS accounts below') with '---' in the Bill column for 'Administration for a Healthy America, Discretionary 1/', 'Total, Administration for a Healthy America' and its program-level total; the Bill vs. Request column prints -574,803. Read by vision and by hand from the page image.",2026-09-28
CA-LHHS-0002,ACC-HHS-AHA-TOTAL,2026,Senate Reported,budget authority,,SRC-CRPT-119SRPT55,"S.Rept. 119-55's Title II table (pp. 426-442, text layer) prints no Administration for a Healthy America row: Title II opens with HRSA's Health Centers; no 'Healthy America' text anywhere in the table.",2026-09-28
CA-LHHS-0003,ACC-HHS-AHA-TOTAL,2026,Enacted,budget authority,,SRC-EXPL-LHHS-FY2026-ENACTED,"The FY2026 JES Division B table (Congressional Record H1633, p.281, read by hand from the page image) opens Title II with HRSA's Health Centers and prints no Administration for a Healthy America row; H.Rept. 119-696 p.365 prints '---' for AHA in its FY 2026 Enacted column; P.L. 119-75 contains no 'Healthy America' heading or text.",2026-09-28
CA-LHHS-0004,ACC-HHS-AHA-TOTAL,2027,House Reported,budget authority,,SRC-CRPT-119HRPT696,"H.Rept. 119-696 p.365 prints 'Administration for a Healthy America, Discretionary 1/' and its program-level total with '---' in the Committee Recommendation column (FY 2027 Request 427,803). Read by vision; the row verified by hand against the page image.",2026-09-28
CA-LHHS-0008,ACC-HHS-GP-ADOPTION-INCENTIVES-RESCISSION,2023,Enacted,rescission,,SRC-CRPT-118SRPT84,"No 'Adoption Incentives (rescission)' line anywhere in S.Rept.118-84 (whole text layer searched for /Adoption Incentives \(rescission/, the Title II table pp. 366-392 and the bill-level sections after the grand total included) for FY2023 Enacted.",2026-09-28
CA-LHHS-0009,ACC-HHS-GP-ADOPTION-INCENTIVES-RESCISSION,2024,President's Budget,rescission,,SRC-CRPT-118SRPT84,"No 'Adoption Incentives (rescission)' line anywhere in S.Rept.118-84 (whole text layer searched for /Adoption Incentives \(rescission/, the Title II table pp. 366-392 and the bill-level sections after the grand total included) for FY2024 President's Budget.",2026-09-28
CA-LHHS-0010,ACC-HHS-GP-ADOPTION-INCENTIVES-RESCISSION,2024,Senate Reported,rescission,,SRC-CRPT-118SRPT84,"No 'Adoption Incentives (rescission)' line anywhere in S.Rept.118-84 (whole text layer searched for /Adoption Incentives \(rescission/, the Title II table pp. 366-392 and the bill-level sections after the grand total included) for FY2024 Senate Reported.",2026-09-28
CA-LHHS-0011,ACC-HHS-GP-ADOPTION-INCENTIVES-RESCISSION,2026,Senate Reported,rescission,,SRC-CRPT-119SRPT55,"No 'Adoption Incentives (rescission)' line anywhere in S.Rept.119-55 (whole text layer searched for /Adoption Incentives \(rescission/, the Title II table pp. 426-442; 450 and the bill-level sections after the grand total included) for FY2026 Senate Reported.",2026-09-28
CA-LHHS-0012,ACC-HHS-GP-MEDICARE-LIMITATION,2024,Enacted,budget authority,,SRC-CRPT-118SRPT207,"No 'Limitation for Title XVIII of the Social Security Act' line anywhere in S.Rept.118-207 (whole text layer searched for /Title XVIII/, the Title II table pp. 430-452; 467 and the bill-level sections after the grand total included) for FY2024 Enacted.",2026-09-28
CA-LHHS-0013,ACC-HHS-GP-MEDICARE-LIMITATION,2025,President's Budget,budget authority,,SRC-CRPT-118SRPT207,"No 'Limitation for Title XVIII of the Social Security Act' line anywhere in S.Rept.118-207 (whole text layer searched for /Title XVIII/, the Title II table pp. 430-452; 467 and the bill-level sections after the grand total included) for FY2025 President's Budget.",2026-09-28
CA-LHHS-0014,ACC-HHS-GP-MEDICARE-LIMITATION,2025,Senate Reported,budget authority,,SRC-CRPT-118SRPT207,"No 'Limitation for Title XVIII of the Social Security Act' line anywhere in S.Rept.118-207 (whole text layer searched for /Title XVIII/, the Title II table pp. 430-452; 467 and the bill-level sections after the grand total included) for FY2025 Senate Reported.",2026-09-28
CA-LHHS-0015,ACC-HHS-GP-MEDICARE-LIMITATION,2023,Enacted,budget authority,,SRC-CRPT-118SRPT84,"No 'Limitation for Title XVIII of the Social Security Act' line anywhere in S.Rept.118-84 (whole text layer searched for /Title XVIII/, the Title II table pp. 366-392 and the bill-level sections after the grand total included) for FY2023 Enacted.",2026-09-28
CA-LHHS-0016,ACC-HHS-GP-MEDICARE-LIMITATION,2024,President's Budget,budget authority,,SRC-CRPT-118SRPT84,"No 'Limitation for Title XVIII of the Social Security Act' line anywhere in S.Rept.118-84 (whole text layer searched for /Title XVIII/, the Title II table pp. 366-392 and the bill-level sections after the grand total included) for FY2024 President's Budget.",2026-09-28
CA-LHHS-0017,ACC-HHS-GP-MEDICARE-LIMITATION,2024,Senate Reported,budget authority,,SRC-CRPT-118SRPT84,"No 'Limitation for Title XVIII of the Social Security Act' line anywhere in S.Rept.118-84 (whole text layer searched for /Title XVIII/, the Title II table pp. 366-392 and the bill-level sections after the grand total included) for FY2024 Senate Reported.",2026-09-28
CA-LHHS-0018,ACC-HHS-GP-MEDICARE-LIMITATION,2026,Senate Reported,budget authority,,SRC-CRPT-119SRPT55,"No 'Limitation for Title XVIII of the Social Security Act' line anywhere in S.Rept.119-55 (whole text layer searched for /Title XVIII/, the Title II table pp. 426-442; 450 and the bill-level sections after the grand total included) for FY2026 Senate Reported.",2026-09-28
