reference_id,subcommittee,fiscal_year,stage,bill_id,report_id,bill_url,report_jes_url,lookup_key
BR-LHHS-FY2023-ENACTED,Labor-HHS-Education,2023,Enacted,P.L.117-328,N/A,https://www.govinfo.gov/app/details/PLAW-117publ328,N/A,Labor-HHS-Education-2023-Enacted
BR-LHHS-FY2024-ENACTED,Labor-HHS-Education,2024,Enacted,P.L.118-47,N/A,https://www.govinfo.gov/app/details/PLAW-118publ47,N/A,Labor-HHS-Education-2024-Enacted
BR-LHHS-FY2024-PB,Labor-HHS-Education,2024,President's Budget,PREX 2.8:2024/APP,N/A,https://www.govinfo.gov/content/pkg/BUDGET-2024-APP/pdf/BUDGET-2024-APP.pdf,N/A,Labor-HHS-Education-2024-President's Budget
BR-LHHS-FY2024-SENATE,Labor-HHS-Education,2024,Senate Reported,S.2624,S.Rept.118-84,https://www.govinfo.gov/app/details/BILLS-118s2624rs,https://www.govinfo.gov/app/details/CRPT-118srpt84,Labor-HHS-Education-2024-Senate Reported
BR-LHHS-FY2025-HOUSE,Labor-HHS-Education,2025,House Reported,H.R.9029,H.Rept.118-585,https://www.govinfo.gov/app/details/BILLS-118hr9029rh,https://www.govinfo.gov/app/details/CRPT-118hrpt585,Labor-HHS-Education-2025-House Reported
BR-LHHS-FY2025-PB,Labor-HHS-Education,2025,President's Budget,PREX 2.8:2025/APP,N/A,https://www.govinfo.gov/content/pkg/BUDGET-2025-APP/pdf/BUDGET-2025-APP.pdf,N/A,Labor-HHS-Education-2025-President's Budget
BR-LHHS-FY2025-SENATE,Labor-HHS-Education,2025,Senate Reported,S.4942,S.Rept.118-207,https://www.govinfo.gov/app/details/BILLS-118s4942rs,https://www.govinfo.gov/app/details/CRPT-118srpt207,Labor-HHS-Education-2025-Senate Reported
BR-LHHS-FY2026-ENACTED,Labor-HHS-Education,2026,Enacted,P.L.119-75,JES_LHHS_P.L.119-75,https://www.govinfo.gov/app/details/PLAW-119publ75,https://www.govinfo.gov/app/details/CREC-2026-01-22/CREC-2026-01-22-pt2-PgH1353-2,Labor-HHS-Education-2026-Enacted
BR-LHHS-FY2026-HOUSE,Labor-HHS-Education,2026,House Reported,H.R.5304,H.Rept.119-271,https://www.govinfo.gov/app/details/BILLS-119hr5304rh,https://www.govinfo.gov/app/details/CRPT-119hrpt271,Labor-HHS-Education-2026-House Reported
BR-LHHS-FY2026-PB,Labor-HHS-Education,2026,President's Budget,PREX 2.8:2026/APP,N/A,https://www.govinfo.gov/content/pkg/BUDGET-2026-APP/pdf/BUDGET-2026-APP.pdf,N/A,Labor-HHS-Education-2026-President's Budget
BR-LHHS-FY2026-SENATE,Labor-HHS-Education,2026,Senate Reported,S.2587,S.Rept.119-55,https://www.govinfo.gov/app/details/BILLS-119s2587rs,https://www.govinfo.gov/app/details/CRPT-119srpt55,Labor-HHS-Education-2026-Senate Reported
BR-LHHS-FY2027-HOUSE,Labor-HHS-Education,2027,House Reported,H.R.9260,H.Rept.119-696,https://www.govinfo.gov/app/details/BILLS-119hr9260rh,https://www.govinfo.gov/app/details/CRPT-119hrpt696,Labor-HHS-Education-2027-House Reported
BR-LHHS-FY2027-PB,Labor-HHS-Education,2027,President's Budget,PREX 2.8:2027/APP,N/A,https://www.govinfo.gov/content/pkg/BUDGET-2027-APP/pdf/BUDGET-2027-APP.pdf,N/A,Labor-HHS-Education-2027-President's Budget
