canonical_account_id,fiscal_year,proposed_stage,amount,amount_as_printed,source_document_id,source_page,label_as_printed,extraction_method,why_held
ACC-HHS-AHA-TOTAL,2025,Enacted,0,---,SRC-CRPT-119HRPT271,334,"Administration for a Healthy America, Discretionary 1/",AI-extracted,"H.Rept. 119-271 defines this column as 'FY 2025 Operating Plans and other available information' (p.319 text; p.320 table footnote *), not the CR level; the column prints '---' for many lines it regroups as 'Other ...'. The vehicle is confirmed: P.L. 119-4 sec. 1101(a)(8) continues the FY2024 LHHS Act (division D of P.L. 118-47) at FY2024 levels."
ACC-HHS-AHA-TOTAL,2025,Enacted,0,---,SRC-CRPT-119HRPT271,334,"Total, Administration for a Healthy America",AI-extracted,"H.Rept. 119-271 defines this column as 'FY 2025 Operating Plans and other available information' (p.319 text; p.320 table footnote *), not the CR level; the column prints '---' for many lines it regroups as 'Other ...'. The vehicle is confirmed: P.L. 119-4 sec. 1101(a)(8) continues the FY2024 LHHS Act (division D of P.L. 118-47) at FY2024 levels."
ACC-HHS-HRSA-HEALTH-CENTERS,2025,Enacted,1857772000,"1,857,772",SRC-CRPT-119HRPT271,334,Health Centers,AI-extracted,"H.Rept. 119-271 defines this column as 'FY 2025 Operating Plans and other available information' (p.319 text; p.320 table footnote *), not the CR level; the column prints '---' for many lines it regroups as 'Other ...'. The vehicle is confirmed: P.L. 119-4 sec. 1101(a)(8) continues the FY2024 LHHS Act (division D of P.L. 118-47) at FY2024 levels."
ACC-HHS-HRSA-PRIMARY-CARE,2025,Enacted,1858772000,"1,858,772",SRC-CRPT-119HRPT271,334,"Total, Primary Health Care",AI-extracted,"H.Rept. 119-271 defines this column as 'FY 2025 Operating Plans and other available information' (p.319 text; p.320 table footnote *), not the CR level; the column prints '---' for many lines it regroups as 'Other ...'. The vehicle is confirmed: P.L. 119-4 sec. 1101(a)(8) continues the FY2024 LHHS Act (division D of P.L. 118-47) at FY2024 levels."
ACC-HHS-HRSA-VICTF,2025,Enacted,281927000,"281,927",SRC-CRPT-119HRPT271,340,"Total, Vaccine Injury Compensation Trust Fund",AI-extracted,"H.Rept. 119-271 defines this column as 'FY 2025 Operating Plans and other available information' (p.319 text; p.320 table footnote *), not the CR level; the column prints '---' for many lines it regroups as 'Other ...'. The vehicle is confirmed: P.L. 119-4 sec. 1101(a)(8) continues the FY2024 LHHS Act (division D of P.L. 118-47) at FY2024 levels."
ACC-HHS-HRSA-TOTAL,2025,Enacted,8286229000,"8,286,229",SRC-CRPT-119HRPT271,340,"Total, Health Resources and Services Administration",AI-extracted,"H.Rept. 119-271 defines this column as 'FY 2025 Operating Plans and other available information' (p.319 text; p.320 table footnote *), not the CR level; the column prints '---' for many lines it regroups as 'Other ...'. The vehicle is confirmed: P.L. 119-4 sec. 1101(a)(8) continues the FY2024 LHHS Act (division D of P.L. 118-47) at FY2024 levels."
ACC-HHS-CDC-TOTAL,2025,Enacted,7992946000,"7,992,946",SRC-CRPT-119HRPT271,342,"Total, Centers for Disease Control and Prevention",AI-extracted,"H.Rept. 119-271 defines this column as 'FY 2025 Operating Plans and other available information' (p.319 text; p.320 table footnote *), not the CR level; the column prints '---' for many lines it regroups as 'Other ...'. The vehicle is confirmed: P.L. 119-4 sec. 1101(a)(8) continues the FY2024 LHHS Act (division D of P.L. 118-47) at FY2024 levels."
ACC-HHS-NIH-NCI,2025,Enacted,7224159000,"7,224,159",SRC-CRPT-119HRPT271,343,National Cancer Institute (NCI),AI-extracted,"H.Rept. 119-271 defines this column as 'FY 2025 Operating Plans and other available information' (p.319 text; p.320 table footnote *), not the CR level; the column prints '---' for many lines it regroups as 'Other ...'. The vehicle is confirmed: P.L. 119-4 sec. 1101(a)(8) continues the FY2024 LHHS Act (division D of P.L. 118-47) at FY2024 levels."
ACC-HHS-NIH-TOTAL,2025,Enacted,46888518000,"46,888,518",SRC-CRPT-119HRPT271,345,"Total, National Institutes of Health (with CURES Act funding)",AI-extracted,"H.Rept. 119-271 defines this column as 'FY 2025 Operating Plans and other available information' (p.319 text; p.320 table footnote *), not the CR level; the column prints '---' for many lines it regroups as 'Other ...'. The vehicle is confirmed: P.L. 119-4 sec. 1101(a)(8) continues the FY2024 LHHS Act (division D of P.L. 118-47) at FY2024 levels."
ACC-HHS-SAMHSA-TOTAL,2025,Enacted,7228639000,"7,228,639",SRC-CRPT-119HRPT271,348,"Total, SAMHSA",AI-extracted,"H.Rept. 119-271 defines this column as 'FY 2025 Operating Plans and other available information' (p.319 text; p.320 table footnote *), not the CR level; the column prints '---' for many lines it regroups as 'Other ...'. The vehicle is confirmed: P.L. 119-4 sec. 1101(a)(8) continues the FY2024 LHHS Act (division D of P.L. 118-47) at FY2024 levels."
ACC-HHS-AHRQ-TOTAL,2025,Enacted,369000000,"369,000",SRC-CRPT-119HRPT271,349,"Total, AHRQ",AI-extracted,"H.Rept. 119-271 defines this column as 'FY 2025 Operating Plans and other available information' (p.319 text; p.320 table footnote *), not the CR level; the column prints '---' for many lines it regroups as 'Other ...'. The vehicle is confirmed: P.L. 119-4 sec. 1101(a)(8) continues the FY2024 LHHS Act (division D of P.L. 118-47) at FY2024 levels."
ACC-HHS-CMS-MEDICAID,2025,Enacted,383609399000,"383,609,399",SRC-CRPT-119HRPT271,350,"Total, Grants to States for Medicaid",AI-extracted,"H.Rept. 119-271 defines this column as 'FY 2025 Operating Plans and other available information' (p.319 text; p.320 table footnote *), not the CR level; the column prints '---' for many lines it regroups as 'Other ...'. The vehicle is confirmed: P.L. 119-4 sec. 1101(a)(8) continues the FY2024 LHHS Act (division D of P.L. 118-47) at FY2024 levels."
ACC-HHS-CMS-TRUST-FUND-PAYMENTS,2025,Enacted,521757000000,"521,757,000",SRC-CRPT-119HRPT271,350,"Total, Payments to Health Care Trust Funds",AI-extracted,"H.Rept. 119-271 defines this column as 'FY 2025 Operating Plans and other available information' (p.319 text; p.320 table footnote *), not the CR level; the column prints '---' for many lines it regroups as 'Other ...'. The vehicle is confirmed: P.L. 119-4 sec. 1101(a)(8) continues the FY2024 LHHS Act (division D of P.L. 118-47) at FY2024 levels."
ACC-HHS-CMS-PROGRAM-MANAGEMENT,2025,Enacted,3669744000,"3,669,744",SRC-CRPT-119HRPT271,351,"Total, Program Management",AI-extracted,"H.Rept. 119-271 defines this column as 'FY 2025 Operating Plans and other available information' (p.319 text; p.320 table footnote *), not the CR level; the column prints '---' for many lines it regroups as 'Other ...'. The vehicle is confirmed: P.L. 119-4 sec. 1101(a)(8) continues the FY2024 LHHS Act (division D of P.L. 118-47) at FY2024 levels."
ACC-HHS-CMS-TOTAL,2025,Enacted,1171040963000,"1,171,040,963",SRC-CRPT-119HRPT271,351,"Total, Centers for Medicare & Medicaid Services",AI-extracted,"H.Rept. 119-271 defines this column as 'FY 2025 Operating Plans and other available information' (p.319 text; p.320 table footnote *), not the CR level; the column prints '---' for many lines it regroups as 'Other ...'. The vehicle is confirmed: P.L. 119-4 sec. 1101(a)(8) continues the FY2024 LHHS Act (division D of P.L. 118-47) at FY2024 levels."
ACC-HHS-ACF-LIHEAP,2025,Enacted,4025000000,"4,025,000",SRC-CRPT-119HRPT271,353,Formula Grants,AI-extracted,"H.Rept. 119-271 defines this column as 'FY 2025 Operating Plans and other available information' (p.319 text; p.320 table footnote *), not the CR level; the column prints '---' for many lines it regroups as 'Other ...'. The vehicle is confirmed: P.L. 119-4 sec. 1101(a)(8) continues the FY2024 LHHS Act (division D of P.L. 118-47) at FY2024 levels."
ACC-HHS-ACF-HEAD-START,2025,Enacted,12271820000,"12,271,820",SRC-CRPT-119HRPT271,354,Head Start,AI-extracted,"H.Rept. 119-271 defines this column as 'FY 2025 Operating Plans and other available information' (p.319 text; p.320 table footnote *), not the CR level; the column prints '---' for many lines it regroups as 'Other ...'. The vehicle is confirmed: P.L. 119-4 sec. 1101(a)(8) continues the FY2024 LHHS Act (division D of P.L. 118-47) at FY2024 levels."
ACC-HHS-ACF-TOTAL,2025,Enacted,51897205000,"51,897,205",SRC-CRPT-119HRPT271,356,"Total, Administration for Children and Families",AI-extracted,"H.Rept. 119-271 defines this column as 'FY 2025 Operating Plans and other available information' (p.319 text; p.320 table footnote *), not the CR level; the column prints '---' for many lines it regroups as 'Other ...'. The vehicle is confirmed: P.L. 119-4 sec. 1101(a)(8) continues the FY2024 LHHS Act (division D of P.L. 118-47) at FY2024 levels."
ACC-HHS-ACL-TOTAL,2025,Enacted,2491074000,"2,491,074",SRC-CRPT-119HRPT271,360,"Total, Administration for Community Living",AI-extracted,"H.Rept. 119-271 defines this column as 'FY 2025 Operating Plans and other available information' (p.319 text; p.320 table footnote *), not the CR level; the column prints '---' for many lines it regroups as 'Other ...'. The vehicle is confirmed: P.L. 119-4 sec. 1101(a)(8) continues the FY2024 LHHS Act (division D of P.L. 118-47) at FY2024 levels."
ACC-HHS-ASPR-TOTAL,2025,Enacted,3634606000,"3,634,606",SRC-CRPT-119HRPT271,361,"Total, Administration for Strategic Preparedness and Response",AI-extracted,"H.Rept. 119-271 defines this column as 'FY 2025 Operating Plans and other available information' (p.319 text; p.320 table footnote *), not the CR level; the column prints '---' for many lines it regroups as 'Other ...'. The vehicle is confirmed: P.L. 119-4 sec. 1101(a)(8) continues the FY2024 LHHS Act (division D of P.L. 118-47) at FY2024 levels."
ACC-HHS-OS-TOTAL,2025,Enacted,1863720000,"1,863,720",SRC-CRPT-119HRPT271,365,"Total, Office of the Secretary",AI-extracted,"H.Rept. 119-271 defines this column as 'FY 2025 Operating Plans and other available information' (p.319 text; p.320 table footnote *), not the CR level; the column prints '---' for many lines it regroups as 'Other ...'. The vehicle is confirmed: P.L. 119-4 sec. 1101(a)(8) continues the FY2024 LHHS Act (division D of P.L. 118-47) at FY2024 levels."
ACC-HHS-TITLE-II-TOTAL,2025,Enacted,1300549900000,"1,300,549,900",SRC-CRPT-119HRPT271,365,"Total, Title II, Department of Health and Human Services",AI-extracted,"H.Rept. 119-271 defines this column as 'FY 2025 Operating Plans and other available information' (p.319 text; p.320 table footnote *), not the CR level; the column prints '---' for many lines it regroups as 'Other ...'. The vehicle is confirmed: P.L. 119-4 sec. 1101(a)(8) continues the FY2024 LHHS Act (division D of P.L. 118-47) at FY2024 levels."
