canonical_account_id,our_name,our_enacted,xml_heading,xml_first_amount,result
ACC-HHS-ACF-HEAD-START,Head Start,12356820000,,,no heading of that name in Title II
ACC-HHS-ACF-LIHEAP,Low Income Home Energy Assistance,4045000000,LOW INCOME HOME ENERGY ASSISTANCE,4045000000,match
ACC-HHS-CMS-MEDICAID,Grants to States for Medicaid,508148791000,GRANTS TO STATES FOR MEDICAID,508148791000,match
ACC-HHS-CMS-PROGRAM-MANAGEMENT,Program Management,3669744000,PROGRAM MANAGEMENT,3669744000,match
ACC-HHS-CMS-TRUST-FUND-PAYMENTS,Payments to the Health Care Trust Funds,593817000000,PAYMENTS TO THE HEALTH CARE TRUST FUNDS,593817000000,match
ACC-HHS-GP-MEDICARE-LIMITATION,Limitation for Title XVIII of the Social Security Act,2000000,,,no heading of that name in Title II
ACC-HHS-GP-MEDICARE-OPERATIONS,Medicare Operations (Title II general provision),455000000,,,no heading of that name in Title II
ACC-HHS-HRSA-HEALTH-CENTERS,Health Centers,1857772000,,,no heading of that name in Title II
ACC-HHS-HRSA-PRIMARY-CARE,Primary Health Care,1858772000,PRIMARY HEALTH CARE,1858772000,match
ACC-HHS-HRSA-VICTF,Vaccine Injury Compensation Program Trust Fund,287262000,VACCINE INJURY COMPENSATION PROGRAM TRUST FUND,15200000,differs
ACC-HHS-NIH-NCI,National Cancer Institute,7352159000,NATIONAL CANCER INSTITUTE,7352159000,match
ACC-HHS-NIH-CURES,"NIH Innovation Account, CURES Act",226000000,"NIH INNOVATION ACCOUNT, CURES ACT",226000000,match
ACC-HHS-ACF-CCDBG,Payments to States for the Child Care and Development Block Grant,8831387000,PAYMENTS TO STATES FOR THE CHILD CARE AND DEVELOPMENT BLOCK GRANT,8831387000,match
ACC-HHS-ACF-CFSP,Children and Families Services Programs,14923390000,CHILDREN AND FAMILIES SERVICES PROGRAMS,14923390000,match
ACC-HHS-ACF-CHILD-SUPPORT,Payments to States for Child Support Enforcement and Family Support Programs,5947000000,PAYMENTS TO STATES FOR CHILD SUPPORT ENFORCEMENT AND FAMILY SUPPORT PROGRAMS,4147000000,differs
ACC-HHS-ACF-FOSTER-CARE,Payments for Foster Care and Permanency,10643000000,PAYMENTS FOR FOSTER CARE AND PERMANENCY,6843000000,differs
ACC-HHS-ACF-PSSF,Promoting Safe and Stable Families,482515000,PROMOTING SAFE AND STABLE FAMILIES,420000000,differs
ACC-HHS-ACF-REFUGEE,Refugee and Entrant Assistance,5163956000,REFUGEE AND ENTRANT ASSISTANCE,5163956000,match
ACC-HHS-ACF-SSBG,Social Services Block Grant,1700000000,SOCIAL SERVICES BLOCK GRANT,1700000000,match
ACC-HHS-ASPR-OPER,"Operations, Preparedness, and Emergency Response",484606000,"OPERATIONS, PREPAREDNESS, AND EMERGENCY RESPONSE",484606000,match
ACC-HHS-ASPR-RDP,"Research, Development, and Procurement",3207991000,"RESEARCH, DEVELOPMENT, AND PROCUREMENT",3207991000,match
ACC-HHS-CDC-BIRTH-DEFECTS,"Birth Defects, Developmental Disabilities, Disabilities and Health",205060000,"BIRTH DEFECTS, DEVELOPMENTAL DISABILITIES, DISABILITIES AND HEALTH",205060000,match
ACC-HHS-CDC-BUILDINGS-FACILITIES,Buildings and Facilities,40000000,BUILDINGS AND FACILITIES,40000000,match
ACC-HHS-CDC-CHRONIC-DISEASE,Chronic Disease Prevention and Health Promotion,983830000,CHRONIC DISEASE PREVENTION AND HEALTH PROMOTION,983830000,match
ACC-HHS-CDC-EEOICP,Energy Employees Occupational Illness Compensation Program,55358000,ENERGY EMPLOYEES OCCUPATIONAL ILLNESS COMPENSATION PROGRAM,55358000,match
ACC-HHS-CDC-EMERGING-ZOONOTIC,Emerging and Zoonotic Infectious Diseases,729272000,EMERGING AND ZOONOTIC INFECTIOUS DISEASES,729272000,match
ACC-HHS-CDC-ENVIRONMENTAL-HEALTH,Environmental Health,191850000,ENVIRONMENTAL HEALTH,,no $ in paragraph
ACC-HHS-CDC-GLOBAL-HEALTH,Global Health,692843000,GLOBAL HEALTH,692843000,match
ACC-HHS-CDC-HIV-HEPATITIS-STD-TB,"HIV/AIDS, Viral Hepatitis, Sexually Transmitted Diseases, and Tuberculosis Prevention",1384056000,"HIV/AIDS, VIRAL HEPATITIS, SEXUALLY TRANSMITTED DISEASES, AND TUBERCULOSIS PREVENTION",1384056000,match
ACC-HHS-CDC-IMMUNIZATION,Immunization and Respiratory Diseases,316901000,IMMUNIZATION AND RESPIRATORY DISEASES,316901000,match
ACC-HHS-CDC-INJURY-PREVENTION,Injury Prevention and Control,761379000,INJURY PREVENTION AND CONTROL,761379000,match
ACC-HHS-CDC-NIOSH,National Institute for Occupational Safety and Health,366800000,NATIONAL INSTITUTE FOR OCCUPATIONAL SAFETY AND HEALTH,366800000,match
ACC-HHS-CDC-PREPAREDNESS,Public Health Preparedness and Response,913200000,PUBLIC HEALTH PREPAREDNESS AND RESPONSE,913200000,match
ACC-HHS-CDC-PROGRAM-SUPPORT,CDC-Wide Activities and Program Support,396570000,CDC-WIDE ACTIVITIES AND PROGRAM SUPPORT,396570000,match
ACC-HHS-CDC-SCIENTIFIC-SERVICES,Public Health Scientific Services,724553000,PUBLIC HEALTH SCIENTIFIC SERVICES,724553000,match
ACC-HHS-CMS-HCFAC,Health Care Fraud and Abuse Control Account,941000000,HEALTH CARE FRAUD AND ABUSE CONTROL ACCOUNT,941000000,match
ACC-HHS-HRSA-FAMILY-PLANNING,Family Planning,286479000,FAMILY PLANNING,286479000,match
ACC-HHS-HRSA-HEALTH-SYSTEMS,Health Systems,127009000,HEALTH SYSTEMS,127009000,match
ACC-HHS-HRSA-HEALTH-WORKFORCE,Health Workforce,1413776000,HEALTH WORKFORCE,1413776000,match
ACC-HHS-HRSA-MCH,Maternal and Child Health,1181680000,MATERNAL AND CHILD HEALTH,1181680000,match
ACC-HHS-HRSA-PROGRAM-SUPPORT,HRSA-Wide Activities and Program Support,1076181000,HRSA-WIDE ACTIVITIES AND PROGRAM SUPPORT,1076181000,match
ACC-HHS-HRSA-RURAL-HEALTH,Rural Health,417907000,RURAL HEALTH,392907000,differs
ACC-HHS-HRSA-RYAN-WHITE,Ryan White HIV/AIDS Program,2571041000,RYAN WHITE HIV/AIDS PROGRAM,2571041000,match
ACC-HHS-NIH-ARPA-H,Advanced Research Projects Agency for Health,1500000000,ADVANCED RESEARCH PROJECTS AGENCY FOR HEALTH,1500000000,match
ACC-HHS-NIH-BUILDINGS-FACILITIES,Buildings and Facilities,350000000,BUILDINGS AND FACILITIES,40000000,differs
ACC-HHS-NIH-FIC,John E. Fogarty International Center,95162000,JOHN E. FOGARTY INTERNATIONAL CENTER,95162000,match
ACC-HHS-NIH-NCATS,National Center for Advancing Translational Sciences,942323000,NATIONAL CENTER FOR ADVANCING TRANSLATIONAL SCIENCES,942323000,match
ACC-HHS-NIH-NCCIH,National Center for Complementary and Integrative Health,170384000,NATIONAL CENTER FOR COMPLEMENTARY AND INTEGRATIVE HEALTH,170384000,match
ACC-HHS-NIH-NEI,National Eye Institute,896549000,NATIONAL EYE INSTITUTE,896549000,match
ACC-HHS-NIH-NHGRI,National Human Genome Research Institute,663200000,NATIONAL HUMAN GENOME RESEARCH INSTITUTE,663200000,match
ACC-HHS-NIH-NHLBI,"National Heart, Lung, and Blood Institute",3990345000,"NATIONAL HEART, LUNG, AND BLOOD INSTITUTE",3990345000,match
ACC-HHS-NIH-NIA,National Institute on Aging,4517623000,NATIONAL INSTITUTE ON AGING,4517623000,match
ACC-HHS-NIH-NIAAA,National Institute on Alcohol Abuse and Alcoholism,595318000,NATIONAL INSTITUTE ON ALCOHOL ABUSE AND ALCOHOLISM,595318000,match
ACC-HHS-NIH-NIAID,National Institute of Allergy and Infectious Diseases,6585279000,NATIONAL INSTITUTE OF ALLERGY AND INFECTIOUS DISEASES,6585279000,match
ACC-HHS-NIH-NIAMS,National Institute of Arthritis and Musculoskeletal and Skin Diseases,685465000,NATIONAL INSTITUTE OF ARTHRITIS AND MUSCULOSKELETAL AND SKIN DISEASES,685465000,match
ACC-HHS-NIH-NIBIB,National Institute of Biomedical Imaging and Bioengineering,440627000,NATIONAL INSTITUTE OF BIOMEDICAL IMAGING AND BIOENGINEERING,440627000,match
ACC-HHS-NIH-NICHD,Eunice Kennedy Shriver National Institute of Child Health and Human Development,1769078000,EUNICE KENNEDY SHRIVER NATIONAL INSTITUTE OF CHILD HEALTH AND HUMAN DEVELOPMENT,1769078000,match
ACC-HHS-NIH-NIDA,National Institute on Drug Abuse,1662695000,NATIONAL INSTITUTE ON DRUG ABUSE,1662695000,match
ACC-HHS-NIH-NIDCD,National Institute on Deafness and Other Communication Disorders,534333000,NATIONAL INSTITUTE ON DEAFNESS AND OTHER COMMUNICATION DISORDERS,534333000,match
ACC-HHS-NIH-NIDCR,National Institute of Dental and Craniofacial Research,525163000,NATIONAL INSTITUTE OF DENTAL AND CRANIOFACIAL RESEARCH,525163000,match
ACC-HHS-NIH-NIDDK,National Institute of Diabetes and Digestive and Kidney Diseases,2326721000,NATIONAL INSTITUTE OF DIABETES AND DIGESTIVE AND KIDNEY DISEASES,2326721000,match
ACC-HHS-NIH-NIEHS,National Institute of Environmental Health Sciences,913979000,NATIONAL INSTITUTE OF ENVIRONMENTAL HEALTH SCIENCES,913979000,match
ACC-HHS-NIH-NIGMS,National Institute of General Medical Sciences,1842197000,NATIONAL INSTITUTE OF GENERAL MEDICAL SCIENCES,3269679000,differs
ACC-HHS-NIH-NIMH,National Institute of Mental Health,2189843000,NATIONAL INSTITUTE OF MENTAL HEALTH,2189843000,match
ACC-HHS-NIH-NIMHD,National Institute on Minority Health and Health Disparities,538395000,NATIONAL INSTITUTE ON MINORITY HEALTH AND HEALTH DISPARITIES,538395000,match
ACC-HHS-NIH-NINDS,National Institute of Neurological Disorders and Stroke,2804925000,NATIONAL INSTITUTE OF NEUROLOGICAL DISORDERS AND STROKE,2804925000,match
ACC-HHS-NIH-NINR,National Institute of Nursing Research,197693000,NATIONAL INSTITUTE OF NURSING RESEARCH,197693000,match
ACC-HHS-NIH-NLM,National Library of Medicine,497548000,NATIONAL LIBRARY OF MEDICINE,497548000,match
ACC-HHS-NIH-OD,Office of the Director,2475514000,OFFICE OF THE DIRECTOR,2462914000,differs
ACC-HHS-OS-COMMISSIONED-OFFICERS,Retirement Pay and Medical Benefits for Commissioned Officers,947182000,RETIREMENT PAY AND MEDICAL BENEFITS FOR COMMISSIONED OFFICERS,,no $ in paragraph
ACC-HHS-OS-GDM,General Departmental Management,625136000,GENERAL DEPARTMENTAL MANAGEMENT,509144000,differs
ACC-HHS-OS-OCR,Office for Civil Rights,39798000,OFFICE FOR CIVIL RIGHTS,39798000,match
ACC-HHS-OS-OIG,Office of Inspector General,87000000,OFFICE OF INSPECTOR GENERAL,87000000,match
ACC-HHS-OS-OMHA,Medicare Hearings and Appeals,186155000,MEDICARE HEARINGS AND APPEALS,186155000,match
ACC-HHS-OS-ONC,Office of the National Coordinator for Health Information Technology,33375000,OFFICE OF THE NATIONAL COORDINATOR FOR HEALTH INFORMATION TECHNOLOGY,69238000,differs
ACC-HHS-SAMHSA-MENTAL-HEALTH,Mental Health,2790407000,MENTAL HEALTH,2790407000,match
ACC-HHS-SAMHSA-PREVENTION,Substance Abuse Prevention,240879000,SUBSTANCE ABUSE PREVENTION,240879000,match
ACC-HHS-SAMHSA-PROGRAM-SUPPORT,Health Surveillance and Program Support,117255000,HEALTH SURVEILLANCE AND PROGRAM SUPPORT,171566000,differs
ACC-HHS-SAMHSA-TREATMENT,Substance Abuse Treatment,4091098000,SUBSTANCE ABUSE TREATMENT,4091098000,match
